{"mean":{"confidence_interval":{"confidence_level":0.95,"lower_bound":284260.27545510425,"upper_bound":285802.1806284299},"point_estimate":284923.0124657397,"standard_error":396.4410251121821},"median":{"confidence_interval":{"confidence_level":0.95,"lower_bound":284287.1494771006,"upper_bound":284890.2083333333},"point_estimate":284680.25128215563,"standard_error":145.49376342892702},"median_abs_dev":{"confidence_interval":{"confidence_level":0.95,"lower_bound":896.1638149064333,"upper_bound":1541.6393748253854},"point_estimate":1238.5389514625922,"standard_error":161.51971879721825},"slope":{"confidence_interval":{"confidence_level":0.95,"lower_bound":284381.9794193775,"upper_bound":284895.6770699451},"point_estimate":284629.27355253435,"standard_error":130.6877654630079},"std_dev":{"confidence_interval":{"confidence_level":0.95,"lower_bound":1579.6043224541058,"upper_bound":6355.1834444551705},"point_estimate":3990.6017467136107,"standard_error":1430.199175323244}}