{"mean":{"confidence_interval":{"confidence_level":0.95,"lower_bound":191205845.6666667,"upper_bound":191965231.54583335},"point_estimate":191573394.3,"standard_error":194415.3518880794},"median":{"confidence_interval":{"confidence_level":0.95,"lower_bound":191043942.33333334,"upper_bound":192111015.33333334},"point_estimate":191449164.6666667,"standard_error":279245.2595646007},"median_abs_dev":{"confidence_interval":{"confidence_level":0.95,"lower_bound":154153.57936323425,"upper_bound":1069670.1826095434},"point_estimate":739845.3091651128,"standard_error":236876.07109500022},"slope":null,"std_dev":{"confidence_interval":{"confidence_level":0.95,"lower_bound":366274.18405909085,"upper_bound":822522.445530212},"point_estimate":649471.2118331001,"standard_error":118919.4470014289}}