{"mean":{"confidence_interval":{"confidence_level":0.95,"lower_bound":264915825.65,"upper_bound":268539580.2025},"point_estimate":266581046.55,"standard_error":928394.3430669069},"median":{"confidence_interval":{"confidence_level":0.95,"lower_bound":264755325.0,"upper_bound":267573694.75},"point_estimate":266474306.0,"standard_error":837717.264061277},"median_abs_dev":{"confidence_interval":{"confidence_level":0.95,"lower_bound":401408.0124735832,"upper_bound":4336963.341553509},"point_estimate":1935043.8956961036,"standard_error":971805.6212311875},"slope":null,"std_dev":{"confidence_interval":{"confidence_level":0.95,"lower_bound":1101160.6552022633,"upper_bound":4406070.05546621},"point_estimate":3091566.654263628,"standard_error":924063.6169191158}}