{"mean":{"confidence_interval":{"confidence_level":0.95,"lower_bound":24929814.721666668,"upper_bound":25148245.284208335},"point_estimate":25045201.136875004,"standard_error":56055.030411098676},"median":{"confidence_interval":{"confidence_level":0.95,"lower_bound":24913509.979166664,"upper_bound":25192931.291666664},"point_estimate":25064530.321875,"standard_error":57008.40435814244},"median_abs_dev":{"confidence_interval":{"confidence_level":0.95,"lower_bound":30404.65988270883,"upper_bound":333317.0326649442},"point_estimate":109887.73248722813,"standard_error":77941.259767696},"slope":{"confidence_interval":{"confidence_level":0.95,"lower_bound":25045395.47303207,"upper_bound":25175922.71962617},"point_estimate":25104103.794805195,"standard_error":33109.164604197234},"std_dev":{"confidence_interval":{"confidence_level":0.95,"lower_bound":83302.97795990513,"upper_bound":241570.22457283796},"point_estimate":186055.2204741201,"standard_error":41302.78378266535}}