{"mean":{"confidence_interval":{"confidence_level":0.95,"lower_bound":2201692.1013756613,"upper_bound":2224731.7567989416},"point_estimate":2212414.490648148,"standard_error":5945.815372855054},"median":{"confidence_interval":{"confidence_level":0.95,"lower_bound":2198279.997354497,"upper_bound":2227013.9964285716},"point_estimate":2200610.2011904763,"standard_error":8382.167908946845},"median_abs_dev":{"confidence_interval":{"confidence_level":0.95,"lower_bound":946.6690095822712,"upper_bound":32004.334069309916},"point_estimate":4544.965816810865,"standard_error":8871.70006251782},"slope":{"confidence_interval":{"confidence_level":0.95,"lower_bound":2198431.8255320913,"upper_bound":2232701.8176811677},"point_estimate":2214806.04873222,"standard_error":9364.720549604346},"std_dev":{"confidence_interval":{"confidence_level":0.95,"lower_bound":6090.353697702437,"upper_bound":24254.580859723806},"point_estimate":19835.74965781316,"standard_error":4324.435498549902}}