{"mean":{"confidence_interval":{"confidence_level":0.95,"lower_bound":3387912.432183333,"upper_bound":3394907.9623},"point_estimate":3391454.595999999,"standard_error":1784.8167564529394},"median":{"confidence_interval":{"confidence_level":0.95,"lower_bound":3393174.4,"upper_bound":3398657.933333333},"point_estimate":3395787.9333333336,"standard_error":1312.5849230017661},"median_abs_dev":{"confidence_interval":{"confidence_level":0.95,"lower_bound":13164.54878628293,"upper_bound":24402.2612267734},"point_estimate":19620.579791664593,"standard_error":2857.2602222590745},"slope":null,"std_dev":{"confidence_interval":{"confidence_level":0.95,"lower_bound":16103.931604022333,"upper_bound":19481.097587385146},"point_estimate":17961.67210035087,"standard_error":858.1544083876273}}