{"mean":{"confidence_interval":{"confidence_level":0.95,"lower_bound":11324455.043870537,"upper_bound":11359222.656101191},"point_estimate":11343204.413640874,"standard_error":8936.547752171662},"median":{"confidence_interval":{"confidence_level":0.95,"lower_bound":11326921.920138888,"upper_bound":11368325.785714285},"point_estimate":11348119.875,"standard_error":9118.047297641968},"median_abs_dev":{"confidence_interval":{"confidence_level":0.95,"lower_bound":5744.139006771699,"upper_bound":45834.93618709993},"point_estimate":26126.17155491754,"standard_error":11202.91357928533},"slope":{"confidence_interval":{"confidence_level":0.95,"lower_bound":11328340.587744948,"upper_bound":11359537.763325363},"point_estimate":11343446.866883118,"standard_error":8047.006291459898},"std_dev":{"confidence_interval":{"confidence_level":0.95,"lower_bound":12465.527960221008,"upper_bound":39630.139481946455},"point_estimate":29647.071315375662,"standard_error":7393.771637456923}}