{"mean":{"confidence_interval":{"confidence_level":0.95,"lower_bound":265690884.4,"upper_bound":268202303.25375},"point_estimate":266685760.05,"standard_error":682741.901897009},"median":{"confidence_interval":{"confidence_level":0.95,"lower_bound":265606131.75,"upper_bound":266804217.0},"point_estimate":266025858.5,"standard_error":319055.07320999226},"median_abs_dev":{"confidence_interval":{"confidence_level":0.95,"lower_bound":126459.4767048955,"upper_bound":1685234.32508111},"point_estimate":694980.598461628,"standard_error":434131.01046321366},"slope":null,"std_dev":{"confidence_interval":{"confidence_level":0.95,"lower_bound":423731.23054193275,"upper_bound":3436381.9255474443},"point_estimate":2269655.9233421315,"standard_error":984484.1665791251}}