{"mean":{"confidence_interval":{"confidence_level":0.95,"lower_bound":185406215.8216667,"upper_bound":187040928.80083334},"point_estimate":186205556.9666667,"standard_error":420056.00507469766},"median":{"confidence_interval":{"confidence_level":0.95,"lower_bound":184927238.66666666,"upper_bound":187644359.33333334},"point_estimate":185708391.83333334,"standard_error":734585.6357290747},"median_abs_dev":{"confidence_interval":{"confidence_level":0.95,"lower_bound":224765.12120962143,"upper_bound":2286899.834099427},"point_estimate":1597409.7975403366,"standard_error":538801.7667225564},"slope":null,"std_dev":{"confidence_interval":{"confidence_level":0.95,"lower_bound":873441.9601878098,"upper_bound":1630634.967029811},"point_estimate":1401213.6438388862,"standard_error":195181.0230595749}}