{"mean":{"confidence_interval":{"confidence_level":0.95,"lower_bound":343032.7226771988,"upper_bound":343683.10673925816},"point_estimate":343357.14904105593,"standard_error":166.3257921857001},"median":{"confidence_interval":{"confidence_level":0.95,"lower_bound":342814.1666666667,"upper_bound":344093.10238634225},"point_estimate":343322.4046774738,"standard_error":397.5494647971276},"median_abs_dev":{"confidence_interval":{"confidence_level":0.95,"lower_bound":1550.7327817168155,"upper_bound":2251.395952617398},"point_estimate":1964.988585114482,"standard_error":171.81649351718457},"slope":{"confidence_interval":{"confidence_level":0.95,"lower_bound":343193.75378119154,"upper_bound":343936.78772640374},"point_estimate":343561.97511551157,"standard_error":189.42509850392983},"std_dev":{"confidence_interval":{"confidence_level":0.95,"lower_bound":1475.1104466707063,"upper_bound":1858.9595345821072},"point_estimate":1675.7443090281954,"standard_error":98.3904143071136}}