{"mean":{"confidence_interval":{"confidence_level":0.95,"lower_bound":-0.08801578514821767,"upper_bound":-0.07830038998787646},"point_estimate":-0.08220133458809331,"standard_error":0.0025745441541881464},"median":{"confidence_interval":{"confidence_level":0.95,"lower_bound":-0.0798739683558618,"upper_bound":-0.07557050398322074},"point_estimate":-0.07763292500779617,"standard_error":0.0011190451327117979}}