{"mean":{"confidence_interval":{"confidence_level":0.95,"lower_bound":-0.061564789987442026,"upper_bound":-0.044027658883588665},"point_estimate":-0.05409812390621693,"standard_error":0.004712149758827884},"median":{"confidence_interval":{"confidence_level":0.95,"lower_bound":-0.06508037459052696,"upper_bound":-0.060313419176019956},"point_estimate":-0.06336677910572353,"standard_error":0.0013339827743462345}}