{"mean":{"confidence_interval":{"confidence_level":0.95,"lower_bound":-0.0741964743608658,"upper_bound":-0.06937754876361574},"point_estimate":-0.07184327472691099,"standard_error":0.0012335829222616228},"median":{"confidence_interval":{"confidence_level":0.95,"lower_bound":-0.07275282676079253,"upper_bound":-0.0691722649597254},"point_estimate":-0.0706565911915007,"standard_error":0.000859595191289635}}