{"mean":{"confidence_interval":{"confidence_level":0.95,"lower_bound":-0.0793927328701782,"upper_bound":-0.0734520901083377},"point_estimate":-0.07624225249710881,"standard_error":0.0015181480436430126},"median":{"confidence_interval":{"confidence_level":0.95,"lower_bound":-0.07601642183972268,"upper_bound":-0.07316051427523451},"point_estimate":-0.07438612204041584,"standard_error":0.0006844391138871606}}