{"mean":{"confidence_interval":{"confidence_level":0.95,"lower_bound":-0.03517405271660734,"upper_bound":-0.02869052919876302},"point_estimate":-0.031650864894041564,"standard_error":0.0016432035835227687},"median":{"confidence_interval":{"confidence_level":0.95,"lower_bound":-0.032393786207627784,"upper_bound":-0.029585878253703513},"point_estimate":-0.030944766128459977,"standard_error":0.0006754216004865861}}