{"mean":{"confidence_interval":{"confidence_level":0.95,"lower_bound":-0.03360253540895552,"upper_bound":-0.028986681461940198},"point_estimate":-0.03156971001024289,"standard_error":0.0011884554867392112},"median":{"confidence_interval":{"confidence_level":0.95,"lower_bound":-0.03421667508898851,"upper_bound":-0.03085746701202992},"point_estimate":-0.032946741346656094,"standard_error":0.000877578444912114}}