{"mean":{"confidence_interval":{"confidence_level":0.95,"lower_bound":-0.03940069661068054,"upper_bound":-0.027536946525675107},"point_estimate":-0.03344350315628419,"standard_error":0.002973454730144659},"median":{"confidence_interval":{"confidence_level":0.95,"lower_bound":-0.03922602974734468,"upper_bound":-0.036004985535274314},"point_estimate":-0.037537926533487975,"standard_error":0.0008385054994631878}}