{"mean":{"confidence_interval":{"confidence_level":0.95,"lower_bound":0.0002140006136576673,"upper_bound":0.008082278413841586},"point_estimate":0.0040101154270362205,"standard_error":0.002015568051705816},"median":{"confidence_interval":{"confidence_level":0.95,"lower_bound":-0.0006972914876317571,"upper_bound":0.009307869269640223},"point_estimate":0.0034342201117472104,"standard_error":0.0025329389861820117}}