{"mean":{"confidence_interval":{"confidence_level":0.95,"lower_bound":0.015709431804372384,"upper_bound":0.03105443931374932},"point_estimate":0.02280235372465378,"standard_error":0.003953694781151369},"median":{"confidence_interval":{"confidence_level":0.95,"lower_bound":0.01601643202736769,"upper_bound":0.028823074249163527},"point_estimate":0.021935196140153268,"standard_error":0.0033920763988664936}}