{"mean":{"confidence_interval":{"confidence_level":0.95,"lower_bound":-0.005619694915273496,"upper_bound":0.0037925427120722704},"point_estimate":-0.0010096016898940574,"standard_error":0.0024221483852998014},"median":{"confidence_interval":{"confidence_level":0.95,"lower_bound":-0.005467592676027366,"upper_bound":0.008298336107269932},"point_estimate":-0.002318113983682202,"standard_error":0.0032543822066533265}}