{"mean":{"confidence_interval":{"confidence_level":0.95,"lower_bound":0.030633430925229698,"upper_bound":0.06507981186986643},"point_estimate":0.04703926385073687,"standard_error":0.008737500622469188},"median":{"confidence_interval":{"confidence_level":0.95,"lower_bound":0.019063357296581707,"upper_bound":0.07436083169759078},"point_estimate":0.045320942881017734,"standard_error":0.017579277719153984}}