{"mean":{"confidence_interval":{"confidence_level":0.95,"lower_bound":0.011814561407608157,"upper_bound":0.02483362279236656},"point_estimate":0.017821623626645744,"standard_error":0.0033320288335893476},"median":{"confidence_interval":{"confidence_level":0.95,"lower_bound":0.007596233713506928,"upper_bound":0.029961615533851127},"point_estimate":0.014850710583955928,"standard_error":0.0059711716061244865}}