{"mean":{"confidence_interval":{"confidence_level":0.95,"lower_bound":276604507.38624996,"upper_bound":278322706.80125004},"point_estimate":277548292.5,"standard_error":444132.4310635621},"median":{"confidence_interval":{"confidence_level":0.95,"lower_bound":276842008.5,"upper_bound":278648747.75},"point_estimate":277980054.5,"standard_error":493320.0466718466},"median_abs_dev":{"confidence_interval":{"confidence_level":0.95,"lower_bound":239680.81824481487,"upper_bound":2200216.9085383415},"point_estimate":1303046.3680163026,"standard_error":477519.56078784185},"slope":null,"std_dev":{"confidence_interval":{"confidence_level":0.95,"lower_bound":619334.3444599072,"upper_bound":2049331.474998667},"point_estimate":1477173.5207272817,"standard_error":413154.6186735208}}