{"mean":{"confidence_interval":{"confidence_level":0.95,"lower_bound":0.005915039777299796,"upper_bound":0.013780676032683825},"point_estimate":0.009601850767459785,"standard_error":0.0020329279947916526},"median":{"confidence_interval":{"confidence_level":0.95,"lower_bound":0.0051255420089857395,"upper_bound":0.012058829241061497},"point_estimate":0.008840358106485091,"standard_error":0.0019243083729315697}}