{"mean":{"confidence_interval":{"confidence_level":0.95,"lower_bound":0.0257927864577315,"upper_bound":0.051453244729437526},"point_estimate":0.03885894116118571,"standard_error":0.006589086805476609},"median":{"confidence_interval":{"confidence_level":0.95,"lower_bound":0.021325408681869273,"upper_bound":0.05930525119445473},"point_estimate":0.04314844331355694,"standard_error":0.01037741935936436}}