{"mean":{"confidence_interval":{"confidence_level":0.95,"lower_bound":5190892.845098214,"upper_bound":5226355.98475733},"point_estimate":5208205.865425485,"standard_error":9071.00498870742},"median":{"confidence_interval":{"confidence_level":0.95,"lower_bound":5185688.0,"upper_bound":5233447.703703703},"point_estimate":5205700.551587301,"standard_error":11885.094525864244},"median_abs_dev":{"confidence_interval":{"confidence_level":0.95,"lower_bound":3324.0523868199793,"upper_bound":51523.6699000871},"point_estimate":30496.365162747847,"standard_error":12177.644236554126},"slope":{"confidence_interval":{"confidence_level":0.95,"lower_bound":5196631.744218323,"upper_bound":5244392.674849268},"point_estimate":5220558.834632034,"standard_error":12904.866262391462},"std_dev":{"confidence_interval":{"confidence_level":0.95,"lower_bound":15743.821386503734,"upper_bound":38426.61305811633},"point_estimate":30279.432519722577,"standard_error":5688.71988060563}}