{"mean":{"confidence_interval":{"confidence_level":0.95,"lower_bound":0.008562064170221406,"upper_bound":0.010893899600706086},"point_estimate":0.009750152192403938,"standard_error":0.0005949491811843816},"median":{"confidence_interval":{"confidence_level":0.95,"lower_bound":0.008275318153007749,"upper_bound":0.011282862881779598},"point_estimate":0.010029899803690512,"standard_error":0.0007758374016105732}}