{"mean":{"confidence_interval":{"confidence_level":0.95,"lower_bound":0.007904181588740384,"upper_bound":0.027487626712025197},"point_estimate":0.017123061145830176,"standard_error":0.005009912269874345},"median":{"confidence_interval":{"confidence_level":0.95,"lower_bound":0.0012259699665404522,"upper_bound":0.02921565601748699},"point_estimate":0.01421267128555237,"standard_error":0.006822352643266985}}