{"mean":{"confidence_interval":{"confidence_level":0.95,"lower_bound":-0.010501289716612737,"upper_bound":0.016110096252612355},"point_estimate":0.002961037509928932,"standard_error":0.006763624650881391},"median":{"confidence_interval":{"confidence_level":0.95,"lower_bound":-0.018834580770927478,"upper_bound":0.02263612505560486},"point_estimate":0.008240822831429684,"standard_error":0.009921921833081661}}