{"mean":{"confidence_interval":{"confidence_level":0.95,"lower_bound":0.0027843278676578215,"upper_bound":0.010109566765266486},"point_estimate":0.006380369791315621,"standard_error":0.0018810745982571688},"median":{"confidence_interval":{"confidence_level":0.95,"lower_bound":0.0015653430973379123,"upper_bound":0.011245560691891088},"point_estimate":0.004405452786626851,"standard_error":0.002253336997404}}