{"mean":{"confidence_interval":{"confidence_level":0.95,"lower_bound":0.07883803128381275,"upper_bound":0.08899131878194616},"point_estimate":0.08413317795799746,"standard_error":0.0025689984118402094},"median":{"confidence_interval":{"confidence_level":0.95,"lower_bound":0.07982079683324206,"upper_bound":0.09075219463076589},"point_estimate":0.08531222637596914,"standard_error":0.0029563032876055023}}