{"mean":{"confidence_interval":{"confidence_level":0.95,"lower_bound":0.018258872911343073,"upper_bound":0.027943295766170148},"point_estimate":0.02333519464742606,"standard_error":0.0024871073005595457},"median":{"confidence_interval":{"confidence_level":0.95,"lower_bound":0.01711735005673476,"upper_bound":0.030559974559038583},"point_estimate":0.024345136437690984,"standard_error":0.003106490075381599}}