{"mean":{"confidence_interval":{"confidence_level":0.95,"lower_bound":-0.002951889305811261,"upper_bound":0.005604831092921172},"point_estimate":0.0019605203894179635,"standard_error":0.002227765276139259},"median":{"confidence_interval":{"confidence_level":0.95,"lower_bound":0.00015989219882395211,"upper_bound":0.006670360530035779},"point_estimate":0.004166717405052367,"standard_error":0.001677233170352906}}