{"mean":{"confidence_interval":{"confidence_level":0.95,"lower_bound":46150728.0022381,"upper_bound":46964736.09916668},"point_estimate":46552050.24946429,"standard_error":209181.27062811452},"median":{"confidence_interval":{"confidence_level":0.95,"lower_bound":45921383.0,"upper_bound":47090106.25},"point_estimate":46605180.416666664,"standard_error":387632.3045218234},"median_abs_dev":{"confidence_interval":{"confidence_level":0.95,"lower_bound":49554.74275023592,"upper_bound":1158463.329778158},"point_estimate":844839.644764847,"standard_error":301011.9416932294},"slope":{"confidence_interval":{"confidence_level":0.95,"lower_bound":46131975.33528037,"upper_bound":47105728.16414142},"point_estimate":46526039.855844155,"standard_error":252503.68302497818},"std_dev":{"confidence_interval":{"confidence_level":0.95,"lower_bound":444320.7111410376,"upper_bound":856718.428727192},"point_estimate":697852.9773657882,"standard_error":108291.66305113552}}