{"mean":{"confidence_interval":{"confidence_level":0.95,"lower_bound":0.002963382437081402,"upper_bound":0.022783143909462653},"point_estimate":0.01148294657855553,"standard_error":0.0051042580606124295},"median":{"confidence_interval":{"confidence_level":0.95,"lower_bound":0.006716504094988585,"upper_bound":0.012551135395772572},"point_estimate":0.008863591394310921,"standard_error":0.0013721437496815377}}