{"mean":{"confidence_interval":{"confidence_level":0.95,"lower_bound":0.021589070014040607,"upper_bound":0.04004099934350257},"point_estimate":0.029824964844118673,"standard_error":0.004770321087724482},"median":{"confidence_interval":{"confidence_level":0.95,"lower_bound":0.019691634152322335,"upper_bound":0.03631528927158878},"point_estimate":0.028766833355937882,"standard_error":0.004492174788697698}}