{"mean":{"confidence_interval":{"confidence_level":0.95,"lower_bound":-0.05534941054988985,"upper_bound":-0.04262643295148092},"point_estimate":-0.04881158266758889,"standard_error":0.0032585130305061347},"median":{"confidence_interval":{"confidence_level":0.95,"lower_bound":-0.05640066772567465,"upper_bound":-0.04053654029696829},"point_estimate":-0.04598505977340728,"standard_error":0.004166552557625683}}