{"mean":{"confidence_interval":{"confidence_level":0.95,"lower_bound":0.00808443272693754,"upper_bound":0.010859046101285356},"point_estimate":0.009438926249451418,"standard_error":0.0007117238805924913},"median":{"confidence_interval":{"confidence_level":0.95,"lower_bound":0.007463054450701723,"upper_bound":0.010327492426880802},"point_estimate":0.009522529416571057,"standard_error":0.000773555932309617}}