{"mean":{"confidence_interval":{"confidence_level":0.95,"lower_bound":0.04149688823229132,"upper_bound":0.05502905854707692},"point_estimate":0.0478162211408697,"standard_error":0.003446271998431038},"median":{"confidence_interval":{"confidence_level":0.95,"lower_bound":0.04054546023896499,"upper_bound":0.05417140657168029},"point_estimate":0.044706527103555604,"standard_error":0.0034209923278750863}}