{"mean":{"confidence_interval":{"confidence_level":0.95,"lower_bound":0.01997766873990119,"upper_bound":0.04514492060951097},"point_estimate":0.030701216317646773,"standard_error":0.006482935833483613},"median":{"confidence_interval":{"confidence_level":0.95,"lower_bound":0.014355134776086187,"upper_bound":0.04868622136861411},"point_estimate":0.023132560105385114,"standard_error":0.008692716989471572}}