{"mean":{"confidence_interval":{"confidence_level":0.95,"lower_bound":0.04213583074703141,"upper_bound":0.05985045709973956},"point_estimate":0.05047868027522995,"standard_error":0.004668367801339083},"median":{"confidence_interval":{"confidence_level":0.95,"lower_bound":0.03477326664653724,"upper_bound":0.062194501535463464},"point_estimate":0.05108817890662243,"standard_error":0.00899912988916757}}