{"mean":{"confidence_interval":{"confidence_level":0.95,"lower_bound":0.016648421314379783,"upper_bound":0.025502468892935014},"point_estimate":0.021827866878704638,"standard_error":0.0023387176566235053},"median":{"confidence_interval":{"confidence_level":0.95,"lower_bound":0.0200576762304292,"upper_bound":0.02698970169634296},"point_estimate":0.024799805908535255,"standard_error":0.0017956245325516293}}