{"mean":{"confidence_interval":{"confidence_level":0.95,"lower_bound":5448170.741211485,"upper_bound":5536894.191463585},"point_estimate":5486660.0263655465,"standard_error":23119.17085707983},"median":{"confidence_interval":{"confidence_level":0.95,"lower_bound":5435431.231092437,"upper_bound":5514053.008578431},"point_estimate":5467929.221568627,"standard_error":19785.102857070025},"median_abs_dev":{"confidence_interval":{"confidence_level":0.95,"lower_bound":11234.308274668827,"upper_bound":93073.00230718218},"point_estimate":42648.38363107549,"standard_error":21598.492340405},"slope":{"confidence_interval":{"confidence_level":0.95,"lower_bound":5452831.996634239,"upper_bound":5607811.403542593},"point_estimate":5534496.117647059,"standard_error":41845.89153798248},"std_dev":{"confidence_interval":{"confidence_level":0.95,"lower_bound":23632.712448214992,"upper_bound":110045.87164674027},"point_estimate":76733.58252666729,"standard_error":25471.396306045855}}