{"mean":{"confidence_interval":{"confidence_level":0.95,"lower_bound":0.02069077681546354,"upper_bound":0.03382148122907832},"point_estimate":0.027429062547198235,"standard_error":0.003355022027033644},"median":{"confidence_interval":{"confidence_level":0.95,"lower_bound":0.01943778022493947,"upper_bound":0.03622402759487575},"point_estimate":0.02951984384799089,"standard_error":0.004289168138223351}}