{"mean":{"confidence_interval":{"confidence_level":0.95,"lower_bound":0.00366786035098812,"upper_bound":0.018008037857071908},"point_estimate":0.011886711653096071,"standard_error":0.0037529580846714936},"median":{"confidence_interval":{"confidence_level":0.95,"lower_bound":0.010211711959956293,"upper_bound":0.019063541520631277},"point_estimate":0.014863388995274507,"standard_error":0.0023486891450016883}}