{"mean":{"confidence_interval":{"confidence_level":0.95,"lower_bound":0.012118261358728023,"upper_bound":0.02839138535585204},"point_estimate":0.019917405502801522,"standard_error":0.004216894405981135},"median":{"confidence_interval":{"confidence_level":0.95,"lower_bound":0.01028872249675672,"upper_bound":0.03388322429896906},"point_estimate":0.01527304446873301,"standard_error":0.006058837495660036}}