{"mean":{"confidence_interval":{"confidence_level":0.95,"lower_bound":0.017297821774096618,"upper_bound":0.07496332931676883},"point_estimate":0.04032027875764932,"standard_error":0.014323255270963623},"median":{"confidence_interval":{"confidence_level":0.95,"lower_bound":0.012767433028871622,"upper_bound":0.016107014163402544},"point_estimate":0.014269244000435721,"standard_error":0.000773933176843752}}