{"mean":{"confidence_interval":{"confidence_level":0.95,"lower_bound":-0.007340585320372831,"upper_bound":-0.005648732948850648},"point_estimate":-0.006484004678249056,"standard_error":0.0004304262798573861},"median":{"confidence_interval":{"confidence_level":0.95,"lower_bound":-0.008025508482531363,"upper_bound":-0.005905304342619871},"point_estimate":-0.007051817799484161,"standard_error":0.0005619554026865425}}