{"mean":{"confidence_interval":{"confidence_level":0.95,"lower_bound":-0.010029441272469398,"upper_bound":-0.008611579187053417},"point_estimate":-0.009297112669959695,"standard_error":0.0003605988070397174},"median":{"confidence_interval":{"confidence_level":0.95,"lower_bound":-0.009979859066131858,"upper_bound":-0.008229211654117163},"point_estimate":-0.008934541064947288,"standard_error":0.00043269787441383274}}