{"mean":{"confidence_interval":{"confidence_level":0.95,"lower_bound":-0.04808210234415097,"upper_bound":-0.021577865118190015},"point_estimate":-0.03419078691903943,"standard_error":0.006747591236036529},"median":{"confidence_interval":{"confidence_level":0.95,"lower_bound":-0.031082791379247562,"upper_bound":-0.02741099844196082},"point_estimate":-0.029471414259685247,"standard_error":0.0009198240635674048}}