{"mean":{"confidence_interval":{"confidence_level":0.95,"lower_bound":-0.02605272327044928,"upper_bound":-0.02285373181540619},"point_estimate":-0.024760593106497364,"standard_error":0.0008023859338757932},"median":{"confidence_interval":{"confidence_level":0.95,"lower_bound":-0.026893706265107564,"upper_bound":-0.024361197662652212},"point_estimate":-0.025398315787089065,"standard_error":0.0006602118886743845}}