{"mean":{"confidence_interval":{"confidence_level":0.95,"lower_bound":-0.05751315831616475,"upper_bound":-0.04742440142920391},"point_estimate":-0.05305828085104991,"standard_error":0.002525031531234903},"median":{"confidence_interval":{"confidence_level":0.95,"lower_bound":-0.05691073272954117,"upper_bound":-0.052955413474871316},"point_estimate":-0.053936500634973794,"standard_error":0.0009564331222929726}}