{"mean":{"confidence_interval":{"confidence_level":0.95,"lower_bound":328165.84015124873,"upper_bound":328506.2223704106},"point_estimate":328332.327542095,"standard_error":87.2538261006025},"median":{"confidence_interval":{"confidence_level":0.95,"lower_bound":328036.1429738562,"upper_bound":328359.8233333333},"point_estimate":328126.81888440857,"standard_error":98.02808606508884},"median_abs_dev":{"confidence_interval":{"confidence_level":0.95,"lower_bound":483.91883310521075,"upper_bound":1038.1458781636095},"point_estimate":705.50996070382,"standard_error":148.4338297178695},"slope":{"confidence_interval":{"confidence_level":0.95,"lower_bound":328280.9535315479,"upper_bound":328662.76430505776},"point_estimate":328450.67327397666,"standard_error":97.46410179254669},"std_dev":{"confidence_interval":{"confidence_level":0.95,"lower_bound":701.379333136452,"upper_bound":1045.000111835784},"point_estimate":876.649811116899,"standard_error":88.36631232207735}}