{"mean":{"confidence_interval":{"confidence_level":0.95,"lower_bound":-0.010320984375482303,"upper_bound":-0.0025525601005671576},"point_estimate":-0.006921196515077055,"standard_error":0.0019768448843515583},"median":{"confidence_interval":{"confidence_level":0.95,"lower_bound":-0.009842730918795617,"upper_bound":-0.006231712960476199},"point_estimate":-0.008314117301179369,"standard_error":0.0009485322801088436}}