{"mean":{"confidence_interval":{"confidence_level":0.95,"lower_bound":-0.015057058598752436,"upper_bound":-0.009974292134800392},"point_estimate":-0.012533021669455247,"standard_error":0.001296922348770438},"median":{"confidence_interval":{"confidence_level":0.95,"lower_bound":-0.01670769434843211,"upper_bound":-0.01325258589561562},"point_estimate":-0.015278197227260315,"standard_error":0.0008736394028250724}}