{"mean":{"confidence_interval":{"confidence_level":0.95,"lower_bound":-0.01319501900682174,"upper_bound":-0.00658956952115755},"point_estimate":-0.009424494221531132,"standard_error":0.001704889610870234},"median":{"confidence_interval":{"confidence_level":0.95,"lower_bound":-0.008670068524680552,"upper_bound":-0.005464581963713244},"point_estimate":-0.006863758628251837,"standard_error":0.0008223929212078728}}