{"mean":{"confidence_interval":{"confidence_level":0.95,"lower_bound":-0.00978546351341232,"upper_bound":-0.007258037952959919},"point_estimate":-0.00849599799697931,"standard_error":0.0006490023535336246},"median":{"confidence_interval":{"confidence_level":0.95,"lower_bound":-0.010590151083127108,"upper_bound":-0.006353472140562033},"point_estimate":-0.009458462518544986,"standard_error":0.0010257487679718829}}