{"mean":{"confidence_interval":{"confidence_level":0.95,"lower_bound":-0.000771028206287614,"upper_bound":0.0036958431872084964},"point_estimate":0.0016801976360922843,"standard_error":0.0011453508469298765},"median":{"confidence_interval":{"confidence_level":0.95,"lower_bound":-0.00032940124266045423,"upper_bound":0.002905282589671366},"point_estimate":0.0012930807289068813,"standard_error":0.0008161449588107177}}