{"mean":{"confidence_interval":{"confidence_level":0.95,"lower_bound":-0.008264349426726613,"upper_bound":-0.005715702962812553},"point_estimate":-0.007009444086342742,"standard_error":0.0006568974894577992},"median":{"confidence_interval":{"confidence_level":0.95,"lower_bound":-0.0082715272398457,"upper_bound":-0.005802253386041789},"point_estimate":-0.006896244218976277,"standard_error":0.0006469972707399617}}