{"mean":{"confidence_interval":{"confidence_level":0.95,"lower_bound":-0.015413918448550615,"upper_bound":-0.009056281124100238},"point_estimate":-0.012374667814494367,"standard_error":0.0015984191712417415},"median":{"confidence_interval":{"confidence_level":0.95,"lower_bound":-0.013707815735200413,"upper_bound":-0.011286311203549056},"point_estimate":-0.012567648039607082,"standard_error":0.0005708027772533278}}