{"mean":{"confidence_interval":{"confidence_level":0.95,"lower_bound":490836.1463100923,"upper_bound":491899.1432814642},"point_estimate":491339.2305446121,"standard_error":271.08794043864657},"median":{"confidence_interval":{"confidence_level":0.95,"lower_bound":490502.03199404763,"upper_bound":491710.63254830916},"point_estimate":490992.21882086166,"standard_error":298.17270258099694},"median_abs_dev":{"confidence_interval":{"confidence_level":0.95,"lower_bound":1521.4129515329143,"upper_bound":2292.483139703237},"point_estimate":1953.1509695371255,"standard_error":198.420169674261},"slope":{"confidence_interval":{"confidence_level":0.95,"lower_bound":490702.9778111088,"upper_bound":491715.9625741377},"point_estimate":491210.66436825774,"standard_error":257.806440615443},"std_dev":{"confidence_interval":{"confidence_level":0.95,"lower_bound":1851.8036658505453,"upper_bound":3572.043238146592},"point_estimate":2726.444136089845,"standard_error":447.18338021150686}}