{"mean":{"confidence_interval":{"confidence_level":0.95,"lower_bound":-0.005831358747834488,"upper_bound":-0.0027416031647094496},"point_estimate":-0.0043790392773983555,"standard_error":0.0007824638012793218},"median":{"confidence_interval":{"confidence_level":0.95,"lower_bound":-0.005660808550677773,"upper_bound":-0.00168961347259855},"point_estimate":-0.0037617812664479944,"standard_error":0.0010047544972583004}}