{"mean":{"confidence_interval":{"confidence_level":0.95,"lower_bound":0.4917894997134833,"upper_bound":0.548022996342491},"point_estimate":0.5205081502775599,"standard_error":0.014451408174484563},"median":{"confidence_interval":{"confidence_level":0.95,"lower_bound":0.5779118637054212,"upper_bound":0.6033038894230409},"point_estimate":0.5963075394410089,"standard_error":0.007889024654542203}}