{"mean":{"confidence_interval":{"confidence_level":0.95,"lower_bound":0.4085342872873416,"upper_bound":0.45353284413599276},"point_estimate":0.43161463584562254,"standard_error":0.011437516024402026},"median":{"confidence_interval":{"confidence_level":0.95,"lower_bound":0.47480700512118923,"upper_bound":0.4841004737261865},"point_estimate":0.4778456164809919,"standard_error":0.0022545362362572105}}