{"mean":{"confidence_interval":{"confidence_level":0.95,"lower_bound":0.3353067722854752,"upper_bound":0.3743927553329613},"point_estimate":0.35526325983391915,"standard_error":0.010004323310253277},"median":{"confidence_interval":{"confidence_level":0.95,"lower_bound":0.3987751566400686,"upper_bound":0.41031669876550914},"point_estimate":0.40836360717778986,"standard_error":0.003866729837732832}}