{"mean":{"confidence_interval":{"confidence_level":0.95,"lower_bound":0.21204979610223687,"upper_bound":0.2172521200211284},"point_estimate":0.21470930313891046,"standard_error":0.0013168103027020091},"median":{"confidence_interval":{"confidence_level":0.95,"lower_bound":0.21227102740092096,"upper_bound":0.21912172311179923},"point_estimate":0.21607487751047483,"standard_error":0.0016927356703207376}}