{"mean":{"confidence_interval":{"confidence_level":0.95,"lower_bound":0.21340130694672724,"upper_bound":0.21819804414022193},"point_estimate":0.21575933209136844,"standard_error":0.0012163165591817949},"median":{"confidence_interval":{"confidence_level":0.95,"lower_bound":0.212637543155217,"upper_bound":0.21880792702619134},"point_estimate":0.2144775589975234,"standard_error":0.0015800533503501231}}