{"mean":{"confidence_interval":{"confidence_level":0.95,"lower_bound":0.26294223120225313,"upper_bound":0.26877274803894585},"point_estimate":0.2658966455458145,"standard_error":0.0014911399207633742},"median":{"confidence_interval":{"confidence_level":0.95,"lower_bound":0.2577152216239329,"upper_bound":0.27454119799834853},"point_estimate":0.26756604077818347,"standard_error":0.0058671914826833324}}