{"mean":{"confidence_interval":{"confidence_level":0.95,"lower_bound":0.10933126813490521,"upper_bound":0.11286941508389335},"point_estimate":0.11139042344984174,"standard_error":0.0009175916145904702},"median":{"confidence_interval":{"confidence_level":0.95,"lower_bound":0.11154498745206057,"upper_bound":0.11363076762068305},"point_estimate":0.11260242686702471,"standard_error":0.0005346159260311978}}