{"mean":{"confidence_interval":{"confidence_level":0.95,"lower_bound":0.053178050748391645,"upper_bound":0.06229887982896062},"point_estimate":0.05793479038936411,"standard_error":0.0023281134185848948},"median":{"confidence_interval":{"confidence_level":0.95,"lower_bound":0.0649548255214214,"upper_bound":0.06752907427806965},"point_estimate":0.06639517166069897,"standard_error":0.0006557278952669267}}