{"mean":{"confidence_interval":{"confidence_level":0.95,"lower_bound":465658.19501429173,"upper_bound":466479.649363991},"point_estimate":466032.46282623836,"standard_error":209.69688427744836},"median":{"confidence_interval":{"confidence_level":0.95,"lower_bound":465586.05673009163,"upper_bound":466153.5016791627},"point_estimate":465882.2905355833,"standard_error":145.13622123355947},"median_abs_dev":{"confidence_interval":{"confidence_level":0.95,"lower_bound":739.1436897077656,"upper_bound":1232.1670013804805},"point_estimate":948.568674950587,"standard_error":125.33185090367164},"slope":{"confidence_interval":{"confidence_level":0.95,"lower_bound":465888.4777109127,"upper_bound":466391.39907167817},"point_estimate":466130.0861642284,"standard_error":127.80025396073943},"std_dev":{"confidence_interval":{"confidence_level":0.95,"lower_bound":1147.9439814801988,"upper_bound":3054.36167583193},"point_estimate":2100.707614002759,"standard_error":515.5378992258115}}