{"mean":{"confidence_interval":{"confidence_level":0.95,"lower_bound":0.08294164190771657,"upper_bound":0.08765599914770159},"point_estimate":0.08542042921599169,"standard_error":0.001196188744328052},"median":{"confidence_interval":{"confidence_level":0.95,"lower_bound":0.08768624154706584,"upper_bound":0.08973680618597935},"point_estimate":0.08887970494857345,"standard_error":0.0005256554577017114}}