{"mean":{"confidence_interval":{"confidence_level":0.95,"lower_bound":3535674.4970192304,"upper_bound":3573384.189610196},"point_estimate":3552309.7217689254,"standard_error":9783.886756141008},"median":{"confidence_interval":{"confidence_level":0.95,"lower_bound":3532817.69957265,"upper_bound":3571471.335897436},"point_estimate":3539969.8650412085,"standard_error":8146.203305617776},"median_abs_dev":{"confidence_interval":{"confidence_level":0.95,"lower_bound":2763.975695160847,"upper_bound":43161.62625488168},"point_estimate":15236.30611155262,"standard_error":9589.04737419968},"slope":{"confidence_interval":{"confidence_level":0.95,"lower_bound":3535460.1805100925,"upper_bound":3576866.6770889424},"point_estimate":3549059.3382617384,"standard_error":10799.418156333451},"std_dev":{"confidence_interval":{"confidence_level":0.95,"lower_bound":7800.913280497176,"upper_bound":44431.32558600636},"point_estimate":32721.32088068606,"standard_error":9860.171152950972}}