{"mean":{"confidence_interval":{"confidence_level":0.95,"lower_bound":180661765.7525,"upper_bound":181603871.82083333},"point_estimate":181132951.3,"standard_error":240807.51958502663},"median":{"confidence_interval":{"confidence_level":0.95,"lower_bound":180472882.33333334,"upper_bound":181715463.0},"point_estimate":181132514.0,"standard_error":314712.7776422583},"median_abs_dev":{"confidence_interval":{"confidence_level":0.95,"lower_bound":264203.7631094456,"upper_bound":1391781.3354909273},"point_estimate":921125.0318467544,"standard_error":289198.2795539146},"slope":null,"std_dev":{"confidence_interval":{"confidence_level":0.95,"lower_bound":453914.42188969464,"upper_bound":1014499.4972473994},"point_estimate":801774.101531584,"standard_error":144018.3781863462}}