{"mean":{"confidence_interval":{"confidence_level":0.95,"lower_bound":4207981.49663438,"upper_bound":4404116.463679654},"point_estimate":4288151.231372655,"standard_error":49496.178840696106},"median":{"confidence_interval":{"confidence_level":0.95,"lower_bound":4205643.268686868,"upper_bound":4407152.867424242},"point_estimate":4210442.831168831,"standard_error":42787.798603746574},"median_abs_dev":{"confidence_interval":{"confidence_level":0.95,"lower_bound":1930.57622027066,"upper_bound":276333.1100509251},"point_estimate":12036.035244044422,"standard_error":45032.84521797248},"slope":{"confidence_interval":{"confidence_level":0.95,"lower_bound":4207710.2394703915,"upper_bound":4234703.541396479},"point_estimate":4215572.959858323,"standard_error":7216.400676848761},"std_dev":{"confidence_interval":{"confidence_level":0.95,"lower_bound":6611.807888348291,"upper_bound":205862.99212934243},"point_estimate":165364.9598648151,"standard_error":55442.049164411386}}