{"mean":{"confidence_interval":{"confidence_level":0.95,"lower_bound":262490354.67749998,"upper_bound":265647876.9},"point_estimate":263878507.75,"standard_error":816800.5197343432},"median":{"confidence_interval":{"confidence_level":0.95,"lower_bound":262215580.75,"upper_bound":265712219.5},"point_estimate":262761684.5,"standard_error":729388.3059055978},"median_abs_dev":{"confidence_interval":{"confidence_level":0.95,"lower_bound":189706.82093203068,"upper_bound":3549447.3776847124},"point_estimate":963045.7932025194,"standard_error":744214.0657062327},"slope":null,"std_dev":{"confidence_interval":{"confidence_level":0.95,"lower_bound":498010.94765968755,"upper_bound":3518852.1213117964},"point_estimate":2713394.8604508773,"standard_error":813012.0862401727}}