{"mean":{"confidence_interval":{"confidence_level":0.95,"lower_bound":3401619.7571833334,"upper_bound":3406481.854183333},"point_estimate":3404008.362000001,"standard_error":1241.4153152617262},"median":{"confidence_interval":{"confidence_level":0.95,"lower_bound":3398475.6,"upper_bound":3404566.533333333},"point_estimate":3401915.166666667,"standard_error":1624.8223746179256},"median_abs_dev":{"confidence_interval":{"confidence_level":0.95,"lower_bound":8945.612881183371,"upper_bound":14719.746738672487},"point_estimate":11606.484473943205,"standard_error":1484.5035376718617},"slope":null,"std_dev":{"confidence_interval":{"confidence_level":0.95,"lower_bound":10607.931271642694,"upper_bound":14052.690315416763},"point_estimate":12451.195879578298,"standard_error":879.5166598880506}}