{"mean":{"confidence_interval":{"confidence_level":0.95,"lower_bound":78605.0271281291,"upper_bound":78989.722482144},"point_estimate":78761.90119186095,"standard_error":100.163672534715},"median":{"confidence_interval":{"confidence_level":0.95,"lower_bound":78447.65811965812,"upper_bound":78801.27472527472},"point_estimate":78658.68382352941,"standard_error":106.52672787973697},"median_abs_dev":{"confidence_interval":{"confidence_level":0.95,"lower_bound":393.8728311612085,"upper_bound":626.7564670779768},"point_estimate":482.47990614743026,"standard_error":62.46939600840388},"slope":{"confidence_interval":{"confidence_level":0.95,"lower_bound":78697.32861629082,"upper_bound":79593.80914399339},"point_estimate":79031.36469177343,"standard_error":245.31977070839497},"std_dev":{"confidence_interval":{"confidence_level":0.95,"lower_bound":410.3606255305557,"upper_bound":1624.2074284289697},"point_estimate":1009.1458857242162,"standard_error":406.21837818257717}}