{"mean":{"confidence_interval":{"confidence_level":0.95,"lower_bound":0.2849270437591317,"upper_bound":0.2930454673420062},"point_estimate":0.289118348466078,"standard_error":0.002054083894324051},"median":{"confidence_interval":{"confidence_level":0.95,"lower_bound":0.28635512791208173,"upper_bound":0.2911865875390498},"point_estimate":0.28907992575445474,"standard_error":0.0013012582015636924}}