{"mean":{"confidence_interval":{"confidence_level":0.95,"lower_bound":0.2691664834096603,"upper_bound":0.28046538381349995},"point_estimate":0.2758770453389485,"standard_error":0.0029348338421167175},"median":{"confidence_interval":{"confidence_level":0.95,"lower_bound":0.2748280356698214,"upper_bound":0.2828131158723819},"point_estimate":0.27969157711934334,"standard_error":0.0021290843205214456}}