{"mean":{"confidence_interval":{"confidence_level":0.95,"lower_bound":0.2700829146774252,"upper_bound":0.27634917986483887},"point_estimate":0.27322082804070646,"standard_error":0.0016134722837051704},"median":{"confidence_interval":{"confidence_level":0.95,"lower_bound":0.2712670949034528,"upper_bound":0.2762907485576205},"point_estimate":0.27409438672298925,"standard_error":0.0012889629117413697}}