{"mean":{"confidence_interval":{"confidence_level":0.95,"lower_bound":0.2712954901196025,"upper_bound":0.28028071449180514},"point_estimate":0.27605697120213923,"standard_error":0.002296739110569393},"median":{"confidence_interval":{"confidence_level":0.95,"lower_bound":0.27689853399288755,"upper_bound":0.28099771844684196},"point_estimate":0.2791432399934821,"standard_error":0.000994748887655274}}