{"mean":{"confidence_interval":{"confidence_level":0.95,"lower_bound":0.2799228354478116,"upper_bound":0.291712602254224},"point_estimate":0.2859658496772812,"standard_error":0.002988592843586634},"median":{"confidence_interval":{"confidence_level":0.95,"lower_bound":0.28743748345141573,"upper_bound":0.2908731527692199},"point_estimate":0.2895767874175461,"standard_error":0.0008524458622014661}}