{"mean":{"confidence_interval":{"confidence_level":0.95,"lower_bound":0.2846659778218793,"upper_bound":0.29544678896494375},"point_estimate":0.2887938247199098,"standard_error":0.002784895086251579},"median":{"confidence_interval":{"confidence_level":0.95,"lower_bound":0.28425274294854685,"upper_bound":0.2886432988323657},"point_estimate":0.28603080805133807,"standard_error":0.0011416067112648112}}