{"mean":{"confidence_interval":{"confidence_level":0.95,"lower_bound":0.2742380393155088,"upper_bound":0.2808595390416533},"point_estimate":0.27713889142868253,"standard_error":0.0016876266354039565},"median":{"confidence_interval":{"confidence_level":0.95,"lower_bound":0.27372282986874863,"upper_bound":0.27953701993139535},"point_estimate":0.27660675872922424,"standard_error":0.0015274966200003596}}