{"mean":{"confidence_interval":{"confidence_level":0.95,"lower_bound":0.2795818715317558,"upper_bound":0.2977862213119922},"point_estimate":0.28617237586358724,"standard_error":0.005068799149238872},"median":{"confidence_interval":{"confidence_level":0.95,"lower_bound":0.2783812467096917,"upper_bound":0.2825321935690943},"point_estimate":0.2807292124142462,"standard_error":0.001047180826165362}}