{"mean":{"confidence_interval":{"confidence_level":0.95,"lower_bound":0.2604855920206644,"upper_bound":0.2689229399736337},"point_estimate":0.26485046306740445,"standard_error":0.0021369432708299055},"median":{"confidence_interval":{"confidence_level":0.95,"lower_bound":0.2593685551718956,"upper_bound":0.2713934510880267},"point_estimate":0.2655717230441932,"standard_error":0.0030166460507818505}}