{"mean":{"confidence_interval":{"confidence_level":0.95,"lower_bound":0.2777137281372274,"upper_bound":0.2959561313798951},"point_estimate":0.2862093409712183,"standard_error":0.0046596871375352246},"median":{"confidence_interval":{"confidence_level":0.95,"lower_bound":0.27004703254655804,"upper_bound":0.2953932883128152},"point_estimate":0.2827265924838769,"standard_error":0.006592180292349094}}