{"mean":{"confidence_interval":{"confidence_level":0.95,"lower_bound":0.33822286007831537,"upper_bound":0.3513752507992556},"point_estimate":0.34440109854104417,"standard_error":0.0033761893125537432},"median":{"confidence_interval":{"confidence_level":0.95,"lower_bound":0.3343315251855423,"upper_bound":0.35382986365531655},"point_estimate":0.34189742971115566,"standard_error":0.004863419478615599}}