{"mean":{"confidence_interval":{"confidence_level":0.95,"lower_bound":0.48934181845408103,"upper_bound":0.5566516223573463},"point_estimate":0.5227355086862902,"standard_error":0.017362257195116783},"median":{"confidence_interval":{"confidence_level":0.95,"lower_bound":0.46449722855653564,"upper_bound":0.5561317898180795},"point_estimate":0.5292415059590541,"standard_error":0.021780657198436776}}