{"mean":{"confidence_interval":{"confidence_level":0.95,"lower_bound":0.3449606167901845,"upper_bound":0.3743386913117378},"point_estimate":0.35713041565745995,"standard_error":0.007797637478309749},"median":{"confidence_interval":{"confidence_level":0.95,"lower_bound":0.3439028198233429,"upper_bound":0.36405269224346104},"point_estimate":0.35255372931014706,"standard_error":0.005755571562761907}}