{"mean":{"confidence_interval":{"confidence_level":0.95,"lower_bound":0.36428207803225,"upper_bound":0.3941806916720081},"point_estimate":0.37914365545534046,"standard_error":0.007650487875372825},"median":{"confidence_interval":{"confidence_level":0.95,"lower_bound":0.3565433408411802,"upper_bound":0.40109108804251226},"point_estimate":0.38201857263956485,"standard_error":0.01142697271120305}}