{"mean":{"confidence_interval":{"confidence_level":0.95,"lower_bound":266317692.8425,"upper_bound":269128985.38625},"point_estimate":267777544.1,"standard_error":720075.1425425264},"median":{"confidence_interval":{"confidence_level":0.95,"lower_bound":265780298.0,"upper_bound":269655055.5},"point_estimate":268258334.75,"standard_error":869682.3482335189},"median_abs_dev":{"confidence_interval":{"confidence_level":0.95,"lower_bound":233083.24836194515,"upper_bound":3889930.1681399345},"point_estimate":2451835.251121223,"standard_error":988518.930379086},"slope":null,"std_dev":{"confidence_interval":{"confidence_level":0.95,"lower_bound":1213223.5984125836,"upper_bound":3090369.1084491597},"point_estimate":2405434.714240025,"standard_error":479907.10941180855}}