{"mean":{"confidence_interval":{"confidence_level":0.95,"lower_bound":0.2989656264665808,"upper_bound":0.32066797361987065},"point_estimate":0.3111902809008469,"standard_error":0.005476094598123642},"median":{"confidence_interval":{"confidence_level":0.95,"lower_bound":0.30342817982351544,"upper_bound":0.32524567708061647},"point_estimate":0.32049811169899933,"standard_error":0.005507877681632619}}