{"mean":{"confidence_interval":{"confidence_level":0.95,"lower_bound":0.23176941122387576,"upper_bound":0.24848925188867724},"point_estimate":0.24043282460937432,"standard_error":0.004254173575686458},"median":{"confidence_interval":{"confidence_level":0.95,"lower_bound":0.23004568119728885,"upper_bound":0.2520597707726393},"point_estimate":0.24401867123194054,"standard_error":0.005682500361620599}}