{"mean":{"confidence_interval":{"confidence_level":0.95,"lower_bound":0.2894909969786238,"upper_bound":0.29614198025692906},"point_estimate":0.2927566379451165,"standard_error":0.0017129413852448275},"median":{"confidence_interval":{"confidence_level":0.95,"lower_bound":0.28825629940297004,"upper_bound":0.2972678778910349},"point_estimate":0.29202204801419174,"standard_error":0.002128404894990848}}