{"mean":{"confidence_interval":{"confidence_level":0.95,"lower_bound":0.2968475132398951,"upper_bound":0.32637588438569143},"point_estimate":0.31291375545150735,"standard_error":0.00755371226207082},"median":{"confidence_interval":{"confidence_level":0.95,"lower_bound":0.2841304899365349,"upper_bound":0.3353173142023449},"point_estimate":0.32825750557893785,"standard_error":0.01586782874141837}}