{"mean":{"confidence_interval":{"confidence_level":0.95,"lower_bound":0.25961712868886955,"upper_bound":0.26655945642989654},"point_estimate":0.2627560176527737,"standard_error":0.001851547262251239},"median":{"confidence_interval":{"confidence_level":0.95,"lower_bound":0.25904179737490174,"upper_bound":0.2629089515487657},"point_estimate":0.2607770184663809,"standard_error":0.0013094092219073864}}