{"mean":{"confidence_interval":{"confidence_level":0.95,"lower_bound":0.3475909662533545,"upper_bound":0.36795883848564176},"point_estimate":0.35757873793909645,"standard_error":0.005202527342587054},"median":{"confidence_interval":{"confidence_level":0.95,"lower_bound":0.3430099799099049,"upper_bound":0.37064625268744744},"point_estimate":0.3585867642162548,"standard_error":0.0068657698051735536}}