{"mean":{"confidence_interval":{"confidence_level":0.95,"lower_bound":187733964.90000004,"upper_bound":188882078.70416668},"point_estimate":188316135.6,"standard_error":294609.87857754255},"median":{"confidence_interval":{"confidence_level":0.95,"lower_bound":187265051.66666666,"upper_bound":189226827.0},"point_estimate":188610101.0,"standard_error":617727.4234979956},"median_abs_dev":{"confidence_interval":{"confidence_level":0.95,"lower_bound":144668.15183161953,"upper_bound":1485451.7547279596},"point_estimate":1185739.4751489088,"standard_error":401236.1974119081},"slope":null,"std_dev":{"confidence_interval":{"confidence_level":0.95,"lower_bound":656120.6402179059,"upper_bound":1099677.8160570562},"point_estimate":983447.3094077966,"standard_error":113860.9850701914}}