{"mean":{"confidence_interval":{"confidence_level":0.95,"lower_bound":0.25692777313846626,"upper_bound":0.2621535392281916},"point_estimate":0.25923774171068636,"standard_error":0.0013488129995691024},"median":{"confidence_interval":{"confidence_level":0.95,"lower_bound":0.2559187149853024,"upper_bound":0.2595834359464966},"point_estimate":0.2569494330602695,"standard_error":0.0010057056046556482}}