{"mean":{"confidence_interval":{"confidence_level":0.95,"lower_bound":0.2796906234616895,"upper_bound":0.2859118454558834},"point_estimate":0.28280345287432507,"standard_error":0.001587133747454927},"median":{"confidence_interval":{"confidence_level":0.95,"lower_bound":0.27896588698041946,"upper_bound":0.2876992887712322},"point_estimate":0.28195829324592014,"standard_error":0.0022094719811644255}}