{"mean":{"confidence_interval":{"confidence_level":0.95,"lower_bound":0.32021072930749855,"upper_bound":0.3418645688899562},"point_estimate":0.33153124137821544,"standard_error":0.005700035327599016},"median":{"confidence_interval":{"confidence_level":0.95,"lower_bound":0.31976673061129457,"upper_bound":0.3448332718619809},"point_estimate":0.32996272518513536,"standard_error":0.006134813374814337}}