{"mean":{"confidence_interval":{"confidence_level":0.95,"lower_bound":0.277032523624448,"upper_bound":0.28847784530873866},"point_estimate":0.2811720927253327,"standard_error":0.0033596538600399644},"median":{"confidence_interval":{"confidence_level":0.95,"lower_bound":0.2767014861773931,"upper_bound":0.2787756037741751},"point_estimate":0.27783995810385376,"standard_error":0.0005040470908753917}}