{"mean":{"confidence_interval":{"confidence_level":0.95,"lower_bound":0.21919965905020558,"upper_bound":0.24750801795400804},"point_estimate":0.23385577223819198,"standard_error":0.007252993288723955},"median":{"confidence_interval":{"confidence_level":0.95,"lower_bound":0.22354480090778295,"upper_bound":0.2562554609112291},"point_estimate":0.23097495537040547,"standard_error":0.00967213801862897}}