{"mean":{"confidence_interval":{"confidence_level":0.95,"lower_bound":0.262501195185713,"upper_bound":0.2701140804079414},"point_estimate":0.26613181482933923,"standard_error":0.001940963391001555},"median":{"confidence_interval":{"confidence_level":0.95,"lower_bound":0.26394353159510464,"upper_bound":0.26755982960308566},"point_estimate":0.26561441641074324,"standard_error":0.0008747111417591954}}