{"mean":{"confidence_interval":{"confidence_level":0.95,"lower_bound":0.2604037639168303,"upper_bound":0.2675004904851402},"point_estimate":0.26364969570522523,"standard_error":0.0018087333470547134},"median":{"confidence_interval":{"confidence_level":0.95,"lower_bound":0.25915865608863164,"upper_bound":0.26694397403328574},"point_estimate":0.26173656420228575,"standard_error":0.002175193705655903}}