{"mean":{"confidence_interval":{"confidence_level":0.95,"lower_bound":0.28881651916597656,"upper_bound":0.3208263832102654},"point_estimate":0.3029095154591439,"standard_error":0.008113280959034611},"median":{"confidence_interval":{"confidence_level":0.95,"lower_bound":0.2888797828084264,"upper_bound":0.31610566935000595},"point_estimate":0.29761475730125886,"standard_error":0.006603805030575404}}