{"mean":{"confidence_interval":{"confidence_level":0.95,"lower_bound":0.2671839878662579,"upper_bound":0.27038201558244723},"point_estimate":0.2686569976169395,"standard_error":0.0008569779401635982},"median":{"confidence_interval":{"confidence_level":0.95,"lower_bound":0.26714691398043855,"upper_bound":0.268969719526668},"point_estimate":0.2677611946931111,"standard_error":0.00047696587050129603}}