{"mean":{"confidence_interval":{"confidence_level":0.95,"lower_bound":0.25198123060626093,"upper_bound":0.2630659931065355},"point_estimate":0.2587332584613431,"standard_error":0.003018257374724482},"median":{"confidence_interval":{"confidence_level":0.95,"lower_bound":0.2586041377677366,"upper_bound":0.26447349105206097},"point_estimate":0.2625309092668102,"standard_error":0.001747577843056483}}