{"mean":{"confidence_interval":{"confidence_level":0.95,"lower_bound":18216851.7280625,"upper_bound":18373625.571925},"point_estimate":18292352.190261908,"standard_error":40308.96510767723},"median":{"confidence_interval":{"confidence_level":0.95,"lower_bound":18184480.623809524,"upper_bound":18413602.0},"point_estimate":18253377.406666666,"standard_error":57361.19179212571},"median_abs_dev":{"confidence_interval":{"confidence_level":0.95,"lower_bound":22414.069246071136,"upper_bound":225261.32888831475},"point_estimate":138661.67602576409,"standard_error":53732.04890133813},"slope":{"confidence_interval":{"confidence_level":0.95,"lower_bound":18212980.59350584,"upper_bound":18303792.584225353},"point_estimate":18259003.965714287,"standard_error":22614.94773141346},"std_dev":{"confidence_interval":{"confidence_level":0.95,"lower_bound":72370.36952195954,"upper_bound":162393.95865311855},"point_estimate":133971.60439518368,"standard_error":22231.867963549157}}