{"mean":{"confidence_interval":{"confidence_level":0.95,"lower_bound":0.2590242869023266,"upper_bound":0.28740491816107716},"point_estimate":0.27321030888155207,"standard_error":0.0072307868159568476},"median":{"confidence_interval":{"confidence_level":0.95,"lower_bound":0.2538008531340836,"upper_bound":0.29472935386357757},"point_estimate":0.2752403013616085,"standard_error":0.010611041301348554}}