{"mean":{"confidence_interval":{"confidence_level":0.95,"lower_bound":50721741.35333334,"upper_bound":51383403.20845239},"point_estimate":51120907.0592262,"standard_error":178854.80581263764},"median":{"confidence_interval":{"confidence_level":0.95,"lower_bound":51046221.25,"upper_bound":51449317.571428575},"point_estimate":51336991.33333333,"standard_error":111117.33747679424},"median_abs_dev":{"confidence_interval":{"confidence_level":0.95,"lower_bound":43298.76390129401,"upper_bound":466752.5746709861},"point_estimate":175736.57790005096,"standard_error":121160.6776693746},"slope":{"confidence_interval":{"confidence_level":0.95,"lower_bound":51130503.99665552,"upper_bound":51408490.71808874},"point_estimate":51271658.445454545,"standard_error":71569.7422937005},"std_dev":{"confidence_interval":{"confidence_level":0.95,"lower_bound":107836.87671254802,"upper_bound":895061.4134427201},"point_estimate":593915.1653361123,"standard_error":251498.6658079928}}