{"mean":{"confidence_interval":{"confidence_level":0.95,"lower_bound":1102960.1410242638,"upper_bound":1107333.4672776822},"point_estimate":1104787.4372241346,"standard_error":1152.1960421230726},"median":{"confidence_interval":{"confidence_level":0.95,"lower_bound":1103151.9774096385,"upper_bound":1105266.4210843374},"point_estimate":1103758.2795945688,"standard_error":531.7677780390798},"median_abs_dev":{"confidence_interval":{"confidence_level":0.95,"lower_bound":90.12968795816174,"upper_bound":3816.0894627328025},"point_estimate":1126.9637221210223,"standard_error":975.3401926892823},"slope":{"confidence_interval":{"confidence_level":0.95,"lower_bound":1103574.6746318608,"upper_bound":1104494.3143614708},"point_estimate":1103981.6338914097,"standard_error":231.69622786041253},"std_dev":{"confidence_interval":{"confidence_level":0.95,"lower_bound":767.1897850100779,"upper_bound":5690.847735151538},"point_estimate":3832.738214302267,"standard_error":1503.4136675832956}}