{"mean":{"confidence_interval":{"confidence_level":0.95,"lower_bound":0.2687820201194805,"upper_bound":0.2783352180642824},"point_estimate":0.27343268688947364,"standard_error":0.002453568774055261},"median":{"confidence_interval":{"confidence_level":0.95,"lower_bound":0.2658495094483617,"upper_bound":0.278311748948616},"point_estimate":0.27495478736051515,"standard_error":0.003518113549541571}}