{"mean":{"confidence_interval":{"confidence_level":0.95,"lower_bound":68805.75121435327,"upper_bound":68885.62737323805},"point_estimate":68845.44785755067,"standard_error":20.35695210434279},"median":{"confidence_interval":{"confidence_level":0.95,"lower_bound":68742.45025676937,"upper_bound":68893.81449275362},"point_estimate":68763.91101335941,"standard_error":35.75842784680739},"median_abs_dev":{"confidence_interval":{"confidence_level":0.95,"lower_bound":155.95993980998824,"upper_bound":297.96255230622006},"point_estimate":228.13716168974977,"standard_error":34.03534028062065},"slope":{"confidence_interval":{"confidence_level":0.95,"lower_bound":68778.26259181852,"upper_bound":68850.46551587094},"point_estimate":68812.78770247771,"standard_error":18.475283723170516},"std_dev":{"confidence_interval":{"confidence_level":0.95,"lower_bound":184.53404312146517,"upper_bound":221.96379216910609},"point_estimate":204.7154395728983,"standard_error":9.521559239175986}}