{"mean":{"confidence_interval":{"confidence_level":0.95,"lower_bound":0.2622882065906178,"upper_bound":0.2645715161192729},"point_estimate":0.26343532978103723,"standard_error":0.0005811541438428662},"median":{"confidence_interval":{"confidence_level":0.95,"lower_bound":0.26039743704970786,"upper_bound":0.2639152037540853},"point_estimate":0.26161347047893013,"standard_error":0.0008396516223868312}}