{"mean":{"confidence_interval":{"confidence_level":0.95,"lower_bound":0.25257772012867685,"upper_bound":0.2561628593753223},"point_estimate":0.25438503674916224,"standard_error":0.0009145146028149397},"median":{"confidence_interval":{"confidence_level":0.95,"lower_bound":0.25484077227887103,"upper_bound":0.26168486291824444},"point_estimate":0.25675662045191583,"standard_error":0.00216779991597347}}