{"mean":{"confidence_interval":{"confidence_level":0.95,"lower_bound":0.28242439022092064,"upper_bound":0.2880354731527558},"point_estimate":0.2855376181244007,"standard_error":0.001444309361916524},"median":{"confidence_interval":{"confidence_level":0.95,"lower_bound":0.2871468758530895,"upper_bound":0.2919528542214362},"point_estimate":0.28963467977601787,"standard_error":0.0012590175057018767}}