{"mean":{"confidence_interval":{"confidence_level":0.95,"lower_bound":0.2758676279721035,"upper_bound":0.27872516879422904},"point_estimate":0.27730758178165904,"standard_error":0.000730884234866098},"median":{"confidence_interval":{"confidence_level":0.95,"lower_bound":0.27811226204466544,"upper_bound":0.2803943909455473},"point_estimate":0.2789870127529961,"standard_error":0.0005975117509602845}}