{"mean":{"confidence_interval":{"confidence_level":0.95,"lower_bound":0.24236755403176466,"upper_bound":0.24628960832893232},"point_estimate":0.2443877693618688,"standard_error":0.00100284782967772},"median":{"confidence_interval":{"confidence_level":0.95,"lower_bound":0.2436429160251925,"upper_bound":0.24718703517238283},"point_estimate":0.24560725628371483,"standard_error":0.0008825657046084637}}