{"mean":{"confidence_interval":{"confidence_level":0.95,"lower_bound":0.24585133724362396,"upper_bound":0.26890369635424716},"point_estimate":0.25584049179235646,"standard_error":0.00600200379891028},"median":{"confidence_interval":{"confidence_level":0.95,"lower_bound":0.2396549212896062,"upper_bound":0.24840617175170343},"point_estimate":0.24181856357115494,"standard_error":0.002027026614126164}}