{"mean":{"confidence_interval":{"confidence_level":0.95,"lower_bound":0.2705556539442371,"upper_bound":0.27365954298827194},"point_estimate":0.2721292815537568,"standard_error":0.0007934549033449737},"median":{"confidence_interval":{"confidence_level":0.95,"lower_bound":0.2705477836714347,"upper_bound":0.2760472840865449},"point_estimate":0.2745337892179813,"standard_error":0.001517204914371296}}