{"mean":{"confidence_interval":{"confidence_level":0.95,"lower_bound":0.2639156575120541,"upper_bound":0.27655169853497924},"point_estimate":0.26998705773268283,"standard_error":0.00321864045092968},"median":{"confidence_interval":{"confidence_level":0.95,"lower_bound":0.27249719750881596,"upper_bound":0.2769521685528269},"point_estimate":0.2740812060468223,"standard_error":0.0010555504048082617}}