{"mean":{"confidence_interval":{"confidence_level":0.95,"lower_bound":0.2546318373699888,"upper_bound":0.2650428872635532},"point_estimate":0.2600532875086501,"standard_error":0.0026559917783829413},"median":{"confidence_interval":{"confidence_level":0.95,"lower_bound":0.26737116437945135,"upper_bound":0.2726801062204176},"point_estimate":0.2702317426604677,"standard_error":0.0013548682551557782}}