{"mean":{"confidence_interval":{"confidence_level":0.95,"lower_bound":0.2453523266494665,"upper_bound":0.2542941958015538},"point_estimate":0.24999304870766026,"standard_error":0.002278990247409126},"median":{"confidence_interval":{"confidence_level":0.95,"lower_bound":0.25319622416333254,"upper_bound":0.2595462595185849},"point_estimate":0.2569248717005541,"standard_error":0.001525468902376522}}