{"mean":{"confidence_interval":{"confidence_level":0.95,"lower_bound":0.268372861203919,"upper_bound":0.2773033719333284},"point_estimate":0.2729285951863285,"standard_error":0.0022722026375603544},"median":{"confidence_interval":{"confidence_level":0.95,"lower_bound":0.276213659554698,"upper_bound":0.2828510061021403},"point_estimate":0.2792352351215368,"standard_error":0.0017781180196749212}}