{"mean":{"confidence_interval":{"confidence_level":0.95,"lower_bound":815316.9302523205,"upper_bound":816615.5141222435},"point_estimate":815949.1380095093,"standard_error":331.23584453649994},"median":{"confidence_interval":{"confidence_level":0.95,"lower_bound":814808.7991758242,"upper_bound":816833.9307692308},"point_estimate":815416.4205267618,"standard_error":571.2583703505317},"median_abs_dev":{"confidence_interval":{"confidence_level":0.95,"lower_bound":2512.4090352814005,"upper_bound":3659.255163823101},"point_estimate":3100.8594495924012,"standard_error":297.61146994020925},"slope":{"confidence_interval":{"confidence_level":0.95,"lower_bound":814941.7326792823,"upper_bound":816036.2079239931},"point_estimate":815468.7303960396,"standard_error":279.4125634643102},"std_dev":{"confidence_interval":{"confidence_level":0.95,"lower_bound":2650.446890076256,"upper_bound":3982.314125914411},"point_estimate":3321.551486076448,"standard_error":342.66894808465224}}