{"mean":{"confidence_interval":{"confidence_level":0.95,"lower_bound":0.2532706410663847,"upper_bound":0.257885117327566},"point_estimate":0.25534130473654626,"standard_error":0.0011613840057089974},"median":{"confidence_interval":{"confidence_level":0.95,"lower_bound":0.252762326611341,"upper_bound":0.2562482711365415},"point_estimate":0.25402925312970104,"standard_error":0.0009030377570697827}}