{"mean":{"confidence_interval":{"confidence_level":0.95,"lower_bound":0.2798782967190873,"upper_bound":0.2879784461033404},"point_estimate":0.2836304934454139,"standard_error":0.0020656967092908245},"median":{"confidence_interval":{"confidence_level":0.95,"lower_bound":0.27864561666146903,"upper_bound":0.2818881380204785},"point_estimate":0.28033313365773194,"standard_error":0.0008717433934538855}}