{"mean":{"confidence_interval":{"confidence_level":0.95,"lower_bound":0.28875509974233793,"upper_bound":0.2928121541701342},"point_estimate":0.2907246445470204,"standard_error":0.0010368282507154333},"median":{"confidence_interval":{"confidence_level":0.95,"lower_bound":0.28893599986155416,"upper_bound":0.29116388445446617},"point_estimate":0.28965676452188327,"standard_error":0.0005408470759179009}}