{"mean":{"confidence_interval":{"confidence_level":0.95,"lower_bound":0.2814293632709693,"upper_bound":0.2841247506466092},"point_estimate":0.2827988925034046,"standard_error":0.0006914955566974488},"median":{"confidence_interval":{"confidence_level":0.95,"lower_bound":0.28044165368943363,"upper_bound":0.2850307156221614},"point_estimate":0.2820258353916032,"standard_error":0.001191077048044759}}