{"mean":{"confidence_interval":{"confidence_level":0.95,"lower_bound":10593880.030308641,"upper_bound":10629401.38981812},"point_estimate":10613642.365705466,"standard_error":9159.852334396217},"median":{"confidence_interval":{"confidence_level":0.95,"lower_bound":10599132.527777778,"upper_bound":10635294.35185185},"point_estimate":10622457.519444443,"standard_error":9227.777570600143},"median_abs_dev":{"confidence_interval":{"confidence_level":0.95,"lower_bound":4291.107146040331,"upper_bound":43798.878276672505},"point_estimate":19280.13659604449,"standard_error":10055.727037110382},"slope":{"confidence_interval":{"confidence_level":0.95,"lower_bound":10612578.770634402,"upper_bound":10631454.864577701},"point_estimate":10622165.03982684,"standard_error":4860.625907338325},"std_dev":{"confidence_interval":{"confidence_level":0.95,"lower_bound":9654.048602910565,"upper_bound":41858.930582469526},"point_estimate":30516.664891225377,"standard_error":8787.350369505108}}