{"mean":{"confidence_interval":{"confidence_level":0.95,"lower_bound":829832.7385984848,"upper_bound":831125.1044728265},"point_estimate":830453.174744228,"standard_error":332.6307321633201},"median":{"confidence_interval":{"confidence_level":0.95,"lower_bound":829597.6545454545,"upper_bound":831673.7414141414},"point_estimate":830038.6393939394,"standard_error":507.2789759900639},"median_abs_dev":{"confidence_interval":{"confidence_level":0.95,"lower_bound":29.2689944804175,"upper_bound":1809.875413777439},"point_estimate":1157.6920403559277,"standard_error":460.2389510573839},"slope":{"confidence_interval":{"confidence_level":0.95,"lower_bound":829811.5577580314,"upper_bound":831556.8983626133},"point_estimate":830709.5693034239,"standard_error":447.9734777441485},"std_dev":{"confidence_interval":{"confidence_level":0.95,"lower_bound":600.8956002098419,"upper_bound":1337.9494306913994},"point_estimate":1106.285973382077,"standard_error":181.957961423698}}