{"mean":{"confidence_interval":{"confidence_level":0.95,"lower_bound":256517633.63375,"upper_bound":258751308.73625},"point_estimate":257607053.1,"standard_error":573127.0770044198},"median":{"confidence_interval":{"confidence_level":0.95,"lower_bound":255833733.0,"upper_bound":259041997.0},"point_estimate":257621883.5,"standard_error":802406.5846614258},"median_abs_dev":{"confidence_interval":{"confidence_level":0.95,"lower_bound":414834.80848520994,"upper_bound":3444596.424946189},"point_estimate":2330134.9203318357,"standard_error":788000.0348357575},"slope":null,"std_dev":{"confidence_interval":{"confidence_level":0.95,"lower_bound":1094975.3179649143,"upper_bound":2331986.7003062717},"point_estimate":1904450.4369633747,"standard_error":314894.1990824045}}