{"mean":{"confidence_interval":{"confidence_level":0.95,"lower_bound":186580027.95166665,"upper_bound":188022357.77},"point_estimate":187412696.6,"standard_error":377689.8585549193},"median":{"confidence_interval":{"confidence_level":0.95,"lower_bound":187132528.0,"upper_bound":188218118.3333333},"point_estimate":187527207.3333333,"standard_error":313125.7339095356},"median_abs_dev":{"confidence_interval":{"confidence_level":0.95,"lower_bound":29728.10627221325,"upper_bound":1299263.884833455},"point_estimate":972171.1960405111,"standard_error":351805.7913974209},"slope":null,"std_dev":{"confidence_interval":{"confidence_level":0.95,"lower_bound":392770.680940831,"upper_bound":1853907.3102424457},"point_estimate":1257630.771462702,"standard_error":461018.0517178553}}