{"mean":{"confidence_interval":{"confidence_level":0.95,"lower_bound":487725.89679982164,"upper_bound":488457.95135163947},"point_estimate":488085.82013978093,"standard_error":186.9487949169982},"median":{"confidence_interval":{"confidence_level":0.95,"lower_bound":487493.73504273506,"upper_bound":488480.6145833334},"point_estimate":487958.60189176246,"standard_error":255.11015282219006},"median_abs_dev":{"confidence_interval":{"confidence_level":0.95,"lower_bound":1283.3200566282244,"upper_bound":1987.1270482806094},"point_estimate":1621.1847896066458,"standard_error":177.58297900176797},"slope":{"confidence_interval":{"confidence_level":0.95,"lower_bound":487912.078960977,"upper_bound":488708.7655744683},"point_estimate":488299.41073543177,"standard_error":202.85744179784746},"std_dev":{"confidence_interval":{"confidence_level":0.95,"lower_bound":1493.753696220256,"upper_bound":2266.7134685779997},"point_estimate":1878.9977973332861,"standard_error":198.9298559620275}}