{"mean":{"confidence_interval":{"confidence_level":0.95,"lower_bound":363261.5089817154,"upper_bound":364759.42374589574},"point_estimate":363965.1768893181,"standard_error":382.44001642274304},"median":{"confidence_interval":{"confidence_level":0.95,"lower_bound":363180.4482758621,"upper_bound":364078.37795992714},"point_estimate":363574.7295008913,"standard_error":235.98805948726095},"median_abs_dev":{"confidence_interval":{"confidence_level":0.95,"lower_bound":1324.6389764455616,"upper_bound":2697.5082854429784},"point_estimate":1871.3162884269811,"standard_error":365.224324743535},"slope":{"confidence_interval":{"confidence_level":0.95,"lower_bound":363763.0795981396,"upper_bound":364732.4426351173},"point_estimate":364222.40248263633,"standard_error":247.46766463402588},"std_dev":{"confidence_interval":{"confidence_level":0.95,"lower_bound":2474.6388986059296,"upper_bound":5216.210822514641},"point_estimate":3853.6226476677157,"standard_error":720.7612229678973}}