{"mean":{"confidence_interval":{"confidence_level":0.95,"lower_bound":-0.07626333684662523,"upper_bound":-0.06883473533917586},"point_estimate":-0.07253380189646241,"standard_error":0.0018511100750735936},"median":{"confidence_interval":{"confidence_level":0.95,"lower_bound":-0.07584218253847519,"upper_bound":-0.07262106038116911},"point_estimate":-0.07444496436068038,"standard_error":0.0008191439230718897}}