{"mean":{"confidence_interval":{"confidence_level":0.95,"lower_bound":-0.07180646002092608,"upper_bound":-0.06659621059752868},"point_estimate":-0.06936306998703512,"standard_error":0.0013493767482283849},"median":{"confidence_interval":{"confidence_level":0.95,"lower_bound":-0.0713490613323805,"upper_bound":-0.0675693872815879},"point_estimate":-0.06888189779407594,"standard_error":0.0010071233722326856}}