{"mean":{"confidence_interval":{"confidence_level":0.95,"lower_bound":-0.034226092072814955,"upper_bound":-0.030428337139192227},"point_estimate":-0.03222215002161022,"standard_error":0.000968856159747494},"median":{"confidence_interval":{"confidence_level":0.95,"lower_bound":-0.032572446849685965,"upper_bound":-0.03022085909578409},"point_estimate":-0.03133975367407915,"standard_error":0.0005653475923870907}}