{"mean":{"confidence_interval":{"confidence_level":0.95,"lower_bound":-0.04723451382362269,"upper_bound":-0.04423036448954901},"point_estimate":-0.04576501221752105,"standard_error":0.0007643456418963881},"median":{"confidence_interval":{"confidence_level":0.95,"lower_bound":-0.047689397907816566,"upper_bound":-0.04523752886822929},"point_estimate":-0.046540599040007624,"standard_error":0.0006160193980370649}}