{"mean":{"confidence_interval":{"confidence_level":0.95,"lower_bound":-0.02981255820149523,"upper_bound":-0.025027206325738013},"point_estimate":-0.027552644296202855,"standard_error":0.0012222767650138845},"median":{"confidence_interval":{"confidence_level":0.95,"lower_bound":-0.02987776730080227,"upper_bound":-0.026398815393971153},"point_estimate":-0.028022935291336815,"standard_error":0.0008898115752468514}}