{"mean":{"confidence_interval":{"confidence_level":0.95,"lower_bound":-0.041108952379639796,"upper_bound":-0.03274898189663519},"point_estimate":-0.03636854160500713,"standard_error":0.0021526948963375733},"median":{"confidence_interval":{"confidence_level":0.95,"lower_bound":-0.03452835993534975,"upper_bound":-0.03211386614084111},"point_estimate":-0.03373856926990437,"standard_error":0.0006057314369874758}}