{"mean":{"confidence_interval":{"confidence_level":0.95,"lower_bound":10450629.53635516,"upper_bound":11239423.206745371},"point_estimate":10731779.49233686,"standard_error":235678.8869911309},"median":{"confidence_interval":{"confidence_level":0.95,"lower_bound":10435697.244444445,"upper_bound":10602929.66111111},"point_estimate":10465859.291666668,"standard_error":68827.75291034328},"median_abs_dev":{"confidence_interval":{"confidence_level":0.95,"lower_bound":8624.018120225686,"upper_bound":191896.72405148624},"point_estimate":41810.2637288304,"standard_error":76355.39508168395},"slope":{"confidence_interval":{"confidence_level":0.95,"lower_bound":10446229.079212354,"upper_bound":10498058.675600223},"point_estimate":10467639.030591631,"standard_error":13340.291212703043},"std_dev":{"confidence_interval":{"confidence_level":0.95,"lower_bound":21535.84544551864,"upper_bound":1204972.5270310687},"point_estimate":783787.4575484414,"standard_error":415278.410257823}}