{"mean":{"confidence_interval":{"confidence_level":0.95,"lower_bound":0.02098774769618877,"upper_bound":0.034006621797277224},"point_estimate":0.02718236009710351,"standard_error":0.0034157323639591153},"median":{"confidence_interval":{"confidence_level":0.95,"lower_bound":0.016744414595083024,"upper_bound":0.037810149749846866},"point_estimate":0.0247460077888757,"standard_error":0.004799044697998519}}