{"mean":{"confidence_interval":{"confidence_level":0.95,"lower_bound":-0.03176031564741574,"upper_bound":-0.00608661987179617},"point_estimate":-0.015905153080165713,"standard_error":0.00728554080914953},"median":{"confidence_interval":{"confidence_level":0.95,"lower_bound":-0.015032652326403606,"upper_bound":-0.00467274703243048},"point_estimate":-0.0065331425862410475,"standard_error":0.003488826889080022}}