{"mean":{"confidence_interval":{"confidence_level":0.95,"lower_bound":-0.03045851892150843,"upper_bound":0.061659113743607726},"point_estimate":0.009978449121323507,"standard_error":0.023770830049749142},"median":{"confidence_interval":{"confidence_level":0.95,"lower_bound":-0.012095719619223289,"upper_bound":-0.000514448818190516},"point_estimate":-0.0031801179265922297,"standard_error":0.008208062049566603}}