{"mean":{"confidence_interval":{"confidence_level":0.95,"lower_bound":-0.07606471477981452,"upper_bound":-0.0646715286971554},"point_estimate":-0.07068994356540959,"standard_error":0.00292446656082519},"median":{"confidence_interval":{"confidence_level":0.95,"lower_bound":-0.0785354936306829,"upper_bound":-0.06264518718098389},"point_estimate":-0.07496204468496848,"standard_error":0.004084772218738345}}