{"mean":{"confidence_interval":{"confidence_level":0.95,"lower_bound":0.0009765928820360018,"upper_bound":0.008137672012264258},"point_estimate":0.004700529225106109,"standard_error":0.0018259367494602903},"median":{"confidence_interval":{"confidence_level":0.95,"lower_bound":0.0012394649392106771,"upper_bound":0.007753587761230474},"point_estimate":0.004650635888930443,"standard_error":0.0015698831567150567}}