{"mean":{"confidence_interval":{"confidence_level":0.95,"lower_bound":-0.10320433715025457,"upper_bound":-0.09279979057781844},"point_estimate":-0.0975271568069288,"standard_error":0.0026693690494627694},"median":{"confidence_interval":{"confidence_level":0.95,"lower_bound":-0.10046230465629791,"upper_bound":-0.09075056942331305},"point_estimate":-0.09532603468855005,"standard_error":0.0024761708059277874}}