{"mean":{"confidence_interval":{"confidence_level":0.95,"lower_bound":-0.06671220966243872,"upper_bound":-0.04829375819297607},"point_estimate":-0.05706115323205019,"standard_error":0.0046901156645903315},"median":{"confidence_interval":{"confidence_level":0.95,"lower_bound":-0.06918478338778011,"upper_bound":-0.0464755228879451},"point_estimate":-0.05469406239927843,"standard_error":0.0056537926309064256}}