{"mean":{"confidence_interval":{"confidence_level":0.95,"lower_bound":-0.0832707228403459,"upper_bound":-0.07231405206499353},"point_estimate":-0.07797367116893039,"standard_error":0.0028126179432507734},"median":{"confidence_interval":{"confidence_level":0.95,"lower_bound":-0.08683752164091374,"upper_bound":-0.07103879264062052},"point_estimate":-0.07965609543324859,"standard_error":0.004275750985133195}}