{"mean":{"confidence_interval":{"confidence_level":0.95,"lower_bound":-0.00772608362345135,"upper_bound":0.00393740474306331},"point_estimate":-0.0008223664049856749,"standard_error":0.003106268524088538},"median":{"confidence_interval":{"confidence_level":0.95,"lower_bound":-0.0018309704577798014,"upper_bound":0.0037048444088445542},"point_estimate":0.0011401649051012708,"standard_error":0.0015591670771433102}}