{"mean":{"confidence_interval":{"confidence_level":0.95,"lower_bound":-0.10193275029263447,"upper_bound":-0.09622983319935133},"point_estimate":-0.09865849627245249,"standard_error":0.0014827934480504759},"median":{"confidence_interval":{"confidence_level":0.95,"lower_bound":-0.10027951786558476,"upper_bound":-0.09500408853346554},"point_estimate":-0.09658229420470965,"standard_error":0.001373237959442981}}