{"mean":{"confidence_interval":{"confidence_level":0.95,"lower_bound":-0.09908367432979935,"upper_bound":-0.09231387115830132},"point_estimate":-0.09575435675408128,"standard_error":0.0017369427088602869},"median":{"confidence_interval":{"confidence_level":0.95,"lower_bound":-0.09951354678436175,"upper_bound":-0.0909751081668494},"point_estimate":-0.09551353383593841,"standard_error":0.002322838439029864}}