{"mean":{"confidence_interval":{"confidence_level":0.95,"lower_bound":-0.066257560679489,"upper_bound":-0.040556030352049396},"point_estimate":-0.05121287487568116,"standard_error":0.00682841206328869},"median":{"confidence_interval":{"confidence_level":0.95,"lower_bound":-0.050417398566288685,"upper_bound":-0.04394961706410849},"point_estimate":-0.046963396797762735,"standard_error":0.0022292469454396535}}