{"mean":{"confidence_interval":{"confidence_level":0.95,"lower_bound":0.019874647059988742,"upper_bound":0.03273314272301382},"point_estimate":0.02650243351829329,"standard_error":0.0032763938742707346},"median":{"confidence_interval":{"confidence_level":0.95,"lower_bound":0.018759473111366054,"upper_bound":0.034901038757555014},"point_estimate":0.02812306199232273,"standard_error":0.004232811370209921}}