{"mean":{"confidence_interval":{"confidence_level":0.95,"lower_bound":17577157.031666666,"upper_bound":17634478.700555556},"point_estimate":17606955.715185188,"standard_error":14717.372542233694},"median":{"confidence_interval":{"confidence_level":0.95,"lower_bound":17559235.166666668,"upper_bound":17643083.916666668},"point_estimate":17628811.566666666,"standard_error":24073.760701616848},"median_abs_dev":{"confidence_interval":{"confidence_level":0.95,"lower_bound":5883.636220548258,"upper_bound":78542.7351155844},"point_estimate":44396.00044959168,"standard_error":20788.202622204233},"slope":{"confidence_interval":{"confidence_level":0.95,"lower_bound":17571433.808082696,"upper_bound":17648703.663163163},"point_estimate":17614266.897835497,"standard_error":19678.851515589868},"std_dev":{"confidence_interval":{"confidence_level":0.95,"lower_bound":27724.14828456174,"upper_bound":58513.4136054826},"point_estimate":49064.37687937596,"standard_error":7768.233295233905}}