{"mean":{"confidence_interval":{"confidence_level":0.95,"lower_bound":4989476.050447682,"upper_bound":5003965.672368421},"point_estimate":4996930.867556391,"standard_error":3683.496625110261},"median":{"confidence_interval":{"confidence_level":0.95,"lower_bound":4989967.02631579,"upper_bound":5008257.056578947},"point_estimate":4994469.390350876,"standard_error":5821.443304469333},"median_abs_dev":{"confidence_interval":{"confidence_level":0.95,"lower_bound":1380.7557596978413,"upper_bound":24101.623115531816},"point_estimate":12483.085363907674,"standard_error":5758.093519088069},"slope":{"confidence_interval":{"confidence_level":0.95,"lower_bound":4995925.682743444,"upper_bound":5009308.821052631},"point_estimate":5004412.67874231,"standard_error":3381.977166808593},"std_dev":{"confidence_interval":{"confidence_level":0.95,"lower_bound":7154.754706051759,"upper_bound":15839.005123672647},"point_estimate":12266.393826796975,"standard_error":2356.3497694924085}}