{"mean":{"confidence_interval":{"confidence_level":0.95,"lower_bound":-0.11377993391682914,"upper_bound":-0.10270132228243604},"point_estimate":-0.10730644339410322,"standard_error":0.002912618005758936},"median":{"confidence_interval":{"confidence_level":0.95,"lower_bound":-0.11047619153109312,"upper_bound":-0.10140132029490923},"point_estimate":-0.10320786573729523,"standard_error":0.002426359144444266}}