{"mean":{"confidence_interval":{"confidence_level":0.95,"lower_bound":-0.11767301580507762,"upper_bound":-0.10245199789083738},"point_estimate":-0.1095903898142353,"standard_error":0.003910205987229649},"median":{"confidence_interval":{"confidence_level":0.95,"lower_bound":-0.11923970621729951,"upper_bound":-0.09896958402344014},"point_estimate":-0.1025972626508691,"standard_error":0.005050847239896385}}