{"mean":{"confidence_interval":{"confidence_level":0.95,"lower_bound":0.014522184564407315,"upper_bound":0.024054617134262112},"point_estimate":0.019132698269633375,"standard_error":0.002468732414835002},"median":{"confidence_interval":{"confidence_level":0.95,"lower_bound":0.011997186605932963,"upper_bound":0.026514677863541003},"point_estimate":0.018657849430828266,"standard_error":0.0036677990994713416}}