{"mean":{"confidence_interval":{"confidence_level":0.95,"lower_bound":0.0204080049266133,"upper_bound":0.02395073404694692},"point_estimate":0.022345115677470995,"standard_error":0.000899622692383805},"median":{"confidence_interval":{"confidence_level":0.95,"lower_bound":0.020030725279990058,"upper_bound":0.024959224997096463},"point_estimate":0.021627916149307147,"standard_error":0.0013546420679094858}}