{"mean":{"confidence_interval":{"confidence_level":0.95,"lower_bound":48162025.597500004,"upper_bound":48497066.58444444},"point_estimate":48312556.09819445,"standard_error":86517.73283906383},"median":{"confidence_interval":{"confidence_level":0.95,"lower_bound":48068178.0,"upper_bound":48495608.983333334},"point_estimate":48230681.12222222,"standard_error":86386.75103894659},"median_abs_dev":{"confidence_interval":{"confidence_level":0.95,"lower_bound":14306.904421001673,"upper_bound":416140.7010745257},"point_estimate":200916.89832676202,"standard_error":102683.89946949192},"slope":{"confidence_interval":{"confidence_level":0.95,"lower_bound":48187123.32400386,"upper_bound":48529504.36213992},"point_estimate":48360745.96103896,"standard_error":91661.87856552987},"std_dev":{"confidence_interval":{"confidence_level":0.95,"lower_bound":98221.19889509225,"upper_bound":388321.7315653816},"point_estimate":288664.2515184015,"standard_error":78745.61735477539}}