{"mean":{"confidence_interval":{"confidence_level":0.95,"lower_bound":-0.028277853736463708,"upper_bound":-0.012962990976994488},"point_estimate":-0.019676656714532337,"standard_error":0.004009069531776478},"median":{"confidence_interval":{"confidence_level":0.95,"lower_bound":-0.026730986671498314,"upper_bound":-0.012249563420159038},"point_estimate":-0.014183799931115071,"standard_error":0.003095537156700863}}