{"mean":{"confidence_interval":{"confidence_level":0.95,"lower_bound":-0.029085678637810555,"upper_bound":0.002799039289004934},"point_estimate":-0.00912877385119415,"standard_error":0.009213830623714139},"median":{"confidence_interval":{"confidence_level":0.95,"lower_bound":-0.0034577160734414747,"upper_bound":0.0031357991215615146},"point_estimate":-0.00044463813180395384,"standard_error":0.0026086902212627138}}