{"mean":{"confidence_interval":{"confidence_level":0.95,"lower_bound":-0.0073378771380506105,"upper_bound":-0.002605455769131145},"point_estimate":-0.00524219475475507,"standard_error":0.0012250046878757325},"median":{"confidence_interval":{"confidence_level":0.95,"lower_bound":-0.007553429515468002,"upper_bound":-0.004639651514494747},"point_estimate":-0.006058453531580854,"standard_error":0.0007217634085937108}}