{"mean":{"confidence_interval":{"confidence_level":0.95,"lower_bound":0.01435905243692321,"upper_bound":0.02324254936652927},"point_estimate":0.019090231933517998,"standard_error":0.002282727134579308},"median":{"confidence_interval":{"confidence_level":0.95,"lower_bound":0.016844463256184605,"upper_bound":0.024457093737960456},"point_estimate":0.021024162318387773,"standard_error":0.0019732790840195054}}