{"mean":{"confidence_interval":{"confidence_level":0.95,"lower_bound":-0.0034340896284764397,"upper_bound":0.007225081233148186},"point_estimate":0.0010675773123711707,"standard_error":0.002833820722320408},"median":{"confidence_interval":{"confidence_level":0.95,"lower_bound":-0.004670858925442056,"upper_bound":0.0014312970827827787},"point_estimate":-0.001280082237695268,"standard_error":0.0015827789091938775}}