{"mean":{"confidence_interval":{"confidence_level":0.95,"lower_bound":-0.01986168935354846,"upper_bound":0.0139348658321229},"point_estimate":0.0010503973282303125,"standard_error":0.00959409550904213},"median":{"confidence_interval":{"confidence_level":0.95,"lower_bound":0.0058144627573091245,"upper_bound":0.017079744671259833},"point_estimate":0.01131541788825663,"standard_error":0.0040140169281760426}}