{"mean":{"confidence_interval":{"confidence_level":0.95,"lower_bound":0.045293809181740356,"upper_bound":0.07658316649471046},"point_estimate":0.0598070453756645,"standard_error":0.008378280938454644},"median":{"confidence_interval":{"confidence_level":0.95,"lower_bound":0.036312146942722556,"upper_bound":0.07532778569835918},"point_estimate":0.05797009787089746,"standard_error":0.010642751697496601}}