{"mean":{"confidence_interval":{"confidence_level":0.95,"lower_bound":186055816.26666668,"upper_bound":187697491.96666667},"point_estimate":186908071.5333333,"standard_error":419835.7316944537},"median":{"confidence_interval":{"confidence_level":0.95,"lower_bound":185888025.1666667,"upper_bound":187717766.33333334},"point_estimate":187210768.6666667,"standard_error":419789.22476506536},"median_abs_dev":{"confidence_interval":{"confidence_level":0.95,"lower_bound":192749.6102780251,"upper_bound":2371699.116393953},"point_estimate":941032.6429933015,"standard_error":574184.7216987303},"slope":null,"std_dev":{"confidence_interval":{"confidence_level":0.95,"lower_bound":596695.6688336137,"upper_bound":1825656.4564804924},"point_estimate":1401147.6940112931,"standard_error":304562.1919446038}}