{"mean":{"confidence_interval":{"confidence_level":0.95,"lower_bound":258217214.05,"upper_bound":260652583.85},"point_estimate":259345723.95,"standard_error":628127.8695693568},"median":{"confidence_interval":{"confidence_level":0.95,"lower_bound":257605293.0,"upper_bound":260878822.5},"point_estimate":259098508.5,"standard_error":799911.0419386581},"median_abs_dev":{"confidence_interval":{"confidence_level":0.95,"lower_bound":171582.77755379677,"upper_bound":3314552.0215049386},"point_estimate":2357306.5300494432,"standard_error":839830.6021000969},"slope":null,"std_dev":{"confidence_interval":{"confidence_level":0.95,"lower_bound":925800.6723788694,"upper_bound":2720575.050332334},"point_estimate":2081214.3968171359,"standard_error":463413.47835634096}}