{"mean":{"confidence_interval":{"confidence_level":0.95,"lower_bound":-0.07991986059721005,"upper_bound":-0.06571709138052037},"point_estimate":-0.07300310187551673,"standard_error":0.00365711777827031},"median":{"confidence_interval":{"confidence_level":0.95,"lower_bound":-0.08437354500195515,"upper_bound":-0.06317776326803659},"point_estimate":-0.0737077168923922,"standard_error":0.005542587819726963}}