{"mean":{"confidence_interval":{"confidence_level":0.95,"lower_bound":0.007224563029312337,"upper_bound":0.00883314099837893},"point_estimate":0.008037729062756238,"standard_error":0.0004088815090960136},"median":{"confidence_interval":{"confidence_level":0.95,"lower_bound":0.006781622453983827,"upper_bound":0.009306716278657978},"point_estimate":0.008056576721431119,"standard_error":0.0006492079470925012}}