{"mean":{"confidence_interval":{"confidence_level":0.95,"lower_bound":-0.0412422373140493,"upper_bound":-0.037912279201197774},"point_estimate":-0.039480806360084664,"standard_error":0.0008524500272965775},"median":{"confidence_interval":{"confidence_level":0.95,"lower_bound":-0.040924366669147894,"upper_bound":-0.038549954448699596},"point_estimate":-0.03964440067445685,"standard_error":0.0006733715689503786}}