{"mean":{"confidence_interval":{"confidence_level":0.95,"lower_bound":-0.03113342574300803,"upper_bound":-0.02876703532908843},"point_estimate":-0.029950219409874745,"standard_error":0.0006013040510681365},"median":{"confidence_interval":{"confidence_level":0.95,"lower_bound":-0.031339356185848155,"upper_bound":-0.028228047745697538},"point_estimate":-0.030141103642265188,"standard_error":0.000791348305650887}}