{"mean":{"confidence_interval":{"confidence_level":0.95,"lower_bound":3247234.62815625,"upper_bound":3250821.06715625},"point_estimate":3248883.66625,"standard_error":917.5445582074801},"median":{"confidence_interval":{"confidence_level":0.95,"lower_bound":3246811.125,"upper_bound":3249789.75},"point_estimate":3248058.75,"standard_error":699.2759557411704},"median_abs_dev":{"confidence_interval":{"confidence_level":0.95,"lower_bound":4303.895061090589,"upper_bound":7540.086484886706},"point_estimate":6458.159154094756,"standard_error":808.997278059685},"slope":null,"std_dev":{"confidence_interval":{"confidence_level":0.95,"lower_bound":5343.300553625767,"upper_bound":12876.225373364156},"point_estimate":9216.383813339875,"standard_error":1995.0931717372976}}