{"mean":{"confidence_interval":{"confidence_level":0.95,"lower_bound":5.288588632235164e-6,"upper_bound":0.0012062709410572683},"point_estimate":0.0006205858816863419,"standard_error":0.00030536332044234866},"median":{"confidence_interval":{"confidence_level":0.95,"lower_bound":-0.00017713839121846764,"upper_bound":0.0010818214515486702},"point_estimate":0.0005769975059550791,"standard_error":0.0003265361398159887}}