{"mean":{"confidence_interval":{"confidence_level":0.95,"lower_bound":-0.003928592000596556,"upper_bound":0.001965096013584104},"point_estimate":-0.0015120749952829415,"standard_error":0.0015215484578666727},"median":{"confidence_interval":{"confidence_level":0.95,"lower_bound":-0.005811202470914378,"upper_bound":-0.0029963929469309925},"point_estimate":-0.004376230592953334,"standard_error":0.0006889830835492731}}