{"mean":{"confidence_interval":{"confidence_level":0.95,"lower_bound":0.015813109008356096,"upper_bound":0.026713683351974993},"point_estimate":0.020838463909270466,"standard_error":0.002732565678294123},"median":{"confidence_interval":{"confidence_level":0.95,"lower_bound":0.01943540884132622,"upper_bound":0.022196593437679546},"point_estimate":0.02110224110478187,"standard_error":0.0007460596207496755}}