{"mean":{"confidence_interval":{"confidence_level":0.95,"lower_bound":-0.0030491484670157137,"upper_bound":0.010303557345169103},"point_estimate":0.002512616080453167,"standard_error":0.0034366618912076425},"median":{"confidence_interval":{"confidence_level":0.95,"lower_bound":-0.004584323586115824,"upper_bound":-0.0010777821436380175},"point_estimate":-0.002702121083114628,"standard_error":0.0008718844262105607}}