{"mean":{"confidence_interval":{"confidence_level":0.95,"lower_bound":35402.061751318084,"upper_bound":35559.22511367191},"point_estimate":35462.458617864315,"standard_error":42.095602973029834},"median":{"confidence_interval":{"confidence_level":0.95,"lower_bound":35371.456026785716,"upper_bound":35447.35066046967},"point_estimate":35411.110363774154,"standard_error":18.13182771148259},"median_abs_dev":{"confidence_interval":{"confidence_level":0.95,"lower_bound":105.95668026251155,"upper_bound":177.87469424594028},"point_estimate":138.28268806482504,"standard_error":18.71214594276216},"slope":{"confidence_interval":{"confidence_level":0.95,"lower_bound":35450.033165230496,"upper_bound":35532.03375225824},"point_estimate":35490.589020667525,"standard_error":20.926822502003557},"std_dev":{"confidence_interval":{"confidence_level":0.95,"lower_bound":122.57001087689267,"upper_bound":700.0034102115529},"point_estimate":422.0723220594257,"standard_error":197.2048967141986}}