{"mean":{"confidence_interval":{"confidence_level":0.95,"lower_bound":0.006349017673478741,"upper_bound":0.011397867444528875},"point_estimate":0.008495247339870948,"standard_error":0.0012930418835827827},"median":{"confidence_interval":{"confidence_level":0.95,"lower_bound":0.006406391476193152,"upper_bound":0.009332905364169773},"point_estimate":0.007982933946648618,"standard_error":0.0007131259195024274}}