{"mean":{"confidence_interval":{"confidence_level":0.95,"lower_bound":-0.016534452052581358,"upper_bound":-0.011530708433030619},"point_estimate":-0.013980313170247838,"standard_error":0.0012796578832913606},"median":{"confidence_interval":{"confidence_level":0.95,"lower_bound":-0.014650239448254054,"upper_bound":-0.00848590200609789},"point_estimate":-0.012495746839554345,"standard_error":0.001548240773693965}}