{"mean":{"confidence_interval":{"confidence_level":0.95,"lower_bound":0.0017621922518942516,"upper_bound":0.008001100554133427},"point_estimate":0.004607826445550911,"standard_error":0.001576322848783837},"median":{"confidence_interval":{"confidence_level":0.95,"lower_bound":-0.00020124451675773702,"upper_bound":0.004161870530434264},"point_estimate":0.0020932341941268806,"standard_error":0.001123147459869272}}