{"mean":{"confidence_interval":{"confidence_level":0.95,"lower_bound":-0.006259094577940289,"upper_bound":-0.0003372178841537842},"point_estimate":-0.003008292824878911,"standard_error":0.0015163846312565988},"median":{"confidence_interval":{"confidence_level":0.95,"lower_bound":-0.0009346333097309811,"upper_bound":0.001622119331031957},"point_estimate":0.00039087807439330824,"standard_error":0.0006300954682322252}}