{"mean":{"confidence_interval":{"confidence_level":0.95,"lower_bound":-0.01838957636438724,"upper_bound":-0.015299522048071817},"point_estimate":-0.016821322613080114,"standard_error":0.0007860775864603762},"median":{"confidence_interval":{"confidence_level":0.95,"lower_bound":-0.017675477241681725,"upper_bound":-0.01510001379864856},"point_estimate":-0.016421120403388056,"standard_error":0.0006529473627044167}}