{"mean":{"confidence_interval":{"confidence_level":0.95,"lower_bound":-0.0140224476198057,"upper_bound":-0.006720383683606984},"point_estimate":-0.010280811334543283,"standard_error":0.0018585844093582298},"median":{"confidence_interval":{"confidence_level":0.95,"lower_bound":-0.010286222625587316,"upper_bound":-0.007399789109153622},"point_estimate":-0.008550470825690604,"standard_error":0.0006511678195446384}}