{"mean":{"confidence_interval":{"confidence_level":0.95,"lower_bound":-0.011083536878467212,"upper_bound":-0.008952799904603527},"point_estimate":-0.010004791745322539,"standard_error":0.0005464755664398534},"median":{"confidence_interval":{"confidence_level":0.95,"lower_bound":-0.01051331986447468,"upper_bound":-0.008379070430447954},"point_estimate":-0.009254505741036922,"standard_error":0.0005462066845062677}}