{"mean":{"confidence_interval":{"confidence_level":0.95,"lower_bound":828304.7302080258,"upper_bound":829289.5293640427},"point_estimate":828774.2120920387,"standard_error":250.4814013989284},"median":{"confidence_interval":{"confidence_level":0.95,"lower_bound":827948.8103448276,"upper_bound":828767.8428475034},"point_estimate":828267.3999202552,"standard_error":207.62536612416446},"median_abs_dev":{"confidence_interval":{"confidence_level":0.95,"lower_bound":1469.5470379542,"upper_bound":2345.833752944467},"point_estimate":1841.3228313139266,"standard_error":225.2391538769056},"slope":{"confidence_interval":{"confidence_level":0.95,"lower_bound":828143.3061903742,"upper_bound":829254.2386275835},"point_estimate":828668.2365834195,"standard_error":284.12407746450936},"std_dev":{"confidence_interval":{"confidence_level":0.95,"lower_bound":1825.3203916590471,"upper_bound":3229.2629193526736},"point_estimate":2519.193098231889,"standard_error":365.71329107646335}}