{"mean":{"confidence_interval":{"confidence_level":0.95,"lower_bound":617006.6664917461,"upper_bound":618724.0735099886},"point_estimate":617846.9611230108,"standard_error":436.83056133756924},"median":{"confidence_interval":{"confidence_level":0.95,"lower_bound":617009.5795454546,"upper_bound":617979.369047619},"point_estimate":617422.5560586734,"standard_error":266.62180261895185},"median_abs_dev":{"confidence_interval":{"confidence_level":0.95,"lower_bound":1994.58263726677,"upper_bound":3777.7301441129976},"point_estimate":2879.6670481024594,"standard_error":491.84709370305853},"slope":{"confidence_interval":{"confidence_level":0.95,"lower_bound":617205.1076510288,"upper_bound":618445.7260650342},"point_estimate":617813.872970297,"standard_error":316.4400831312361},"std_dev":{"confidence_interval":{"confidence_level":0.95,"lower_bound":3427.0644129132747,"upper_bound":5250.974867705905},"point_estimate":4388.300616183667,"standard_error":465.64308073220366}}