{"mean":{"confidence_interval":{"confidence_level":0.95,"lower_bound":422284.27179466095,"upper_bound":426435.39110835124},"point_estimate":423860.88245764794,"standard_error":1139.4296678482046},"median":{"confidence_interval":{"confidence_level":0.95,"lower_bound":421558.82937225525,"upper_bound":422795.53659574466},"point_estimate":421950.82916053024,"standard_error":353.5868687066654},"median_abs_dev":{"confidence_interval":{"confidence_level":0.95,"lower_bound":1602.9877975412874,"upper_bound":2499.980413745786},"point_estimate":1999.587769187731,"standard_error":237.72674706414313},"slope":{"confidence_interval":{"confidence_level":0.95,"lower_bound":421959.2863918989,"upper_bound":423138.99967278},"point_estimate":422498.71791143296,"standard_error":301.33610464761057},"std_dev":{"confidence_interval":{"confidence_level":0.95,"lower_bound":2536.675189647825,"upper_bound":19269.733300308366},"point_estimate":11515.989904863796,"standard_error":5662.01403815129}}