{"mean":{"confidence_interval":{"confidence_level":0.95,"lower_bound":50549038.40652778,"upper_bound":50951692.333350696},"point_estimate":50763687.816527784,"standard_error":103957.53410368696},"median":{"confidence_interval":{"confidence_level":0.95,"lower_bound":50503602.9375,"upper_bound":51074510.35},"point_estimate":50883501.58125,"standard_error":136745.86651559602},"median_abs_dev":{"confidence_interval":{"confidence_level":0.95,"lower_bound":25505.422683861772,"upper_bound":558902.33744625},"point_estimate":334701.0860716223,"standard_error":135982.755591663},"slope":{"confidence_interval":{"confidence_level":0.95,"lower_bound":50519751.38209607,"upper_bound":50968140.750995174},"point_estimate":50806923.883116886,"standard_error":115513.79602611238},"std_dev":{"confidence_interval":{"confidence_level":0.95,"lower_bound":161885.6678499387,"upper_bound":450879.8615808128},"point_estimate":346421.3771686018,"standard_error":76381.51097501173}}