{"mean":{"confidence_interval":{"confidence_level":0.95,"lower_bound":3763169.283133333,"upper_bound":3772670.61835873},"point_estimate":3767718.89195873,"standard_error":2439.767273701407},"median":{"confidence_interval":{"confidence_level":0.95,"lower_bound":3759698.04,"upper_bound":3773863.34},"point_estimate":3766401.9393333336,"standard_error":3272.9202739140533},"median_abs_dev":{"confidence_interval":{"confidence_level":0.95,"lower_bound":1108.9828035116407,"upper_bound":14033.553847957672},"point_estimate":10051.12541235737,"standard_error":3496.169141458996},"slope":{"confidence_interval":{"confidence_level":0.95,"lower_bound":3764856.934257426,"upper_bound":3775385.86325},"point_estimate":3769976.7377662337,"standard_error":2681.6689542446497},"std_dev":{"confidence_interval":{"confidence_level":0.95,"lower_bound":3953.4566586042743,"upper_bound":9935.899729738669},"point_estimate":8124.1796231942735,"standard_error":1452.9380420489683}}