{"mean":{"confidence_interval":{"confidence_level":0.95,"lower_bound":197257530.90000004,"upper_bound":198424514.0},"point_estimate":197884425.93333334,"standard_error":299488.6192166851},"median":{"confidence_interval":{"confidence_level":0.95,"lower_bound":197151253.3333333,"upper_bound":198752499.33333334},"point_estimate":198061484.6666667,"standard_error":309440.8026433211},"median_abs_dev":{"confidence_interval":{"confidence_level":0.95,"lower_bound":63823.95206690571,"upper_bound":1541867.1547264156},"point_estimate":786749.5832324176,"standard_error":422997.28672907973},"slope":null,"std_dev":{"confidence_interval":{"confidence_level":0.95,"lower_bound":393297.7139917362,"upper_bound":1255453.7264360313},"point_estimate":993208.492760499,"standard_error":224701.0663729123}}