{"mean":{"confidence_interval":{"confidence_level":0.95,"lower_bound":3238148.98325,"upper_bound":3241522.83896875},"point_estimate":3239795.025,"standard_error":859.4956965175493},"median":{"confidence_interval":{"confidence_level":0.95,"lower_bound":3235277.25,"upper_bound":3239874.125},"point_estimate":3236991.25,"standard_error":1149.2910499243478},"median_abs_dev":{"confidence_interval":{"confidence_level":0.95,"lower_bound":5187.709970399737,"upper_bound":9965.01773558557},"point_estimate":7058.473149687052,"standard_error":1149.1263236573152},"slope":null,"std_dev":{"confidence_interval":{"confidence_level":0.95,"lower_bound":7430.709788655528,"upper_bound":9690.193232214318},"point_estimate":8658.29633720805,"standard_error":576.4580941654542}}