{"mean":{"confidence_interval":{"confidence_level":0.95,"lower_bound":35793.47362433507,"upper_bound":35846.084819362004},"point_estimate":35819.12541170423,"standard_error":13.37829449331513},"median":{"confidence_interval":{"confidence_level":0.95,"lower_bound":35784.05906593407,"upper_bound":35850.182910313},"point_estimate":35822.77642306923,"standard_error":14.8561966749756},"median_abs_dev":{"confidence_interval":{"confidence_level":0.95,"lower_bound":107.92614741492646,"upper_bound":167.34936690183497},"point_estimate":136.26330737791,"standard_error":15.073924716340775},"slope":{"confidence_interval":{"confidence_level":0.95,"lower_bound":35860.35689346686,"upper_bound":35902.81000618976},"point_estimate":35881.563397158476,"standard_error":10.813450676990405},"std_dev":{"confidence_interval":{"confidence_level":0.95,"lower_bound":107.2050741520422,"upper_bound":165.39127937730856},"point_estimate":134.5817681807254,"standard_error":15.317289358203224}}