{"mean":{"confidence_interval":{"confidence_level":0.95,"lower_bound":38141.42282070435,"upper_bound":38184.94293210945},"point_estimate":38162.737198170274,"standard_error":11.120005898566754},"median":{"confidence_interval":{"confidence_level":0.95,"lower_bound":38115.619963369965,"upper_bound":38170.81008806008},"point_estimate":38145.32056714472,"standard_error":13.42787014053971},"median_abs_dev":{"confidence_interval":{"confidence_level":0.95,"lower_bound":73.7468880924406,"upper_bound":122.62807099120576},"point_estimate":102.61731716081053,"standard_error":12.457997177203383},"slope":{"confidence_interval":{"confidence_level":0.95,"lower_bound":38156.998084172366,"upper_bound":38222.188854968685},"point_estimate":38189.71655090882,"standard_error":16.625286106651867},"std_dev":{"confidence_interval":{"confidence_level":0.95,"lower_bound":91.59745661694289,"upper_bound":131.03626124032016},"point_estimate":112.06375478355879,"standard_error":10.081753178547391}}