{"mean":{"confidence_interval":{"confidence_level":0.95,"lower_bound":807435.7948162173,"upper_bound":809110.7671764432},"point_estimate":808242.992111348,"standard_error":426.76335165187396},"median":{"confidence_interval":{"confidence_level":0.95,"lower_bound":806714.38891774,"upper_bound":808870.4485294118},"point_estimate":807782.4547794117,"standard_error":542.2394889117404},"median_abs_dev":{"confidence_interval":{"confidence_level":0.95,"lower_bound":2712.185607284801,"upper_bound":4388.063254841301},"point_estimate":3782.7086857300515,"standard_error":431.32311182824105},"slope":{"confidence_interval":{"confidence_level":0.95,"lower_bound":807733.1473700878,"upper_bound":809105.1084577594},"point_estimate":808414.4393586523,"standard_error":350.03439618698707},"std_dev":{"confidence_interval":{"confidence_level":0.95,"lower_bound":3215.4735076137963,"upper_bound":5481.158418127229},"point_estimate":4297.844915626222,"standard_error":597.3422980433526}}