{"mean":{"confidence_interval":{"confidence_level":0.95,"lower_bound":28930383.983431544,"upper_bound":29354957.033973213},"point_estimate":29124463.151289683,"standard_error":109644.40042779894},"median":{"confidence_interval":{"confidence_level":0.95,"lower_bound":28850193.775,"upper_bound":29350938.572916664},"point_estimate":28947118.625,"standard_error":148804.86621555433},"median_abs_dev":{"confidence_interval":{"confidence_level":0.95,"lower_bound":23902.594148142653,"upper_bound":602240.104758102},"point_estimate":172664.01300460083,"standard_error":155209.5575931053},"slope":{"confidence_interval":{"confidence_level":0.95,"lower_bound":28883270.531177655,"upper_bound":29579109.68981489},"point_estimate":29174899.253896102,"standard_error":191611.674465951},"std_dev":{"confidence_interval":{"confidence_level":0.95,"lower_bound":148389.38338260364,"upper_bound":495020.99126869236},"point_estimate":365977.34497948486,"standard_error":95130.67804843036}}