{"mean":{"confidence_interval":{"confidence_level":0.95,"lower_bound":3358526.7055761316,"upper_bound":3458752.7396141975},"point_estimate":3403409.060102881,"standard_error":25836.602330188474},"median":{"confidence_interval":{"confidence_level":0.95,"lower_bound":3330343.435185185,"upper_bound":3452734.734567901},"point_estimate":3381769.762962963,"standard_error":26805.081002746672},"median_abs_dev":{"confidence_interval":{"confidence_level":0.95,"lower_bound":4328.272924701292,"upper_bound":128152.60129891057},"point_estimate":79282.27169313734,"standard_error":31676.736884227044},"slope":{"confidence_interval":{"confidence_level":0.95,"lower_bound":3336836.4508908438,"upper_bound":3394179.3949441505},"point_estimate":3358815.9285233286,"standard_error":14617.230067184602},"std_dev":{"confidence_interval":{"confidence_level":0.95,"lower_bound":30763.15509125929,"upper_bound":119461.47612195458},"point_estimate":86350.63276498106,"standard_error":24399.469360902483}}