{"mean":{"confidence_interval":{"confidence_level":0.95,"lower_bound":8470014.957777778,"upper_bound":9177537.934570108},"point_estimate":8818666.641822089,"standard_error":180827.34872856014},"median":{"confidence_interval":{"confidence_level":0.95,"lower_bound":8366690.0,"upper_bound":9293139.444444444},"point_estimate":8771253.232142858,"standard_error":240566.21046415225},"median_abs_dev":{"confidence_interval":{"confidence_level":0.95,"lower_bound":166845.58235456608,"upper_bound":1044887.2370703751},"point_estimate":630601.6392129161,"standard_error":230617.69217056426},"slope":{"confidence_interval":{"confidence_level":0.95,"lower_bound":8574867.497118644,"upper_bound":9427993.618870856},"point_estimate":9064972.854112554,"standard_error":214504.723355608},"std_dev":{"confidence_interval":{"confidence_level":0.95,"lower_bound":339054.06673378096,"upper_bound":755359.1983718844},"point_estimate":601942.4553654321,"standard_error":105435.9554518011}}