{"mean":{"confidence_interval":{"confidence_level":0.95,"lower_bound":3403695.6772,"upper_bound":3409333.1046666675},"point_estimate":3406482.233333333,"standard_error":1434.2776114330077},"median":{"confidence_interval":{"confidence_level":0.95,"lower_bound":3399967.3666666667,"upper_bound":3408063.2},"point_estimate":3404035.7333333334,"standard_error":1937.6307168069345},"median_abs_dev":{"confidence_interval":{"confidence_level":0.95,"lower_bound":12018.647266626542,"upper_bound":19825.871703519795},"point_estimate":16235.359271764548,"standard_error":1957.22015973957},"slope":null,"std_dev":{"confidence_interval":{"confidence_level":0.95,"lower_bound":12650.581592007597,"upper_bound":15882.11871349562},"point_estimate":14398.038107217239,"standard_error":823.0893815576717}}