{"mean":{"confidence_interval":{"confidence_level":0.95,"lower_bound":10839.60135258223,"upper_bound":10966.271614954278},"point_estimate":10899.067943494874,"standard_error":32.48202516449069},"median":{"confidence_interval":{"confidence_level":0.95,"lower_bound":10760.934139784946,"upper_bound":10782.671967287597},"point_estimate":10774.06115591398,"standard_error":5.775046835986573},"median_abs_dev":{"confidence_interval":{"confidence_level":0.95,"lower_bound":33.654019005811655,"upper_bound":85.80339216844098},"point_estimate":58.031096736491065,"standard_error":14.01999057696839},"slope":{"confidence_interval":{"confidence_level":0.95,"lower_bound":10772.126007163948,"upper_bound":10830.63651474238},"point_estimate":10797.765965954322,"standard_error":14.963249475045927},"std_dev":{"confidence_interval":{"confidence_level":0.95,"lower_bound":229.42334993536943,"upper_bound":404.4167410856751},"point_estimate":326.0840482812729,"standard_error":44.77884161799722}}