{"mean":{"confidence_interval":{"confidence_level":0.95,"lower_bound":10562112.635802468,"upper_bound":10608565.69968254},"point_estimate":10587257.813946208,"standard_error":11918.855182015113},"median":{"confidence_interval":{"confidence_level":0.95,"lower_bound":10562698.729166666,"upper_bound":10614138.370370371},"point_estimate":10593803.015873015,"standard_error":9964.120887538305},"median_abs_dev":{"confidence_interval":{"confidence_level":0.95,"lower_bound":4694.313054160204,"upper_bound":64994.931752037155},"point_estimate":21526.909583377088,"standard_error":15785.80397267851},"slope":{"confidence_interval":{"confidence_level":0.95,"lower_bound":10588004.355564196,"upper_bound":10609211.888143176},"point_estimate":10596372.64992785,"standard_error":5397.304647205674},"std_dev":{"confidence_interval":{"confidence_level":0.95,"lower_bound":13225.51904302643,"upper_bound":53080.69254609787},"point_estimate":39724.42386017993,"standard_error":10220.228782436108}}