{"mean":{"confidence_interval":{"confidence_level":0.95,"lower_bound":93652814.47109723,"upper_bound":94268482.58109821},"point_estimate":93958970.70996031,"standard_error":157888.03988056013},"median":{"confidence_interval":{"confidence_level":0.95,"lower_bound":93478124.1,"upper_bound":94549133.0},"point_estimate":93876068.0,"standard_error":311368.9696357034},"median_abs_dev":{"confidence_interval":{"confidence_level":0.95,"lower_bound":51634.482808317305,"upper_bound":856374.5042163178},"point_estimate":691572.5459021286,"standard_error":211794.3562069967},"slope":{"confidence_interval":{"confidence_level":0.95,"lower_bound":93578348.73236391,"upper_bound":94431239.96034998},"point_estimate":93941561.05974026,"standard_error":218135.5115708399},"std_dev":{"confidence_interval":{"confidence_level":0.95,"lower_bound":351211.6833468802,"upper_bound":599647.222427456},"point_estimate":526412.2666038782,"standard_error":64186.999900901494}}