{"mean":{"confidence_interval":{"confidence_level":0.95,"lower_bound":268812627.7025,"upper_bound":272122436.85875},"point_estimate":270332410.45,"standard_error":846175.5391161384},"median":{"confidence_interval":{"confidence_level":0.95,"lower_bound":269066606.5,"upper_bound":271468051.0},"point_estimate":269801238.25,"standard_error":558495.5192934943},"median_abs_dev":{"confidence_interval":{"confidence_level":0.95,"lower_bound":239223.43615293503,"upper_bound":4139393.1810110807},"point_estimate":1229746.2546676397,"standard_error":945807.8787210291},"slope":null,"std_dev":{"confidence_interval":{"confidence_level":0.95,"lower_bound":828473.732458023,"upper_bound":4094709.6991247907},"point_estimate":2830314.557217247,"standard_error":894095.2440661431}}