{"mean":{"confidence_interval":{"confidence_level":0.95,"lower_bound":147944594.425119,"upper_bound":149358004.04464287},"point_estimate":148749383.57297617,"standard_error":366790.20363850356},"median":{"confidence_interval":{"confidence_level":0.95,"lower_bound":148460831.57142857,"upper_bound":149459051.75},"point_estimate":148969006.1875,"standard_error":267057.0360630878},"median_abs_dev":{"confidence_interval":{"confidence_level":0.95,"lower_bound":64859.89408851554,"upper_bound":1424395.5697119532},"point_estimate":696580.6415332247,"standard_error":337069.05048319406},"slope":{"confidence_interval":{"confidence_level":0.95,"lower_bound":148786372.7767221,"upper_bound":149389237.56216216},"point_estimate":149090271.75064936,"standard_error":153439.76709800842},"std_dev":{"confidence_interval":{"confidence_level":0.95,"lower_bound":380728.77705331723,"upper_bound":1774415.470865485},"point_estimate":1223667.0406961367,"standard_error":418231.33351574617}}