{"mean":{"confidence_interval":{"confidence_level":0.95,"lower_bound":5505884.789509805,"upper_bound":5526539.256049019},"point_estimate":5516575.521342203,"standard_error":5269.888250588402},"median":{"confidence_interval":{"confidence_level":0.95,"lower_bound":5509255.8125,"upper_bound":5528935.465686275},"point_estimate":5517109.207282914,"standard_error":3842.3708699695558},"median_abs_dev":{"confidence_interval":{"confidence_level":0.95,"lower_bound":911.2350144110565,"upper_bound":29081.9833895741},"point_estimate":6380.535796527871,"standard_error":7732.584024792589},"slope":{"confidence_interval":{"confidence_level":0.95,"lower_bound":5493152.646068528,"upper_bound":5523276.865499008},"point_estimate":5506736.581359817,"standard_error":7997.2814514813535},"std_dev":{"confidence_interval":{"confidence_level":0.95,"lower_bound":6028.634174359496,"upper_bound":24176.630372371506},"point_estimate":17483.177836982384,"standard_error":4479.791523146914}}