{"mean":{"confidence_interval":{"confidence_level":0.95,"lower_bound":193255930.49833333,"upper_bound":195880887.56666666},"point_estimate":194575869.8333333,"standard_error":671471.9654122168},"median":{"confidence_interval":{"confidence_level":0.95,"lower_bound":192789356.33333334,"upper_bound":196429992.0},"point_estimate":194815066.83333334,"standard_error":851191.5650439106},"median_abs_dev":{"confidence_interval":{"confidence_level":0.95,"lower_bound":288648.3772754522,"upper_bound":3894867.2260522842},"point_estimate":2115256.51704669,"standard_error":932030.6794435653},"slope":null,"std_dev":{"confidence_interval":{"confidence_level":0.95,"lower_bound":1242242.578766791,"upper_bound":2808021.2149835033},"point_estimate":2224985.8325283774,"standard_error":402756.02060076396}}