{"mean":{"confidence_interval":{"confidence_level":0.95,"lower_bound":10716.48234421949,"upper_bound":10748.562690854409},"point_estimate":10731.23941505306,"standard_error":8.235362999916033},"median":{"confidence_interval":{"confidence_level":0.95,"lower_bound":10706.247311827958,"upper_bound":10726.843191593354},"point_estimate":10710.94527197976,"standard_error":6.0443227013399445},"median_abs_dev":{"confidence_interval":{"confidence_level":0.95,"lower_bound":45.013709951788535,"upper_bound":70.00198145356724},"point_estimate":57.500970865566174,"standard_error":5.761416671438163},"slope":{"confidence_interval":{"confidence_level":0.95,"lower_bound":10715.678256271483,"upper_bound":10751.895901062873},"point_estimate":10732.14984337336,"standard_error":9.266612706590937},"std_dev":{"confidence_interval":{"confidence_level":0.95,"lower_bound":49.234277146544024,"upper_bound":112.9114251256653},"point_estimate":82.71576358013998,"standard_error":16.3731215014613}}