{"mean":{"confidence_interval":{"confidence_level":0.95,"lower_bound":672746.071879737,"upper_bound":673531.3592544926},"point_estimate":673130.0214774647,"standard_error":200.3175876666491},"median":{"confidence_interval":{"confidence_level":0.95,"lower_bound":672334.205479452,"upper_bound":673218.1298701299},"point_estimate":672892.5131659522,"standard_error":250.06798271938376},"median_abs_dev":{"confidence_interval":{"confidence_level":0.95,"lower_bound":1507.6231681644176,"upper_bound":2305.6454064850636},"point_estimate":1944.7784043357124,"standard_error":199.40929853185403},"slope":{"confidence_interval":{"confidence_level":0.95,"lower_bound":672829.7916031033,"upper_bound":673523.9807276671},"point_estimate":673168.1679710359,"standard_error":177.21770083691254},"std_dev":{"confidence_interval":{"confidence_level":0.95,"lower_bound":1666.4569947400646,"upper_bound":2369.102353259225},"point_estimate":2016.0268284905114,"standard_error":180.27989876833516}}