{"mean":{"confidence_interval":{"confidence_level":0.95,"lower_bound":893181.8535008626,"upper_bound":894602.4583349333},"point_estimate":893857.3301637733,"standard_error":362.7827546998755},"median":{"confidence_interval":{"confidence_level":0.95,"lower_bound":892376.051724138,"upper_bound":893534.5089285715},"point_estimate":892806.1742857143,"standard_error":272.9853821222427},"median_abs_dev":{"confidence_interval":{"confidence_level":0.95,"lower_bound":1765.5024420935085,"upper_bound":3679.4585998938983},"point_estimate":2989.841235779357,"standard_error":508.4907979653696},"slope":{"confidence_interval":{"confidence_level":0.95,"lower_bound":892138.4696578234,"upper_bound":893251.0593627768},"point_estimate":892673.2396438599,"standard_error":283.7818146475322},"std_dev":{"confidence_interval":{"confidence_level":0.95,"lower_bound":2681.913623886999,"upper_bound":4563.70600663857},"point_estimate":3638.0982098734994,"standard_error":485.06450858876985}}