{"mean":{"confidence_interval":{"confidence_level":0.95,"lower_bound":12854004.746736113,"upper_bound":12998849.933680555},"point_estimate":12926390.267743055,"standard_error":37105.71408600481},"median":{"confidence_interval":{"confidence_level":0.95,"lower_bound":12810327.95,"upper_bound":13045798.375},"point_estimate":12934466.736111112,"standard_error":74655.66797679383},"median_abs_dev":{"confidence_interval":{"confidence_level":0.95,"lower_bound":23691.588512202725,"upper_bound":198245.81146574634},"point_estimate":174554.22295354362,"standard_error":47606.819819387},"slope":{"confidence_interval":{"confidence_level":0.95,"lower_bound":12833486.443622643,"upper_bound":13003536.566764334},"point_estimate":12909714.09935065,"standard_error":43986.68885808223},"std_dev":{"confidence_interval":{"confidence_level":0.95,"lower_bound":83342.75542818542,"upper_bound":141409.94355364965},"point_estimate":123592.80968695816,"standard_error":14818.018204865994}}