{"mean":{"confidence_interval":{"confidence_level":0.95,"lower_bound":206519621.26666668,"upper_bound":208947861.7},"point_estimate":207741826.96666667,"standard_error":620197.0759268942},"median":{"confidence_interval":{"confidence_level":0.95,"lower_bound":205386721.66666666,"upper_bound":209091074.8333333},"point_estimate":208403666.0,"standard_error":962913.5634368776},"median_abs_dev":{"confidence_interval":{"confidence_level":0.95,"lower_bound":139496.59602344772,"upper_bound":3773197.412112326},"point_estimate":2036466.2124454828,"standard_error":957448.2246107637},"slope":null,"std_dev":{"confidence_interval":{"confidence_level":0.95,"lower_bound":1231640.4210656497,"upper_bound":2533665.3554247804},"point_estimate":2064168.8586092205,"standard_error":332126.725143541}}