{"mean":{"confidence_interval":{"confidence_level":0.95,"lower_bound":2834773.2742083333,"upper_bound":2843268.0599583345},"point_estimate":2838951.997222222,"standard_error":2160.50094820467},"median":{"confidence_interval":{"confidence_level":0.95,"lower_bound":2829346.9444444445,"upper_bound":2843774.111111111},"point_estimate":2835515.111111111,"standard_error":3953.767743234071},"median_abs_dev":{"confidence_interval":{"confidence_level":0.95,"lower_bound":16831.051467855927,"upper_bound":27546.789877613308},"point_estimate":22639.54869806778,"standard_error":2634.912585742782},"slope":null,"std_dev":{"confidence_interval":{"confidence_level":0.95,"lower_bound":18822.10186521252,"upper_bound":24544.49652718996},"point_estimate":21774.22503354103,"standard_error":1464.0384006480208}}