{"mean":{"confidence_interval":{"confidence_level":0.95,"lower_bound":290703.5808799455,"upper_bound":291169.20790217834},"point_estimate":290915.6169265939,"standard_error":118.94818441478306},"median":{"confidence_interval":{"confidence_level":0.95,"lower_bound":290599.0302197802,"upper_bound":290838.15},"point_estimate":290726.46530612244,"standard_error":64.99724650666045},"median_abs_dev":{"confidence_interval":{"confidence_level":0.95,"lower_bound":352.34420697019806,"upper_bound":697.0967046829054},"point_estimate":475.2535990625649,"standard_error":86.32061325564523},"slope":{"confidence_interval":{"confidence_level":0.95,"lower_bound":290747.64865224366,"upper_bound":291340.48005793715},"point_estimate":291003.9076008571,"standard_error":153.11079217955657},"std_dev":{"confidence_interval":{"confidence_level":0.95,"lower_bound":666.9653176099325,"upper_bound":1685.544087571863},"point_estimate":1198.6177699637788,"standard_error":267.83429070394686}}