{"mean":{"confidence_interval":{"confidence_level":0.95,"lower_bound":135562.21150779785,"upper_bound":135878.12725299195},"point_estimate":135706.98108194728,"standard_error":81.14192378632447},"median":{"confidence_interval":{"confidence_level":0.95,"lower_bound":135450.59375,"upper_bound":135571.65419995796},"point_estimate":135511.74979413702,"standard_error":33.04786330129752},"median_abs_dev":{"confidence_interval":{"confidence_level":0.95,"lower_bound":232.8585564054381,"upper_bound":428.19044745400964},"point_estimate":327.2102310238669,"standard_error":51.33743444435297},"slope":{"confidence_interval":{"confidence_level":0.95,"lower_bound":135642.8540411484,"upper_bound":135925.29202032564},"point_estimate":135778.1644550761,"standard_error":72.14591395330604},"std_dev":{"confidence_interval":{"confidence_level":0.95,"lower_bound":490.1504037363256,"upper_bound":1136.4547395450431},"point_estimate":814.1309963283345,"standard_error":172.28342232764084}}