{"mean":{"confidence_interval":{"confidence_level":0.95,"lower_bound":222593.63145444286,"upper_bound":223655.02204635227},"point_estimate":223078.372834481,"standard_error":273.9330484544916},"median":{"confidence_interval":{"confidence_level":0.95,"lower_bound":222498.31274509805,"upper_bound":223637.74417892157},"point_estimate":222840.7373876634,"standard_error":283.5259676394177},"median_abs_dev":{"confidence_interval":{"confidence_level":0.95,"lower_bound":91.10606254921045,"upper_bound":1387.6895921282965},"point_estimate":536.3428500551951,"standard_error":329.7857525119901},"slope":{"confidence_interval":{"confidence_level":0.95,"lower_bound":222597.11265670203,"upper_bound":224262.53182836832},"point_estimate":223408.7633180545,"standard_error":470.73841911293647},"std_dev":{"confidence_interval":{"confidence_level":0.95,"lower_bound":329.69175922347614,"upper_bound":1224.730552608463},"point_estimate":911.9602172746758,"standard_error":237.84510451785107}}