{"mean":{"confidence_interval":{"confidence_level":0.95,"lower_bound":945859.2421489323,"upper_bound":950106.9776471526},"point_estimate":947848.0327990508,"standard_error":1083.9186616925729},"median":{"confidence_interval":{"confidence_level":0.95,"lower_bound":944183.7835051547,"upper_bound":949767.4117983964},"point_estimate":948060.8981099657,"standard_error":1502.1286649882738},"median_abs_dev":{"confidence_interval":{"confidence_level":0.95,"lower_bound":253.85703415289674,"upper_bound":6704.740899317504},"point_estimate":3620.0333742195526,"standard_error":1532.9721055962293},"slope":{"confidence_interval":{"confidence_level":0.95,"lower_bound":946823.9489406903,"upper_bound":949521.9687795435},"point_estimate":948264.021180881,"standard_error":688.7055516545964},"std_dev":{"confidence_interval":{"confidence_level":0.95,"lower_bound":1914.3932669231783,"upper_bound":4830.797113025426},"point_estimate":3616.8989614188454,"standard_error":826.3887652112893}}