{"mean":{"confidence_interval":{"confidence_level":0.95,"lower_bound":126124917.34211507,"upper_bound":127851304.25122221},"point_estimate":126931435.79424603,"standard_error":444202.0924048947},"median":{"confidence_interval":{"confidence_level":0.95,"lower_bound":125763807.2,"upper_bound":128458564.125},"point_estimate":126310421.91666667,"standard_error":631065.5634770533},"median_abs_dev":{"confidence_interval":{"confidence_level":0.95,"lower_bound":108081.64398116093,"upper_bound":2167656.0890997425},"point_estimate":839491.9406360439,"standard_error":549069.0251850677},"slope":{"confidence_interval":{"confidence_level":0.95,"lower_bound":125993445.58728747,"upper_bound":128926394.76579046},"point_estimate":127909663.50909092,"standard_error":698921.4136802186},"std_dev":{"confidence_interval":{"confidence_level":0.95,"lower_bound":404368.6024266751,"upper_bound":1849355.366947228},"point_estimate":1486245.1848633406,"standard_error":316660.8273421101}}