{"mean":{"confidence_interval":{"confidence_level":0.95,"lower_bound":186622212.83083332,"upper_bound":188303095.82833335},"point_estimate":187511210.23333332,"standard_error":430190.3485989322},"median":{"confidence_interval":{"confidence_level":0.95,"lower_bound":186832432.8333333,"upper_bound":188459023.83333334},"point_estimate":187582660.5,"standard_error":370787.2483574887},"median_abs_dev":{"confidence_interval":{"confidence_level":0.95,"lower_bound":259731.5002888441,"upper_bound":2311869.2886560713},"point_estimate":781319.0666288137,"standard_error":502090.64594774076},"slope":null,"std_dev":{"confidence_interval":{"confidence_level":0.95,"lower_bound":558582.8289766636,"upper_bound":2001565.5173976293},"point_estimate":1436476.1616750844,"standard_error":382042.0358896609}}