{"mean":{"confidence_interval":{"confidence_level":0.95,"lower_bound":91305715.98273809,"upper_bound":92103668.78155357},"point_estimate":91703231.91273808,"standard_error":203290.19960916106},"median":{"confidence_interval":{"confidence_level":0.95,"lower_bound":91179526.5,"upper_bound":92087451.0},"point_estimate":91760956.89285713,"standard_error":217567.06597842835},"median_abs_dev":{"confidence_interval":{"confidence_level":0.95,"lower_bound":78667.61504085803,"upper_bound":1184418.2067623823},"point_estimate":657867.9441205219,"standard_error":276711.37999114656},"slope":{"confidence_interval":{"confidence_level":0.95,"lower_bound":91362443.35902637,"upper_bound":92035830.98501979},"point_estimate":91656552.06753246,"standard_error":170930.90418981557},"std_dev":{"confidence_interval":{"confidence_level":0.95,"lower_bound":344671.29410279385,"upper_bound":894067.2337076511},"point_estimate":679154.9710528936,"standard_error":141742.96569066087}}