{"mean":{"confidence_interval":{"confidence_level":0.95,"lower_bound":10995.031939616158,"upper_bound":11222.850371830127},"point_estimate":11109.977801551662,"standard_error":58.20309040178559},"median":{"confidence_interval":{"confidence_level":0.95,"lower_bound":11430.822916666666,"upper_bound":11458.591557017544},"point_estimate":11449.287560096154,"standard_error":41.48196711693421},"median_abs_dev":{"confidence_interval":{"confidence_level":0.95,"lower_bound":86.67825748496969,"upper_bound":435.31212411541685},"point_estimate":387.44518339903493,"standard_error":123.41884436148004},"slope":{"confidence_interval":{"confidence_level":0.95,"lower_bound":10748.035190595167,"upper_bound":11066.770631417789},"point_estimate":10898.297244285995,"standard_error":81.46946784611369},"std_dev":{"confidence_interval":{"confidence_level":0.95,"lower_bound":539.4688399051443,"upper_bound":614.6798160432919},"point_estimate":586.0907434241379,"standard_error":19.200913578550267}}