{"mean":{"confidence_interval":{"confidence_level":0.95,"lower_bound":3467765.240671875,"upper_bound":3544265.5154375},"point_estimate":3506550.583125,"standard_error":19586.685613801616},"median":{"confidence_interval":{"confidence_level":0.95,"lower_bound":3635870.5,"upper_bound":3644538.5625},"point_estimate":3640766.53125,"standard_error":14879.90851300971},"median_abs_dev":{"confidence_interval":{"confidence_level":0.95,"lower_bound":22274.39667955041,"upper_bound":51663.69797028601},"point_estimate":34832.48176909983,"standard_error":12550.610695794936},"slope":null,"std_dev":{"confidence_interval":{"confidence_level":0.95,"lower_bound":181075.15047970306,"upper_bound":204477.9822151165},"point_estimate":196615.83722920058,"standard_error":6086.831213973888}}