{"mean":{"confidence_interval":{"confidence_level":0.95,"lower_bound":0.26255780496232833,"upper_bound":0.27612726380374536},"point_estimate":0.2697730606062354,"standard_error":0.0034520977527861584},"median":{"confidence_interval":{"confidence_level":0.95,"lower_bound":0.2670950495230857,"upper_bound":0.2754761386902098},"point_estimate":0.27154800466815643,"standard_error":0.0022174984246891307}}