{"mean":{"confidence_interval":{"confidence_level":0.95,"lower_bound":0.26888912688040983,"upper_bound":0.2795701226281433},"point_estimate":0.27447828410350006,"standard_error":0.0027310427495138446},"median":{"confidence_interval":{"confidence_level":0.95,"lower_bound":0.27223354864883675,"upper_bound":0.2779995409795428},"point_estimate":0.27517825211874936,"standard_error":0.0014591234757365314}}