{"mean":{"confidence_interval":{"confidence_level":0.95,"lower_bound":0.25810613138699645,"upper_bound":0.2643361728986974},"point_estimate":0.26140962027543635,"standard_error":0.0015935298239440068},"median":{"confidence_interval":{"confidence_level":0.95,"lower_bound":0.2592007472163304,"upper_bound":0.2651871092871133},"point_estimate":0.26261160259286864,"standard_error":0.0014314396305884862}}