{"mean":{"confidence_interval":{"confidence_level":0.95,"lower_bound":0.2676351464489306,"upper_bound":0.27322253860888546},"point_estimate":0.2703483828559068,"standard_error":0.0014226148120551345},"median":{"confidence_interval":{"confidence_level":0.95,"lower_bound":0.26766675740867146,"upper_bound":0.27151499289040615},"point_estimate":0.26969779352725176,"standard_error":0.001004107618064669}}