{"mean":{"confidence_interval":{"confidence_level":0.95,"lower_bound":0.2744152824476986,"upper_bound":0.2901119213387988},"point_estimate":0.28006962214590425,"standard_error":0.004169697524707716},"median":{"confidence_interval":{"confidence_level":0.95,"lower_bound":0.27349520894886625,"upper_bound":0.27675185223078336},"point_estimate":0.27536963994684105,"standard_error":0.0008619210740635182}}