{"mean":{"confidence_interval":{"confidence_level":0.95,"lower_bound":0.27995931071291147,"upper_bound":0.2861844083066679},"point_estimate":0.2830021951958144,"standard_error":0.001591914658045435},"median":{"confidence_interval":{"confidence_level":0.95,"lower_bound":0.28109964861409886,"upper_bound":0.28384305259125586},"point_estimate":0.28216373767801195,"standard_error":0.0006541885015281386}}