{"mean":{"confidence_interval":{"confidence_level":0.95,"lower_bound":0.2717211170670753,"upper_bound":0.27633761632860404},"point_estimate":0.2741164615422855,"standard_error":0.0011765797706158817},"median":{"confidence_interval":{"confidence_level":0.95,"lower_bound":0.2712291617281255,"upper_bound":0.2765371705000659},"point_estimate":0.2740960077602097,"standard_error":0.0014061314755312835}}