{"mean":{"confidence_interval":{"confidence_level":0.95,"lower_bound":0.2708523110740637,"upper_bound":0.2850939348111583},"point_estimate":0.27774759534579196,"standard_error":0.0036287169316397026},"median":{"confidence_interval":{"confidence_level":0.95,"lower_bound":0.2768626631322557,"upper_bound":0.28010318188130723},"point_estimate":0.2785029905489982,"standard_error":0.0008151066527475192}}