{"mean":{"confidence_interval":{"confidence_level":0.95,"lower_bound":0.30913807135009064,"upper_bound":0.31287477275356324},"point_estimate":0.3109683297097101,"standard_error":0.0009634148758745411},"median":{"confidence_interval":{"confidence_level":0.95,"lower_bound":0.3081714103073798,"upper_bound":0.3126507620500374},"point_estimate":0.31063467928555855,"standard_error":0.001264177604870364}}