{"mean":{"confidence_interval":{"confidence_level":0.95,"lower_bound":0.3067108431934255,"upper_bound":0.31246719849139787},"point_estimate":0.30967435638108753,"standard_error":0.0014800047455137035},"median":{"confidence_interval":{"confidence_level":0.95,"lower_bound":0.30467947963747566,"upper_bound":0.3140589575379922},"point_estimate":0.30867122696296234,"standard_error":0.0025403509715150423}}