{"mean":{"confidence_interval":{"confidence_level":0.95,"lower_bound":0.24677128175999907,"upper_bound":0.2521419385715813},"point_estimate":0.2494447354161622,"standard_error":0.0013749732394449541},"median":{"confidence_interval":{"confidence_level":0.95,"lower_bound":0.24554178052149034,"upper_bound":0.2534981317056706},"point_estimate":0.2512141362398519,"standard_error":0.002174882235503955}}