{"mean":{"confidence_interval":{"confidence_level":0.95,"lower_bound":0.27744453711502404,"upper_bound":0.294977943556778},"point_estimate":0.2848640473553854,"standard_error":0.004514058615672328},"median":{"confidence_interval":{"confidence_level":0.95,"lower_bound":0.27297620521384247,"upper_bound":0.2904692506365165},"point_estimate":0.2824172399341409,"standard_error":0.004546662843963593}}