{"mean":{"confidence_interval":{"confidence_level":0.95,"lower_bound":0.21182923378908874,"upper_bound":0.23802446919608652},"point_estimate":0.22532368713750905,"standard_error":0.006689068437059092},"median":{"confidence_interval":{"confidence_level":0.95,"lower_bound":0.20487291920087602,"upper_bound":0.2471043494299343},"point_estimate":0.22975011358608688,"standard_error":0.010777025686648725}}