{"mean":{"confidence_interval":{"confidence_level":0.95,"lower_bound":0.27568462882241984,"upper_bound":0.2792369061418212},"point_estimate":0.2771886791826832,"standard_error":0.000905992976686151},"median":{"confidence_interval":{"confidence_level":0.95,"lower_bound":0.27494269075802813,"upper_bound":0.27878207495774787},"point_estimate":0.27610387905426603,"standard_error":0.0010654558861563283}}