{"mean":{"confidence_interval":{"confidence_level":0.95,"lower_bound":0.2678003636914171,"upper_bound":0.27910479420754575},"point_estimate":0.27418059854127597,"standard_error":0.002939591133992481},"median":{"confidence_interval":{"confidence_level":0.95,"lower_bound":0.2704491568660776,"upper_bound":0.28141478957092314},"point_estimate":0.2772596931162812,"standard_error":0.0026223608197403513}}