{"mean":{"confidence_interval":{"confidence_level":0.95,"lower_bound":0.27802415391329793,"upper_bound":0.2970118217935402},"point_estimate":0.28653620150946524,"standard_error":0.0049041166677497834},"median":{"confidence_interval":{"confidence_level":0.95,"lower_bound":0.27441442776339997,"upper_bound":0.2958031785000941},"point_estimate":0.28362030905393065,"standard_error":0.005527273861298182}}