{"mean":{"confidence_interval":{"confidence_level":0.95,"lower_bound":0.2558431433081211,"upper_bound":0.26709760517623704},"point_estimate":0.26262912042753483,"standard_error":0.0030443884726170135},"median":{"confidence_interval":{"confidence_level":0.95,"lower_bound":0.2621583666099312,"upper_bound":0.26746546918194625},"point_estimate":0.26589388163804495,"standard_error":0.0016938588292535908}}