{"mean":{"confidence_interval":{"confidence_level":0.95,"lower_bound":0.27985653708242425,"upper_bound":0.297991423624116},"point_estimate":0.288298970438009,"standard_error":0.004650592306618987},"median":{"confidence_interval":{"confidence_level":0.95,"lower_bound":0.2764054980725861,"upper_bound":0.29700181404468906},"point_estimate":0.28402753924991164,"standard_error":0.005669387113351642}}