{"mean":{"confidence_interval":{"confidence_level":0.95,"lower_bound":4211769.97349495,"upper_bound":4225389.399123377},"point_estimate":4218510.628032107,"standard_error":3486.0317507127993},"median":{"confidence_interval":{"confidence_level":0.95,"lower_bound":4210619.651515152,"upper_bound":4231422.52020202},"point_estimate":4215777.592424242,"standard_error":4952.436769719774},"median_abs_dev":{"confidence_interval":{"confidence_level":0.95,"lower_bound":2026.4670640225577,"upper_bound":20921.192864938006},"point_estimate":9360.597106542575,"standard_error":5043.368885792992},"slope":{"confidence_interval":{"confidence_level":0.95,"lower_bound":4212435.5536551075,"upper_bound":4227577.726613966},"point_estimate":4220804.705548996,"standard_error":3857.345654641341},"std_dev":{"confidence_interval":{"confidence_level":0.95,"lower_bound":6543.363059851992,"upper_bound":14350.462675942634},"point_estimate":11605.761270269746,"standard_error":1955.0877049421165}}