{"mean":{"confidence_interval":{"confidence_level":0.95,"lower_bound":0.2123381549773974,"upper_bound":0.23015636507974788},"point_estimate":0.22083991551198223,"standard_error":0.00456207994140881},"median":{"confidence_interval":{"confidence_level":0.95,"lower_bound":0.20687825142119998,"upper_bound":0.23439108558339083},"point_estimate":0.22074382496521383,"standard_error":0.006768521259243105}}