{"mean":{"confidence_interval":{"confidence_level":0.95,"lower_bound":0.33596624874779635,"upper_bound":0.3397961621363606},"point_estimate":0.3379375849760904,"standard_error":0.0009760368171046428},"median":{"confidence_interval":{"confidence_level":0.95,"lower_bound":0.33604062238020527,"upper_bound":0.3404728908685615},"point_estimate":0.338049987324605,"standard_error":0.0011582142796794457}}