{"mean":{"confidence_interval":{"confidence_level":0.95,"lower_bound":0.20770608404663277,"upper_bound":0.22810487278956057},"point_estimate":0.219254507918887,"standard_error":0.005294819551015947},"median":{"confidence_interval":{"confidence_level":0.95,"lower_bound":0.21606726142073107,"upper_bound":0.22991814578101866},"point_estimate":0.22315577560964184,"standard_error":0.0035989764761486837}}