{"mean":{"confidence_interval":{"confidence_level":0.95,"lower_bound":0.27927969668670866,"upper_bound":0.2933940095135407},"point_estimate":0.28607554925998424,"standard_error":0.0035847044678688463},"median":{"confidence_interval":{"confidence_level":0.95,"lower_bound":0.2767338638072523,"upper_bound":0.2947657950908966},"point_estimate":0.28635276669423093,"standard_error":0.005485237794963429}}