{"mean":{"confidence_interval":{"confidence_level":0.95,"lower_bound":0.27047170051523417,"upper_bound":0.27468652319319303},"point_estimate":0.2724495398590976,"standard_error":0.0010710145334047207},"median":{"confidence_interval":{"confidence_level":0.95,"lower_bound":0.26944831081690945,"upper_bound":0.27541267699405947},"point_estimate":0.2722029981698755,"standard_error":0.0015449352267125243}}