{"mean":{"confidence_interval":{"confidence_level":0.95,"lower_bound":0.30657017293390715,"upper_bound":0.31374899011913304},"point_estimate":0.31028976759726024,"standard_error":0.0018316874336095769},"median":{"confidence_interval":{"confidence_level":0.95,"lower_bound":0.30863128155527386,"upper_bound":0.3135583373256645},"point_estimate":0.31154530443122064,"standard_error":0.001228914198927385}}