{"mean":{"confidence_interval":{"confidence_level":0.95,"lower_bound":259591990.35,"upper_bound":262516819.2},"point_estimate":261043624.7,"standard_error":748961.3893388463},"median":{"confidence_interval":{"confidence_level":0.95,"lower_bound":259360375.0,"upper_bound":263784331.0},"point_estimate":260152411.0,"standard_error":1293319.6512436087},"median_abs_dev":{"confidence_interval":{"confidence_level":0.95,"lower_bound":346464.3400490284,"upper_bound":4201038.94661665},"point_estimate":2556450.4704639316,"standard_error":1177472.893250041},"slope":null,"std_dev":{"confidence_interval":{"confidence_level":0.95,"lower_bound":1561241.7105652336,"upper_bound":3036713.8111767555},"point_estimate":2489359.9752817457,"standard_error":384434.1608526219}}