{"mean":{"confidence_interval":{"confidence_level":0.95,"lower_bound":0.2688715914893168,"upper_bound":0.2858023966290985},"point_estimate":0.27782447997307713,"standard_error":0.004335460621973428},"median":{"confidence_interval":{"confidence_level":0.95,"lower_bound":0.26678970311038697,"upper_bound":0.2893187588488886},"point_estimate":0.2851606814335066,"standard_error":0.00603766391765802}}