{"mean":{"confidence_interval":{"confidence_level":0.95,"lower_bound":0.2692672692323135,"upper_bound":0.27407143123722116},"point_estimate":0.27117398463903486,"standard_error":0.0012608013570715975},"median":{"confidence_interval":{"confidence_level":0.95,"lower_bound":0.26902260459467797,"upper_bound":0.2715144059344996},"point_estimate":0.2702601002759786,"standard_error":0.0006342051677191518}}