{"mean":{"confidence_interval":{"confidence_level":0.95,"lower_bound":0.20447725065704825,"upper_bound":0.23346910926846962},"point_estimate":0.2185413074012763,"standard_error":0.007389674554017356},"median":{"confidence_interval":{"confidence_level":0.95,"lower_bound":0.19255433768134256,"upper_bound":0.23408062936881935},"point_estimate":0.2096098578385106,"standard_error":0.010258307646499302}}