{"mean":{"confidence_interval":{"confidence_level":0.95,"lower_bound":0.28114396199737735,"upper_bound":0.2866269265699064},"point_estimate":0.2831976347482481,"standard_error":0.0015232640735046614},"median":{"confidence_interval":{"confidence_level":0.95,"lower_bound":0.2810872031515841,"upper_bound":0.2828419214843647},"point_estimate":0.28187635392445465,"standard_error":0.00044365026252792894}}