{"mean":{"confidence_interval":{"confidence_level":0.95,"lower_bound":187998297.06583333,"upper_bound":189139482.26666668},"point_estimate":188622081.86666664,"standard_error":292606.78820705984},"median":{"confidence_interval":{"confidence_level":0.95,"lower_bound":188114783.5,"upper_bound":189392968.3333333},"point_estimate":188801390.1666667,"standard_error":341900.2297551428},"median_abs_dev":{"confidence_interval":{"confidence_level":0.95,"lower_bound":235738.09071479755,"upper_bound":1505802.6632666588},"point_estimate":782224.9352127756,"standard_error":312061.6123640316},"slope":null,"std_dev":{"confidence_interval":{"confidence_level":0.95,"lower_bound":443065.2679929176,"upper_bound":1332823.4091554561},"point_estimate":973506.0126837648,"standard_error":254299.79067798614}}