{"mean":{"confidence_interval":{"confidence_level":0.95,"lower_bound":0.20169473786615422,"upper_bound":0.220306512008316},"point_estimate":0.21066045530930677,"standard_error":0.0047437356628827615},"median":{"confidence_interval":{"confidence_level":0.95,"lower_bound":0.19600509672159339,"upper_bound":0.22121049813028293},"point_estimate":0.20956883249787617,"standard_error":0.006354162714714613}}