{"mean":{"confidence_interval":{"confidence_level":0.95,"lower_bound":0.3057237999654414,"upper_bound":0.374957569411133},"point_estimate":0.3371031114330092,"standard_error":0.01783454617345119},"median":{"confidence_interval":{"confidence_level":0.95,"lower_bound":0.29707894453591654,"upper_bound":0.37831327950563587},"point_estimate":0.31075068035043274,"standard_error":0.02192406364680539}}