{"mean":{"confidence_interval":{"confidence_level":0.95,"lower_bound":0.2880702750271625,"upper_bound":0.30667397749345227},"point_estimate":0.29637575927805204,"standard_error":0.004630510827966838},"median":{"confidence_interval":{"confidence_level":0.95,"lower_bound":0.2886436197948741,"upper_bound":0.3024964542340025},"point_estimate":0.29465043972025895,"standard_error":0.003446154434965445}}