{"mean":{"confidence_interval":{"confidence_level":0.95,"lower_bound":0.20093357535829795,"upper_bound":0.2175127300549218},"point_estimate":0.20923911607751,"standard_error":0.0042453485246239445},"median":{"confidence_interval":{"confidence_level":0.95,"lower_bound":0.1959666754604179,"upper_bound":0.22396652162422703},"point_estimate":0.20642833689254347,"standard_error":0.007036515166821747}}