{"mean":{"confidence_interval":{"confidence_level":0.95,"lower_bound":0.2947649286323725,"upper_bound":0.3017892872692371},"point_estimate":0.29791844423280067,"standard_error":0.0018108386063937071},"median":{"confidence_interval":{"confidence_level":0.95,"lower_bound":0.2937082901370851,"upper_bound":0.29814270641926677},"point_estimate":0.2952434702242366,"standard_error":0.00109763113814568}}