{"mean":{"confidence_interval":{"confidence_level":0.95,"lower_bound":0.2602645454526152,"upper_bound":0.2669908072973609},"point_estimate":0.26320760726411874,"standard_error":0.001784078582584042},"median":{"confidence_interval":{"confidence_level":0.95,"lower_bound":0.25953161797175506,"upper_bound":0.2643617671260665},"point_estimate":0.26120034747137044,"standard_error":0.0012317315958959522}}