{"mean":{"confidence_interval":{"confidence_level":0.95,"lower_bound":0.2651853393212172,"upper_bound":0.2720969460643916},"point_estimate":0.26827949080892055,"standard_error":0.0017826035754810502},"median":{"confidence_interval":{"confidence_level":0.95,"lower_bound":0.2661386029488555,"upper_bound":0.2692419710439282},"point_estimate":0.2676283048471517,"standard_error":0.000759598175067027}}