{"mean":{"confidence_interval":{"confidence_level":0.95,"lower_bound":0.2982457940025259,"upper_bound":0.30397973201499384},"point_estimate":0.301132075272438,"standard_error":0.0014624964980120125},"median":{"confidence_interval":{"confidence_level":0.95,"lower_bound":0.2895664620784346,"upper_bound":0.3132712254758765},"point_estimate":0.30288990869293686,"standard_error":0.006312776089353971}}