{"mean":{"confidence_interval":{"confidence_level":0.95,"lower_bound":0.2712932003699458,"upper_bound":0.2755053633888822},"point_estimate":0.27343674328603873,"standard_error":0.0010895016318746282},"median":{"confidence_interval":{"confidence_level":0.95,"lower_bound":0.26742960362046886,"upper_bound":0.28232007667593556},"point_estimate":0.2763307405181108,"standard_error":0.004332135267094353}}