{"mean":{"confidence_interval":{"confidence_level":0.95,"lower_bound":0.3240189515599532,"upper_bound":0.32737228014801567},"point_estimate":0.325712854247973,"standard_error":0.0008575476765929622},"median":{"confidence_interval":{"confidence_level":0.95,"lower_bound":0.32454385289564613,"upper_bound":0.3274451942079524},"point_estimate":0.32593234752964007,"standard_error":0.0007448066098720914}}