{"mean":{"confidence_interval":{"confidence_level":0.95,"lower_bound":0.2725846799463979,"upper_bound":0.2751680890618184},"point_estimate":0.2737948145952751,"standard_error":0.0006546689574669583},"median":{"confidence_interval":{"confidence_level":0.95,"lower_bound":0.27132169882177104,"upper_bound":0.27666561248500154},"point_estimate":0.2751521884926589,"standard_error":0.001420550811636335}}