{"mean":{"confidence_interval":{"confidence_level":0.95,"lower_bound":0.3143523052194249,"upper_bound":0.3219734630965048},"point_estimate":0.3182761914400982,"standard_error":0.0019211636277857885},"median":{"confidence_interval":{"confidence_level":0.95,"lower_bound":0.31457713913436813,"upper_bound":0.3249639355394274},"point_estimate":0.32196515396736336,"standard_error":0.0027706405937349098}}