{"mean":{"confidence_interval":{"confidence_level":0.95,"lower_bound":5001.080980144835,"upper_bound":5021.1139011015175},"point_estimate":5011.1357089457,"standard_error":5.134683416274053},"median":{"confidence_interval":{"confidence_level":0.95,"lower_bound":4967.605214582372,"upper_bound":5049.488578680203},"point_estimate":5036.834387609007,"standard_error":33.61754298737596},"median_abs_dev":{"confidence_interval":{"confidence_level":0.95,"lower_bound":23.31867986419619,"upper_bound":93.16463415112848},"point_estimate":87.09526471446179,"standard_error":20.39139595603058},"slope":{"confidence_interval":{"confidence_level":0.95,"lower_bound":4988.178974535744,"upper_bound":5016.218211941579},"point_estimate":5001.833206521046,"standard_error":7.155979707905951},"std_dev":{"confidence_interval":{"confidence_level":0.95,"lower_bound":48.1855930149852,"upper_bound":54.70210226993995},"point_estimate":51.46071794824929,"standard_error":1.6680944218650355}}