{"mean":{"confidence_interval":{"confidence_level":0.95,"lower_bound":0.2527324211244795,"upper_bound":0.2593529924822497},"point_estimate":0.25616199703380005,"standard_error":0.0016812266708869984},"median":{"confidence_interval":{"confidence_level":0.95,"lower_bound":0.24365026938257395,"upper_bound":0.2683794417694656},"point_estimate":0.26138057373865053,"standard_error":0.008729897451123226}}