{"mean":{"confidence_interval":{"confidence_level":0.95,"lower_bound":0.2914329651818173,"upper_bound":0.300046631012028},"point_estimate":0.29588262251863706,"standard_error":0.0022044429641288952},"median":{"confidence_interval":{"confidence_level":0.95,"lower_bound":0.299402350476206,"upper_bound":0.3053041566587338},"point_estimate":0.3015563488966666,"standard_error":0.0015848561421060775}}