{"mean":{"confidence_interval":{"confidence_level":0.95,"lower_bound":0.2560666856454681,"upper_bound":0.26661007457282243},"point_estimate":0.2615733855262572,"standard_error":0.002696327188178583},"median":{"confidence_interval":{"confidence_level":0.95,"lower_bound":0.26955707731650835,"upper_bound":0.2737262233362608},"point_estimate":0.27153216668236,"standard_error":0.0010639844213053205}}