{"mean":{"confidence_interval":{"confidence_level":0.95,"lower_bound":0.2790400472797797,"upper_bound":0.28801334350101787},"point_estimate":0.2837150645807436,"standard_error":0.0022793358861331234},"median":{"confidence_interval":{"confidence_level":0.95,"lower_bound":0.2897256413705618,"upper_bound":0.2938307132655589},"point_estimate":0.29226548787672924,"standard_error":0.0010649920372400048}}