{"mean":{"confidence_interval":{"confidence_level":0.95,"lower_bound":0.2905126165331144,"upper_bound":0.29700064209378996},"point_estimate":0.29352702602287484,"standard_error":0.0016231331721810653},"median":{"confidence_interval":{"confidence_level":0.95,"lower_bound":0.28987777823380745,"upper_bound":0.2919842330128368},"point_estimate":0.2907596283967002,"standard_error":0.0005108261304120834}}