{"mean":{"confidence_interval":{"confidence_level":0.95,"lower_bound":0.26744502881525867,"upper_bound":0.2724834261810345},"point_estimate":0.2697613172294666,"standard_error":0.0012855741397521784},"median":{"confidence_interval":{"confidence_level":0.95,"lower_bound":0.2670430102590118,"upper_bound":0.2714916144500332},"point_estimate":0.2687636856495903,"standard_error":0.0011904537316692737}}