{"mean":{"confidence_interval":{"confidence_level":0.95,"lower_bound":0.28689994261974333,"upper_bound":0.28989870789005806},"point_estimate":0.2883971448112257,"standard_error":0.0007673414043513306},"median":{"confidence_interval":{"confidence_level":0.95,"lower_bound":0.285069507278336,"upper_bound":0.28833513224519725},"point_estimate":0.2865452309719101,"standard_error":0.0009008887582922516}}