{"mean":{"confidence_interval":{"confidence_level":0.95,"lower_bound":0.27825011323189563,"upper_bound":0.2841071398315363},"point_estimate":0.28116402993255885,"standard_error":0.0014931219189630385},"median":{"confidence_interval":{"confidence_level":0.95,"lower_bound":0.27975001107785924,"upper_bound":0.28249768119014607},"point_estimate":0.281169274569274,"standard_error":0.0007350733892283321}}