{"mean":{"confidence_interval":{"confidence_level":0.95,"lower_bound":674918.8622979182,"upper_bound":676068.2698429963},"point_estimate":675483.1601667516,"standard_error":294.1730483287058},"median":{"confidence_interval":{"confidence_level":0.95,"lower_bound":674532.1041666667,"upper_bound":675982.8387096775},"point_estimate":675451.0128986867,"standard_error":432.0697575599095},"median_abs_dev":{"confidence_interval":{"confidence_level":0.95,"lower_bound":1876.1391537319282,"upper_bound":2925.911048054695},"point_estimate":2424.911321914896,"standard_error":267.0550136108963},"slope":{"confidence_interval":{"confidence_level":0.95,"lower_bound":674426.3420170901,"upper_bound":675600.8688511726},"point_estimate":675001.0672646668,"standard_error":298.52262290223337},"std_dev":{"confidence_interval":{"confidence_level":0.95,"lower_bound":2371.738809276065,"upper_bound":3477.377470677292},"point_estimate":2950.02052339031,"standard_error":282.8689972630335}}