{"mean":{"confidence_interval":{"confidence_level":0.95,"lower_bound":255148274.75,"upper_bound":256935259.74875},"point_estimate":256043460.85,"standard_error":456665.42612011486},"median":{"confidence_interval":{"confidence_level":0.95,"lower_bound":254974811.5,"upper_bound":257144205.25},"point_estimate":256035532.5,"standard_error":725405.5312459127},"median_abs_dev":{"confidence_interval":{"confidence_level":0.95,"lower_bound":223167.24908798933,"upper_bound":2544231.252130866},"point_estimate":1472178.778463602,"standard_error":667622.5723990905},"slope":null,"std_dev":{"confidence_interval":{"confidence_level":0.95,"lower_bound":889417.6787898407,"upper_bound":1939976.8621581404},"point_estimate":1521187.5340063004,"standard_error":274028.59234395454}}