{"mean":{"confidence_interval":{"confidence_level":0.95,"lower_bound":48477020.52249999,"upper_bound":48778681.813227676},"point_estimate":48624564.83053571,"standard_error":76762.77429473397},"median":{"confidence_interval":{"confidence_level":0.95,"lower_bound":48436775.333333336,"upper_bound":48732401.975},"point_estimate":48652143.07142857,"standard_error":81212.35508603787},"median_abs_dev":{"confidence_interval":{"confidence_level":0.95,"lower_bound":15855.935463501348,"upper_bound":430213.73858717305},"point_estimate":131982.50048684963,"standard_error":106291.71435100732},"slope":{"confidence_interval":{"confidence_level":0.95,"lower_bound":48499634.292671055,"upper_bound":48889603.01166666},"point_estimate":48690303.46363636,"standard_error":99141.26997055078},"std_dev":{"confidence_interval":{"confidence_level":0.95,"lower_bound":110908.99896208626,"upper_bound":352979.02360176755},"point_estimate":256141.1517632254,"standard_error":62506.90923799964}}