{"mean":{"confidence_interval":{"confidence_level":0.95,"lower_bound":20707801.007825002,"upper_bound":20817198.962875005},"point_estimate":20756909.144666664,"standard_error":28195.328525207697},"median":{"confidence_interval":{"confidence_level":0.95,"lower_bound":20697774.12,"upper_bound":20812450.766666666},"point_estimate":20716385.924999997,"standard_error":28164.752405533236},"median_abs_dev":{"confidence_interval":{"confidence_level":0.95,"lower_bound":8637.983270642711,"upper_bound":135174.30313217684},"point_estimate":33667.090237290955,"standard_error":31659.6283302178},"slope":{"confidence_interval":{"confidence_level":0.95,"lower_bound":20709379.40625,"upper_bound":20759716.505130086},"point_estimate":20729276.2425974,"standard_error":12893.281268224357},"std_dev":{"confidence_interval":{"confidence_level":0.95,"lower_bound":22955.155684069603,"upper_bound":123858.53602954702},"point_estimate":93978.23394303252,"standard_error":26144.63847872036}}