{"mean":{"confidence_interval":{"confidence_level":0.95,"lower_bound":184242740.23333332,"upper_bound":186966677.49999997},"point_estimate":185798240.7,"standard_error":709559.6174212064},"median":{"confidence_interval":{"confidence_level":0.95,"lower_bound":184981351.0,"upper_bound":187537137.33333334},"point_estimate":186134046.3333333,"standard_error":666084.5142407147},"median_abs_dev":{"confidence_interval":{"confidence_level":0.95,"lower_bound":213168.4713154884,"upper_bound":2894650.180509679},"point_estimate":1847147.3385065498,"standard_error":667844.4692601447},"slope":null,"std_dev":{"confidence_interval":{"confidence_level":0.95,"lower_bound":821238.0333395671,"upper_bound":3451608.617144317},"point_estimate":2369928.412497362,"standard_error":814373.665103925}}