{"mean":{"confidence_interval":{"confidence_level":0.95,"lower_bound":3249308.08796875,"upper_bound":3254556.684140625},"point_estimate":3251584.99,"standard_error":1348.4932579632966},"median":{"confidence_interval":{"confidence_level":0.95,"lower_bound":3248110.4375,"upper_bound":3252326.6875},"point_estimate":3250531.46875,"standard_error":981.0364712994253},"median_abs_dev":{"confidence_interval":{"confidence_level":0.95,"lower_bound":5818.370934203267,"upper_bound":8979.922715574503},"point_estimate":7004.358250647783,"standard_error":806.9482940017239},"slope":null,"std_dev":{"confidence_interval":{"confidence_level":0.95,"lower_bound":6570.173929207975,"upper_bound":20781.669061105884},"point_estimate":13590.642318046874,"standard_error":4266.87472793119}}