{"mean":{"confidence_interval":{"confidence_level":0.95,"lower_bound":130135.02559293898,"upper_bound":130480.68098204624},"point_estimate":130301.67598196061,"standard_error":88.07465723990154},"median":{"confidence_interval":{"confidence_level":0.95,"lower_bound":130035.42688679245,"upper_bound":130339.095},"point_estimate":130147.64130490297,"standard_error":77.77970022332444},"median_abs_dev":{"confidence_interval":{"confidence_level":0.95,"lower_bound":458.3919771994609,"upper_bound":737.1013980629766},"point_estimate":601.4777275569286,"standard_error":69.09558633134218},"slope":{"confidence_interval":{"confidence_level":0.95,"lower_bound":130265.55577736601,"upper_bound":130569.29883074923},"point_estimate":130405.55725025861,"standard_error":77.49765491246178},"std_dev":{"confidence_interval":{"confidence_level":0.95,"lower_bound":657.3761234540149,"upper_bound":1097.706676524772},"point_estimate":886.7235949602299,"standard_error":113.18634145841071}}