{"mean":{"confidence_interval":{"confidence_level":0.95,"lower_bound":483601.4411855994,"upper_bound":485180.56404847355},"point_estimate":484290.8450633015,"standard_error":406.4077315531916},"median":{"confidence_interval":{"confidence_level":0.95,"lower_bound":483111.86904761905,"upper_bound":483898.20666666667},"point_estimate":483461.8798951402,"standard_error":196.44139931685922},"median_abs_dev":{"confidence_interval":{"confidence_level":0.95,"lower_bound":1026.9311783557976,"upper_bound":1763.1780332134654},"point_estimate":1409.8787782737143,"standard_error":194.96152879194617},"slope":{"confidence_interval":{"confidence_level":0.95,"lower_bound":483892.869876165,"upper_bound":485878.694476067},"point_estimate":484737.8394384513,"standard_error":516.6748162330024},"std_dev":{"confidence_interval":{"confidence_level":0.95,"lower_bound":1743.4417305493523,"upper_bound":6154.856315018323},"point_estimate":4073.486624692546,"standard_error":1180.7357243466076}}