{"mean":{"confidence_interval":{"confidence_level":0.95,"lower_bound":837151.7928998636,"upper_bound":838200.0111449133},"point_estimate":837661.5309383469,"standard_error":267.6799456673409},"median":{"confidence_interval":{"confidence_level":0.95,"lower_bound":837034.5826668505,"upper_bound":838081.5673076923},"point_estimate":837486.6841491841,"standard_error":252.4800939014301},"median_abs_dev":{"confidence_interval":{"confidence_level":0.95,"lower_bound":1785.15037307513,"upper_bound":2822.632767385225},"point_estimate":2411.8728207524055,"standard_error":276.54762626149574},"slope":{"confidence_interval":{"confidence_level":0.95,"lower_bound":837576.8625226682,"upper_bound":838561.9207186509},"point_estimate":838058.6143475691,"standard_error":251.6286076240583},"std_dev":{"confidence_interval":{"confidence_level":0.95,"lower_bound":2075.2879902988493,"upper_bound":3387.190972848394},"point_estimate":2692.4387858260206,"standard_error":346.5849302252044}}