{"mean":{"confidence_interval":{"confidence_level":0.95,"lower_bound":0.31912727953166614,"upper_bound":0.32713550154880133},"point_estimate":0.3228187414204615,"standard_error":0.0020665349898561034},"median":{"confidence_interval":{"confidence_level":0.95,"lower_bound":0.31503584804373075,"upper_bound":0.3242456066018782},"point_estimate":0.3198842691862236,"standard_error":0.0022630009881709186}}