{"mean":{"confidence_interval":{"confidence_level":0.95,"lower_bound":0.3234498215337289,"upper_bound":0.334064773585553},"point_estimate":0.32894953932784254,"standard_error":0.002690867321071732},"median":{"confidence_interval":{"confidence_level":0.95,"lower_bound":0.3273170974886115,"upper_bound":0.332299901748742},"point_estimate":0.33077249849280865,"standard_error":0.0012676326176347694}}