{"mean":{"confidence_interval":{"confidence_level":0.95,"lower_bound":0.31096051280345377,"upper_bound":0.3232744508604532},"point_estimate":0.31807319094835873,"standard_error":0.0031739751806043335},"median":{"confidence_interval":{"confidence_level":0.95,"lower_bound":0.3160098552858206,"upper_bound":0.3242497781684299},"point_estimate":0.32108075533044556,"standard_error":0.0021960549778553317}}