{"mean":{"confidence_interval":{"confidence_level":0.95,"lower_bound":0.2704837433308977,"upper_bound":0.2769840837909338},"point_estimate":0.2736159524454558,"standard_error":0.0016630660569831475},"median":{"confidence_interval":{"confidence_level":0.95,"lower_bound":0.2700812945253961,"upper_bound":0.2734621892232497},"point_estimate":0.27182833543760565,"standard_error":0.0008277751652855656}}