{"mean":{"confidence_interval":{"confidence_level":0.95,"lower_bound":0.24740239106702172,"upper_bound":0.2526803826272847},"point_estimate":0.24999473752752177,"standard_error":0.0013564165888896712},"median":{"confidence_interval":{"confidence_level":0.95,"lower_bound":0.2455145641515477,"upper_bound":0.25344584934442005},"point_estimate":0.25019488360927955,"standard_error":0.0021369890094387225}}