{"mean":{"confidence_interval":{"confidence_level":0.95,"lower_bound":0.2633497827025523,"upper_bound":0.27379877432419203},"point_estimate":0.2689424248519403,"standard_error":0.0026575805480850696},"median":{"confidence_interval":{"confidence_level":0.95,"lower_bound":0.27046483725909476,"upper_bound":0.2741099986648836},"point_estimate":0.27234024285140324,"standard_error":0.0009015667117562847}}