{"mean":{"confidence_interval":{"confidence_level":0.95,"lower_bound":0.24000875587122333,"upper_bound":0.2530772408080491},"point_estimate":0.2454789318345083,"standard_error":0.0033217406788330016},"median":{"confidence_interval":{"confidence_level":0.95,"lower_bound":0.23622348508184188,"upper_bound":0.24958064266291946},"point_estimate":0.24478645207495653,"standard_error":0.0028596653595602066}}