{"mean":{"confidence_interval":{"confidence_level":0.95,"lower_bound":0.5358485554526516,"upper_bound":0.5625246927989715},"point_estimate":0.54896429367934,"standard_error":0.0067312923577179185},"median":{"confidence_interval":{"confidence_level":0.95,"lower_bound":0.5298652033328113,"upper_bound":0.5671262332504261},"point_estimate":0.5458075043843535,"standard_error":0.008900602543680556}}