{"mean":{"confidence_interval":{"confidence_level":0.95,"lower_bound":217400294.76083338,"upper_bound":219721346.14916664},"point_estimate":218498699.6666667,"standard_error":595364.2956750061},"median":{"confidence_interval":{"confidence_level":0.95,"lower_bound":217196673.5,"upper_bound":219886126.0},"point_estimate":218148903.33333334,"standard_error":618000.4529844419},"median_abs_dev":{"confidence_interval":{"confidence_level":0.95,"lower_bound":436734.9104464128,"upper_bound":3285297.976574309},"point_estimate":1400442.9316371605,"standard_error":765654.5919693741},"slope":null,"std_dev":{"confidence_interval":{"confidence_level":0.95,"lower_bound":878950.9424060483,"upper_bound":2578751.2731622662},"point_estimate":1981185.5031731017,"standard_error":435932.56349953916}}