{"mean":{"confidence_interval":{"confidence_level":0.95,"lower_bound":0.24945307982446685,"upper_bound":0.3562982797561803},"point_estimate":0.2962217845687445,"standard_error":0.027304238961303906},"median":{"confidence_interval":{"confidence_level":0.95,"lower_bound":0.22792063445654387,"upper_bound":0.3485118927544373},"point_estimate":0.26998520470140486,"standard_error":0.03383206481079336}}