{"mean":{"confidence_interval":{"confidence_level":0.95,"lower_bound":0.22832687624952483,"upper_bound":0.24124009704628338},"point_estimate":0.2354992389359971,"standard_error":0.003309241677596487},"median":{"confidence_interval":{"confidence_level":0.95,"lower_bound":0.23326046237591802,"upper_bound":0.24287564567907927},"point_estimate":0.2386213947714706,"standard_error":0.0024538351916176195}}