{"mean":{"confidence_interval":{"confidence_level":0.95,"lower_bound":0.17077234743921263,"upper_bound":0.17801689761369438},"point_estimate":0.17346723916276852,"standard_error":0.0019551967257959626},"median":{"confidence_interval":{"confidence_level":0.95,"lower_bound":0.17021473491733174,"upper_bound":0.17383605953847492},"point_estimate":0.17128305673260535,"standard_error":0.000999961333534535}}