{"mean":{"confidence_interval":{"confidence_level":0.95,"lower_bound":0.2970379302009054,"upper_bound":0.3175565848738219},"point_estimate":0.30902695334847685,"standard_error":0.005402200690988777},"median":{"confidence_interval":{"confidence_level":0.95,"lower_bound":0.30591010454979983,"upper_bound":0.3207107529431394},"point_estimate":0.31339333360969657,"standard_error":0.003911134278458639}}