{"mean":{"confidence_interval":{"confidence_level":0.95,"lower_bound":0.30548722420977215,"upper_bound":0.32475430256609616},"point_estimate":0.31508740980513683,"standard_error":0.0049260108320980465},"median":{"confidence_interval":{"confidence_level":0.95,"lower_bound":0.30204977263970756,"upper_bound":0.3253576773134488},"point_estimate":0.3171920674311832,"standard_error":0.0061373181758287}}