{"mean":{"confidence_interval":{"confidence_level":0.95,"lower_bound":0.2724126485540577,"upper_bound":0.2768665981558965},"point_estimate":0.274270104705056,"standard_error":0.001136906053256705},"median":{"confidence_interval":{"confidence_level":0.95,"lower_bound":0.2721843562571544,"upper_bound":0.27474545131067885},"point_estimate":0.2739402186745845,"standard_error":0.0007640682666503047}}