{"mean":{"confidence_interval":{"confidence_level":0.95,"lower_bound":0.48055823840873096,"upper_bound":0.504808097708339},"point_estimate":0.49235787791586083,"standard_error":0.006201052420787936},"median":{"confidence_interval":{"confidence_level":0.95,"lower_bound":0.4734728223057585,"upper_bound":0.5021333970617217},"point_estimate":0.48361831070151085,"standard_error":0.007285416702836777}}