{"mean":{"confidence_interval":{"confidence_level":0.95,"lower_bound":20530601.65936508,"upper_bound":21449991.05228968},"point_estimate":20994252.873920634,"standard_error":236444.04042098447},"median":{"confidence_interval":{"confidence_level":0.95,"lower_bound":20230283.8,"upper_bound":21803916.6},"point_estimate":21060210.71904762,"standard_error":404758.4702230886},"median_abs_dev":{"confidence_interval":{"confidence_level":0.95,"lower_bound":160834.15013462637,"upper_bound":1292521.0566298342},"point_estimate":1166533.9739298825,"standard_error":306700.767629083},"slope":{"confidence_interval":{"confidence_level":0.95,"lower_bound":20208918.712948073,"upper_bound":21288699.78070649},"point_estimate":20579480.63844156,"standard_error":273239.9370279221},"std_dev":{"confidence_interval":{"confidence_level":0.95,"lower_bound":498156.8277748356,"upper_bound":920674.7740351333},"point_estimate":786379.4873647236,"standard_error":107025.17248633759}}