{"mean":{"confidence_interval":{"confidence_level":0.95,"lower_bound":0.15947597894486965,"upper_bound":0.16220494888079692},"point_estimate":0.1608380177184323,"standard_error":0.0006970935858995008},"median":{"confidence_interval":{"confidence_level":0.95,"lower_bound":0.15925890540697707,"upper_bound":0.16229012048983038},"point_estimate":0.16033480384415832,"standard_error":0.0008427732324875933}}