{"mean":{"confidence_interval":{"confidence_level":0.95,"lower_bound":0.2804701725553043,"upper_bound":0.2848672097991728},"point_estimate":0.2826339551818804,"standard_error":0.00111642638323764},"median":{"confidence_interval":{"confidence_level":0.95,"lower_bound":0.2787147503972438,"upper_bound":0.2852619250308881},"point_estimate":0.2832755431995133,"standard_error":0.0018258342855634155}}