{"mean":{"confidence_interval":{"confidence_level":0.95,"lower_bound":0.2831046392029668,"upper_bound":0.2882480092654431},"point_estimate":0.285655785077362,"standard_error":0.0013136360390238568},"median":{"confidence_interval":{"confidence_level":0.95,"lower_bound":0.28325994745487226,"upper_bound":0.28809155191896374},"point_estimate":0.28607672136369655,"standard_error":0.001242399183687645}}