{"mean":{"confidence_interval":{"confidence_level":0.95,"lower_bound":0.4187565562000518,"upper_bound":0.4609085753162152},"point_estimate":0.4366411651641422,"standard_error":0.010527728215502765},"median":{"confidence_interval":{"confidence_level":0.95,"lower_bound":0.41187325293430965,"upper_bound":0.45276740541450056},"point_estimate":0.42667640948403807,"standard_error":0.009964686291677778}}