{"mean":{"confidence_interval":{"confidence_level":0.95,"lower_bound":0.5061197904546717,"upper_bound":0.5768168049102247},"point_estimate":0.5429779797140051,"standard_error":0.018124706705489407},"median":{"confidence_interval":{"confidence_level":0.95,"lower_bound":0.48426508406135826,"upper_bound":0.6045233396157292},"point_estimate":0.5482418405891132,"standard_error":0.03239053476624198}}