{"mean":{"confidence_interval":{"confidence_level":0.95,"lower_bound":0.2814793033834005,"upper_bound":0.3056549361408177},"point_estimate":0.2905153984180726,"standard_error":0.006652314927318543},"median":{"confidence_interval":{"confidence_level":0.95,"lower_bound":0.28167896384637414,"upper_bound":0.28620474505922044},"point_estimate":0.283694769905805,"standard_error":0.002203468694070484}}