{"mean":{"confidence_interval":{"confidence_level":0.95,"lower_bound":0.3050252755780552,"upper_bound":0.33932285455971706},"point_estimate":0.3211393311980877,"standard_error":0.008757425173368968},"median":{"confidence_interval":{"confidence_level":0.95,"lower_bound":0.29139753000977264,"upper_bound":0.3466105579732828},"point_estimate":0.3139941073270638,"standard_error":0.01336343523256838}}