{"mean":{"confidence_interval":{"confidence_level":0.95,"lower_bound":0.21875154510705191,"upper_bound":0.23645439533885476},"point_estimate":0.22712962195290243,"standard_error":0.004526916603153829},"median":{"confidence_interval":{"confidence_level":0.95,"lower_bound":0.22000999757051565,"upper_bound":0.23407417533693353},"point_estimate":0.23018199925409766,"standard_error":0.0040326545428811715}}