{"mean":{"confidence_interval":{"confidence_level":0.95,"lower_bound":0.20747297723340838,"upper_bound":0.21257147327856038},"point_estimate":0.20958390845939445,"standard_error":0.0013765753105990347},"median":{"confidence_interval":{"confidence_level":0.95,"lower_bound":0.20703646674922216,"upper_bound":0.20972018498664569},"point_estimate":0.20846978938850835,"standard_error":0.000680752191993435}}