{"mean":{"confidence_interval":{"confidence_level":0.95,"lower_bound":0.4245465815474715,"upper_bound":0.4484920524085053},"point_estimate":0.43655764660200647,"standard_error":0.0060253141498500485},"median":{"confidence_interval":{"confidence_level":0.95,"lower_bound":0.42030223768310493,"upper_bound":0.45642565402589996},"point_estimate":0.43802964585681736,"standard_error":0.008952679925756605}}