{"mean":{"confidence_interval":{"confidence_level":0.95,"lower_bound":0.5144006161181095,"upper_bound":0.5815963337848749},"point_estimate":0.5478506270228527,"standard_error":0.01713048658208165},"median":{"confidence_interval":{"confidence_level":0.95,"lower_bound":0.5003807507880733,"upper_bound":0.6024230245322091},"point_estimate":0.5528643932248756,"standard_error":0.02603589433868389}}