{"mean":{"confidence_interval":{"confidence_level":0.95,"lower_bound":0.27113730811468423,"upper_bound":0.2788753851020176},"point_estimate":0.27532025991116416,"standard_error":0.0019825120531187443},"median":{"confidence_interval":{"confidence_level":0.95,"lower_bound":0.2733909722438893,"upper_bound":0.27889046970220144},"point_estimate":0.2770905518166378,"standard_error":0.001590210752664476}}