{"mean":{"confidence_interval":{"confidence_level":0.95,"lower_bound":0.12159772494190774,"upper_bound":0.14468315736898324},"point_estimate":0.13301803963396952,"standard_error":0.005902787255938193},"median":{"confidence_interval":{"confidence_level":0.95,"lower_bound":0.11404542149417596,"upper_bound":0.14605427758967648},"point_estimate":0.13567300800114945,"standard_error":0.007918802243372687}}