{"mean":{"confidence_interval":{"confidence_level":0.95,"lower_bound":0.1327028779399416,"upper_bound":0.15882765542620234},"point_estimate":0.14522090252286435,"standard_error":0.006692224671188297},"median":{"confidence_interval":{"confidence_level":0.95,"lower_bound":0.12915490403980678,"upper_bound":0.167861953270672},"point_estimate":0.14824724362176855,"standard_error":0.009972852212209267}}