{"mean":{"confidence_interval":{"confidence_level":0.95,"lower_bound":0.5460437161028872,"upper_bound":0.5833575134643953},"point_estimate":0.5646599046394165,"standard_error":0.00981063586632545},"median":{"confidence_interval":{"confidence_level":0.95,"lower_bound":0.5363830133387129,"upper_bound":0.5951721169827087},"point_estimate":0.5760515645979774,"standard_error":0.016383264324651075}}