{"mean":{"confidence_interval":{"confidence_level":0.95,"lower_bound":0.251030213487913,"upper_bound":0.2743742771155596},"point_estimate":0.2625660751746275,"standard_error":0.006030941896849691},"median":{"confidence_interval":{"confidence_level":0.95,"lower_bound":0.24336841412058607,"upper_bound":0.2770932126946357},"point_estimate":0.26119492800228916,"standard_error":0.008083599449442275}}