{"mean":{"confidence_interval":{"confidence_level":0.95,"lower_bound":0.22960230677281,"upper_bound":0.23511782185456997},"point_estimate":0.2322086472637841,"standard_error":0.0013959191037578515},"median":{"confidence_interval":{"confidence_level":0.95,"lower_bound":0.22796419279415403,"upper_bound":0.23473029947956325},"point_estimate":0.2300035205482578,"standard_error":0.002130044146771876}}