{"mean":{"confidence_interval":{"confidence_level":0.95,"lower_bound":0.2326331462955736,"upper_bound":0.2353537117620861},"point_estimate":0.2340344195979407,"standard_error":0.0006941471963937196},"median":{"confidence_interval":{"confidence_level":0.95,"lower_bound":0.23306274129344806,"upper_bound":0.2351387445213704},"point_estimate":0.23404276435036686,"standard_error":0.0005635328903149443}}