{"mean":{"confidence_interval":{"confidence_level":0.95,"lower_bound":19087.30300215876,"upper_bound":19123.33594983712},"point_estimate":19105.036308136998,"standard_error":9.191186722343156},"median":{"confidence_interval":{"confidence_level":0.95,"lower_bound":19089.595384615386,"upper_bound":19119.826557579847},"point_estimate":19104.469175998052,"standard_error":6.038362210302977},"median_abs_dev":{"confidence_interval":{"confidence_level":0.95,"lower_bound":46.83608898704067,"upper_bound":94.80107945886554},"point_estimate":60.39293604319466,"standard_error":13.04749765926303},"slope":{"confidence_interval":{"confidence_level":0.95,"lower_bound":19036.900217998424,"upper_bound":19081.59035264633},"point_estimate":19057.741673051347,"standard_error":11.379123443861351},"std_dev":{"confidence_interval":{"confidence_level":0.95,"lower_bound":74.73664739914895,"upper_bound":108.81189070425165},"point_estimate":92.14144382131882,"standard_error":8.743960538213964}}