{"mean":{"confidence_interval":{"confidence_level":0.95,"lower_bound":0.23015772208107352,"upper_bound":0.23388865583741753},"point_estimate":0.23200725436759795,"standard_error":0.000951010743577324},"median":{"confidence_interval":{"confidence_level":0.95,"lower_bound":0.2267788260333492,"upper_bound":0.23857398953229558},"point_estimate":0.2287231946495094,"standard_error":0.0027247492816627407}}