{"mean":{"confidence_interval":{"confidence_level":0.95,"lower_bound":0.30779230217577314,"upper_bound":0.3112330870230427},"point_estimate":0.30954635423593047,"standard_error":0.0008787349479426601},"median":{"confidence_interval":{"confidence_level":0.95,"lower_bound":0.3092954174343254,"upper_bound":0.31204378792089904},"point_estimate":0.31065287192783453,"standard_error":0.0006759299952212432}}