{"mean":{"confidence_interval":{"confidence_level":0.95,"lower_bound":0.2198809951874182,"upper_bound":0.22232874481630474},"point_estimate":0.2210319210341649,"standard_error":0.0006251331411420646},"median":{"confidence_interval":{"confidence_level":0.95,"lower_bound":0.21825255103234742,"upper_bound":0.22095710793955026},"point_estimate":0.2195147532326116,"standard_error":0.0006920520807756089}}