{"mean":{"confidence_interval":{"confidence_level":0.95,"lower_bound":0.20817053556796886,"upper_bound":0.23639723714233457},"point_estimate":0.22094776110669856,"standard_error":0.0070931882603861756},"median":{"confidence_interval":{"confidence_level":0.95,"lower_bound":0.20449480815208299,"upper_bound":0.207948918314377},"point_estimate":0.20620987258062762,"standard_error":0.000863462914671019}}