{"mean":{"confidence_interval":{"confidence_level":0.95,"lower_bound":0.26246991768704614,"upper_bound":0.26796813217808507},"point_estimate":0.26550660638952794,"standard_error":0.0014128285549956968},"median":{"confidence_interval":{"confidence_level":0.95,"lower_bound":0.26624114722270376,"upper_bound":0.27060778917975103},"point_estimate":0.2682775208007697,"standard_error":0.0011438337379650243}}