{"mean":{"confidence_interval":{"confidence_level":0.95,"lower_bound":332360.5445650703,"upper_bound":333686.58264299715},"point_estimate":332931.5326089897,"standard_error":341.60633022200267},"median":{"confidence_interval":{"confidence_level":0.95,"lower_bound":332099.3631840796,"upper_bound":332406.21167369897},"point_estimate":332313.7475633528,"standard_error":91.21417130783259},"median_abs_dev":{"confidence_interval":{"confidence_level":0.95,"lower_bound":707.6105163567372,"upper_bound":1354.5547017815572},"point_estimate":982.6282697544863,"standard_error":161.82883288349103},"slope":{"confidence_interval":{"confidence_level":0.95,"lower_bound":331824.3880949944,"upper_bound":334817.3823864606},"point_estimate":333002.12926062755,"standard_error":802.9424203190943},"std_dev":{"confidence_interval":{"confidence_level":0.95,"lower_bound":1292.787592642143,"upper_bound":5279.303996812026},"point_estimate":3431.8820804307466,"standard_error":1072.2771444208615}}