{"mean":{"confidence_interval":{"confidence_level":0.95,"lower_bound":0.21437848016037997,"upper_bound":0.21863625905197437},"point_estimate":0.21655577972936602,"standard_error":0.001086958864262493},"median":{"confidence_interval":{"confidence_level":0.95,"lower_bound":0.2154455992440203,"upper_bound":0.22263138178416653},"point_estimate":0.21682782942343826,"standard_error":0.0017295459740834659}}