{"mean":{"confidence_interval":{"confidence_level":0.95,"lower_bound":3255567.43040625,"upper_bound":3259849.480453125},"point_estimate":3257577.42,"standard_error":1094.472872864915},"median":{"confidence_interval":{"confidence_level":0.95,"lower_bound":3253141.03125,"upper_bound":3255996.765625},"point_estimate":3254813.21875,"standard_error":859.7716930819348},"median_abs_dev":{"confidence_interval":{"confidence_level":0.95,"lower_bound":4233.193574845791,"upper_bound":9953.898235782981},"point_estimate":7494.959848187864,"standard_error":1474.1873730380075},"slope":null,"std_dev":{"confidence_interval":{"confidence_level":0.95,"lower_bound":7436.167965869349,"upper_bound":14575.325834587768},"point_estimate":10995.902725119928,"standard_error":1878.6777081687428}}