{"mean":{"confidence_interval":{"confidence_level":0.95,"lower_bound":0.17031857330350375,"upper_bound":0.17852474224536677},"point_estimate":0.1744638370719913,"standard_error":0.002094576867099906},"median":{"confidence_interval":{"confidence_level":0.95,"lower_bound":0.17995290869579228,"upper_bound":0.18441095268866403},"point_estimate":0.18261296797359505,"standard_error":0.0011650941203118366}}