{"mean":{"confidence_interval":{"confidence_level":0.95,"lower_bound":0.22898359697554058,"upper_bound":0.23817882824517203},"point_estimate":0.23375067368192748,"standard_error":0.002342201584867318},"median":{"confidence_interval":{"confidence_level":0.95,"lower_bound":0.23666885438550556,"upper_bound":0.24661750243597935},"point_estimate":0.2429188312316073,"standard_error":0.0025185162400168893}}