{"mean":{"confidence_interval":{"confidence_level":0.95,"lower_bound":0.16550144910386944,"upper_bound":0.1736158542623878},"point_estimate":0.16972473687413414,"standard_error":0.0020764884388237742},"median":{"confidence_interval":{"confidence_level":0.95,"lower_bound":0.1762919387846844,"upper_bound":0.1788111861128412},"point_estimate":0.17719790680584446,"standard_error":0.0006500999262609528}}