{"mean":{"confidence_interval":{"confidence_level":0.95,"lower_bound":0.3091142497341244,"upper_bound":0.31539024675086147},"point_estimate":0.3121835063226459,"standard_error":0.0015980080699734987},"median":{"confidence_interval":{"confidence_level":0.95,"lower_bound":0.3111159208163301,"upper_bound":0.3129964669225851},"point_estimate":0.3120367552435428,"standard_error":0.0004888066676400226}}