{"mean":{"confidence_interval":{"confidence_level":0.95,"lower_bound":0.31679876931851114,"upper_bound":0.32086033395462565},"point_estimate":0.3188471619665554,"standard_error":0.0010366134710674496},"median":{"confidence_interval":{"confidence_level":0.95,"lower_bound":0.3171170428056906,"upper_bound":0.3189672008178086},"point_estimate":0.3179697448806931,"standard_error":0.00046570857704063533}}