{"mean":{"confidence_interval":{"confidence_level":0.95,"lower_bound":0.30926776880435874,"upper_bound":0.3119583114541692},"point_estimate":0.31062591213651114,"standard_error":0.0006914015810165242},"median":{"confidence_interval":{"confidence_level":0.95,"lower_bound":0.3087640650488295,"upper_bound":0.3119605224540063},"point_estimate":0.31045509245731884,"standard_error":0.0008804472412643136}}