{"mean":{"confidence_interval":{"confidence_level":0.95,"lower_bound":0.32060275657649323,"upper_bound":0.3237395007648838},"point_estimate":0.3221988387182686,"standard_error":0.0007947872154109641},"median":{"confidence_interval":{"confidence_level":0.95,"lower_bound":0.3203221741532607,"upper_bound":0.32338502572794825},"point_estimate":0.32183750863284577,"standard_error":0.0007698045920132719}}