{"mean":{"confidence_interval":{"confidence_level":0.95,"lower_bound":213716929.67916667,"upper_bound":215381676.23333335},"point_estimate":214465190.66666666,"standard_error":429601.926002547},"median":{"confidence_interval":{"confidence_level":0.95,"lower_bound":213456335.6666667,"upper_bound":215354248.66666666},"point_estimate":214079659.83333334,"standard_error":520593.03784681996},"median_abs_dev":{"confidence_interval":{"confidence_level":0.95,"lower_bound":86070.8588719368,"upper_bound":2152260.9768896927},"point_estimate":962575.3148108794,"standard_error":512451.44505728624},"slope":null,"std_dev":{"confidence_interval":{"confidence_level":0.95,"lower_bound":607114.2648450426,"upper_bound":1972232.0406120426},"point_estimate":1429308.0224206278,"standard_error":392222.092206097}}