{"mean":{"confidence_interval":{"confidence_level":0.95,"lower_bound":2638707.8030250003,"upper_bound":2643155.8352624997},"point_estimate":2640910.053,"standard_error":1135.8998387777872},"median":{"confidence_interval":{"confidence_level":0.95,"lower_bound":2635563.45,"upper_bound":2640185.4},"point_estimate":2638066.425,"standard_error":1110.84487930851},"median_abs_dev":{"confidence_interval":{"confidence_level":0.95,"lower_bound":8637.664511650662,"upper_bound":17290.89632302495},"point_estimate":13661.269197463851,"standard_error":2344.1440872579615},"slope":null,"std_dev":{"confidence_interval":{"confidence_level":0.95,"lower_bound":10249.783872510236,"upper_bound":12360.562476310815},"point_estimate":11408.05482556613,"standard_error":536.3194276568704}}