{"mean":{"confidence_interval":{"confidence_level":0.95,"lower_bound":367654.06120434735,"upper_bound":368279.59891630174},"point_estimate":367953.20009984553,"standard_error":159.7523040748943},"median":{"confidence_interval":{"confidence_level":0.95,"lower_bound":367410.6888888889,"upper_bound":367804.86379928316},"point_estimate":367592.18518518517,"standard_error":90.83272382336844},"median_abs_dev":{"confidence_interval":{"confidence_level":0.95,"lower_bound":741.2752499557163,"upper_bound":1625.707856817211},"point_estimate":1286.179226221295,"standard_error":254.95024802964886},"slope":{"confidence_interval":{"confidence_level":0.95,"lower_bound":368025.4606775156,"upper_bound":368544.0411313929},"point_estimate":368282.6269572927,"standard_error":132.48082481674516},"std_dev":{"confidence_interval":{"confidence_level":0.95,"lower_bound":1173.5157656545555,"upper_bound":2038.6855461309528},"point_estimate":1607.0449342992574,"standard_error":224.41624791798867}}