{"mean":{"confidence_interval":{"confidence_level":0.95,"lower_bound":0.2184016896608483,"upper_bound":0.22945739893056039},"point_estimate":0.22330345210159241,"standard_error":0.0028799605573755407},"median":{"confidence_interval":{"confidence_level":0.95,"lower_bound":0.21794518195953994,"upper_bound":0.22316759843730805},"point_estimate":0.22046629364587655,"standard_error":0.0013792930612393972}}