{"mean":{"confidence_interval":{"confidence_level":0.95,"lower_bound":0.21573139579809641,"upper_bound":0.2276456911588319},"point_estimate":0.22236569307305687,"standard_error":0.003052737078460412},"median":{"confidence_interval":{"confidence_level":0.95,"lower_bound":0.21836328361136914,"upper_bound":0.22840995715482615},"point_estimate":0.2232151882731952,"standard_error":0.002530856023089811}}