{"mean":{"confidence_interval":{"confidence_level":0.95,"lower_bound":0.21127866999548495,"upper_bound":0.22227975772707512},"point_estimate":0.21588111391309206,"standard_error":0.0028247216051490542},"median":{"confidence_interval":{"confidence_level":0.95,"lower_bound":0.21047221974166153,"upper_bound":0.2135415502064626},"point_estimate":0.21219417439709143,"standard_error":0.0007736619388857389}}