{"mean":{"confidence_interval":{"confidence_level":0.95,"lower_bound":0.2380049082496489,"upper_bound":0.2423919038129661},"point_estimate":0.24016838186071432,"standard_error":0.0011193546559888359},"median":{"confidence_interval":{"confidence_level":0.95,"lower_bound":0.23875700996579252,"upper_bound":0.24188787189660244},"point_estimate":0.24023842514955285,"standard_error":0.000790323478242675}}