{"mean":{"confidence_interval":{"confidence_level":0.95,"lower_bound":0.22024930730282966,"upper_bound":0.2299323000385853},"point_estimate":0.2255009095334879,"standard_error":0.0024777603241157116},"median":{"confidence_interval":{"confidence_level":0.95,"lower_bound":0.22702466413456857,"upper_bound":0.22998137090525073},"point_estimate":0.2285797840742223,"standard_error":0.0007403737028748602}}