{"mean":{"confidence_interval":{"confidence_level":0.95,"lower_bound":0.20894834931914216,"upper_bound":0.21235250865115246},"point_estimate":0.21065170899455765,"standard_error":0.0008754175811619417},"median":{"confidence_interval":{"confidence_level":0.95,"lower_bound":0.2080486908773127,"upper_bound":0.2109173690204036},"point_estimate":0.2096040050163881,"standard_error":0.0006983522207691873}}