{"mean":{"confidence_interval":{"confidence_level":0.95,"lower_bound":0.17323416953907744,"upper_bound":0.17767242326282454},"point_estimate":0.1752856724809706,"standard_error":0.0011327912949282211},"median":{"confidence_interval":{"confidence_level":0.95,"lower_bound":0.17214159719187094,"upper_bound":0.17692648458641624},"point_estimate":0.17445464974432134,"standard_error":0.0012651356488755758}}