{"mean":{"confidence_interval":{"confidence_level":0.95,"lower_bound":0.10493730142452193,"upper_bound":0.12016719527285939},"point_estimate":0.11258589311092915,"standard_error":0.0038945782153479882},"median":{"confidence_interval":{"confidence_level":0.95,"lower_bound":0.09896376560514453,"upper_bound":0.12388995125043745},"point_estimate":0.10907695756634239,"standard_error":0.006095284871416739}}