{"mean":{"confidence_interval":{"confidence_level":0.95,"lower_bound":257018578.33625,"upper_bound":260304579.68875},"point_estimate":258663476.0,"standard_error":841579.531059452},"median":{"confidence_interval":{"confidence_level":0.95,"lower_bound":255972093.0,"upper_bound":260537398.0},"point_estimate":259276546.25,"standard_error":1206417.5022363865},"median_abs_dev":{"confidence_interval":{"confidence_level":0.95,"lower_bound":275799.91880357265,"upper_bound":5073080.529534817},"point_estimate":2969300.4482343793,"standard_error":1188041.7948115198},"slope":null,"std_dev":{"confidence_interval":{"confidence_level":0.95,"lower_bound":1657416.5530975196,"upper_bound":3474070.7349814908},"point_estimate":2799377.2734005405,"standard_error":465770.2943284393}}