{"mean":{"confidence_interval":{"confidence_level":0.95,"lower_bound":0.3102522358545406,"upper_bound":0.3255577861285357},"point_estimate":0.3175930687329298,"standard_error":0.0039154606921545255},"median":{"confidence_interval":{"confidence_level":0.95,"lower_bound":0.30765255332980446,"upper_bound":0.3279348907777959},"point_estimate":0.31556228602808645,"standard_error":0.005199279423434205}}