{"mean":{"confidence_interval":{"confidence_level":0.95,"lower_bound":0.33010561942367417,"upper_bound":0.38450603853855087},"point_estimate":0.3519124028952132,"standard_error":0.014854122942719752},"median":{"confidence_interval":{"confidence_level":0.95,"lower_bound":0.32645931505360926,"upper_bound":0.3410592586166057},"point_estimate":0.3386714416427006,"standard_error":0.003803739450165093}}