{"mean":{"confidence_interval":{"confidence_level":0.95,"lower_bound":0.1945262553696522,"upper_bound":0.20349936504380192},"point_estimate":0.19784944700023965,"standard_error":0.0024995730448094194},"median":{"confidence_interval":{"confidence_level":0.95,"lower_bound":0.19361088718682185,"upper_bound":0.19788748194825012},"point_estimate":0.19563358919683904,"standard_error":0.0013671879073872395}}