{"mean":{"confidence_interval":{"confidence_level":0.95,"lower_bound":0.10088535166909202,"upper_bound":0.12384232919722778},"point_estimate":0.1120655004503448,"standard_error":0.005862568812847929},"median":{"confidence_interval":{"confidence_level":0.95,"lower_bound":0.0942418468548798,"upper_bound":0.12974902585671888},"point_estimate":0.11071106415220511,"standard_error":0.009009362800668212}}