{"mean":{"confidence_interval":{"confidence_level":0.95,"lower_bound":0.23587312659765955,"upper_bound":0.239484454819512},"point_estimate":0.23766750698593375,"standard_error":0.0009175728816169765},"median":{"confidence_interval":{"confidence_level":0.95,"lower_bound":0.23503911850984083,"upper_bound":0.23955012912115858},"point_estimate":0.23635191078119666,"standard_error":0.0011671576017961058}}