{"mean":{"confidence_interval":{"confidence_level":0.95,"lower_bound":0.18838029617984492,"upper_bound":0.20783833903262364},"point_estimate":0.1982134918607581,"standard_error":0.005047973511663359},"median":{"confidence_interval":{"confidence_level":0.95,"lower_bound":0.1825347648445581,"upper_bound":0.2105524514514472},"point_estimate":0.20236660996245814,"standard_error":0.007430840763043692}}