{"mean":{"confidence_interval":{"confidence_level":0.95,"lower_bound":0.29558410396336454,"upper_bound":0.30966373620095045},"point_estimate":0.3029133348593285,"standard_error":0.003604078310191053},"median":{"confidence_interval":{"confidence_level":0.95,"lower_bound":0.2891796248921523,"upper_bound":0.3149529857094606},"point_estimate":0.3048598854667406,"standard_error":0.005844758517040538}}