{"mean":{"confidence_interval":{"confidence_level":0.95,"lower_bound":191004869.93916664,"upper_bound":194457267.93333334},"point_estimate":192507842.9,"standard_error":891490.5192832816},"median":{"confidence_interval":{"confidence_level":0.95,"lower_bound":190899438.83333334,"upper_bound":192972907.83333334},"point_estimate":192345586.1666667,"standard_error":622976.9408190182},"median_abs_dev":{"confidence_interval":{"confidence_level":0.95,"lower_bound":275398.38131068664,"upper_bound":3429639.2151117325},"point_estimate":1467378.8610488176,"standard_error":780377.9740524362},"slope":null,"std_dev":{"confidence_interval":{"confidence_level":0.95,"lower_bound":819408.5459538684,"upper_bound":4376200.09800962},"point_estimate":2988194.88854789,"standard_error":1061590.8492046213}}