{"mean":{"confidence_interval":{"confidence_level":0.95,"lower_bound":0.32739095727556716,"upper_bound":0.3387214507293962},"point_estimate":0.33276529552069145,"standard_error":0.0029155941408481475},"median":{"confidence_interval":{"confidence_level":0.95,"lower_bound":0.3234098815392765,"upper_bound":0.33916661048041896},"point_estimate":0.3321330778280842,"standard_error":0.004279597227921809}}