{"mean":{"confidence_interval":{"confidence_level":0.95,"lower_bound":0.1727645965808901,"upper_bound":0.17616616795056717},"point_estimate":0.17429594779325552,"standard_error":0.0008832406724429571},"median":{"confidence_interval":{"confidence_level":0.95,"lower_bound":0.17224136300815074,"upper_bound":0.17652885133277163},"point_estimate":0.1734993191554346,"standard_error":0.0010678311687886434}}