{"mean":{"confidence_interval":{"confidence_level":0.95,"lower_bound":9304098.02195238,"upper_bound":9504556.03886508},"point_estimate":9416522.26006349,"standard_error":51869.40665090001},"median":{"confidence_interval":{"confidence_level":0.95,"lower_bound":9320294.95,"upper_bound":9521603.166666666},"point_estimate":9473721.969999999,"standard_error":48042.01907600393},"median_abs_dev":{"confidence_interval":{"confidence_level":0.95,"lower_bound":23568.25638157902,"upper_bound":229905.74833502434},"point_estimate":87668.14124824695,"standard_error":57637.241461294485},"slope":{"confidence_interval":{"confidence_level":0.95,"lower_bound":9162723.412875537,"upper_bound":9542521.541033762},"point_estimate":9370008.267532468,"standard_error":107760.88415049278},"std_dev":{"confidence_interval":{"confidence_level":0.95,"lower_bound":55086.527925335686,"upper_bound":245762.80409609835},"point_estimate":173737.05369692872,"standard_error":54144.78739722734}}