{"mean":{"confidence_interval":{"confidence_level":0.95,"lower_bound":0.30075742126260474,"upper_bound":0.3302779410441375},"point_estimate":0.3148389274200878,"standard_error":0.007635662871974336},"median":{"confidence_interval":{"confidence_level":0.95,"lower_bound":0.29552020457663564,"upper_bound":0.3207792214379941},"point_estimate":0.3081314150978707,"standard_error":0.0067528221845572535}}