{"mean":{"confidence_interval":{"confidence_level":0.95,"lower_bound":0.2970330053805772,"upper_bound":0.3057839561879642},"point_estimate":0.30133609334349165,"standard_error":0.0021848902709966068},"median":{"confidence_interval":{"confidence_level":0.95,"lower_bound":0.29698773166075587,"upper_bound":0.30564681660330506},"point_estimate":0.30050490412752495,"standard_error":0.002254006080104261}}