{"mean":{"confidence_interval":{"confidence_level":0.95,"lower_bound":0.23204377542929128,"upper_bound":0.2804047392135673},"point_estimate":0.2494473725583246,"standard_error":0.013800783019740415},"median":{"confidence_interval":{"confidence_level":0.95,"lower_bound":0.2327444854036096,"upper_bound":0.23767847821309407},"point_estimate":0.23451754866698438,"standard_error":0.0013205256017392202}}