{"mean":{"confidence_interval":{"confidence_level":0.95,"lower_bound":0.20860001948993323,"upper_bound":0.25897407439115555},"point_estimate":0.22625666604723516,"standard_error":0.01437321852219702},"median":{"confidence_interval":{"confidence_level":0.95,"lower_bound":0.20794841300438072,"upper_bound":0.21406611370924478},"point_estimate":0.2104208653901427,"standard_error":0.004955850402165699}}