{"mean":{"confidence_interval":{"confidence_level":0.95,"lower_bound":0.19166366947417993,"upper_bound":0.21643424273627968},"point_estimate":0.20412419542873228,"standard_error":0.006326055124211618},"median":{"confidence_interval":{"confidence_level":0.95,"lower_bound":0.18401323591729835,"upper_bound":0.22399802343723474},"point_estimate":0.20753289674197473,"standard_error":0.010295762115150198}}