{"mean":{"confidence_interval":{"confidence_level":0.95,"lower_bound":0.17469859672777024,"upper_bound":0.20150648510447686},"point_estimate":0.18924937416946452,"standard_error":0.006869443008980388},"median":{"confidence_interval":{"confidence_level":0.95,"lower_bound":0.17971196654477528,"upper_bound":0.21049473937779362},"point_estimate":0.18937417945930446,"standard_error":0.007626586668842381}}