{"mean":{"confidence_interval":{"confidence_level":0.95,"lower_bound":0.23078974832982843,"upper_bound":0.2792251531522718},"point_estimate":0.24781222706826522,"standard_error":0.014633222591761691},"median":{"confidence_interval":{"confidence_level":0.95,"lower_bound":0.23055322115049104,"upper_bound":0.23747947617238374},"point_estimate":0.23358733875170934,"standard_error":0.004700061873729532}}