{"mean":{"confidence_interval":{"confidence_level":0.95,"lower_bound":0.23709206740986094,"upper_bound":0.28996386459358847},"point_estimate":0.2612597343571339,"standard_error":0.014608265146601304},"median":{"confidence_interval":{"confidence_level":0.95,"lower_bound":0.2333771823201931,"upper_bound":0.2619445694965863},"point_estimate":0.2471342804262444,"standard_error":0.013109141925336505}}