{"mean":{"confidence_interval":{"confidence_level":0.95,"lower_bound":0.33685932093466747,"upper_bound":0.34859748669591206},"point_estimate":0.3429900878861527,"standard_error":0.0030110928831984514},"median":{"confidence_interval":{"confidence_level":0.95,"lower_bound":0.34029319566315497,"upper_bound":0.3492344017561426},"point_estimate":0.3462830970748638,"standard_error":0.002241787626675688}}