{"mean":{"confidence_interval":{"confidence_level":0.95,"lower_bound":5010908.166546052,"upper_bound":5025560.903782894},"point_estimate":5018484.953801169,"standard_error":3729.832943560211},"median":{"confidence_interval":{"confidence_level":0.95,"lower_bound":5008381.118421053,"upper_bound":5028507.701754386},"point_estimate":5019850.078947368,"standard_error":4420.869730464397},"median_abs_dev":{"confidence_interval":{"confidence_level":0.95,"lower_bound":1798.4002707036402,"upper_bound":20731.462039836937},"point_estimate":12273.859945253103,"standard_error":5333.589499266387},"slope":{"confidence_interval":{"confidence_level":0.95,"lower_bound":5014751.539606593,"upper_bound":5031005.025685414},"point_estimate":5025359.411073137,"standard_error":4151.769404194508},"std_dev":{"confidence_interval":{"confidence_level":0.95,"lower_bound":6483.367573321031,"upper_bound":15812.633201839368},"point_estimate":12391.373716640359,"standard_error":2372.8489759575427}}