{"mean":{"confidence_interval":{"confidence_level":0.95,"lower_bound":0.24151772623952497,"upper_bound":0.24742409747753677},"point_estimate":0.2445457350586897,"standard_error":0.0015119793853056716},"median":{"confidence_interval":{"confidence_level":0.95,"lower_bound":0.24042973703408088,"upper_bound":0.24892202154353593},"point_estimate":0.24626291777155807,"standard_error":0.002328541190775143}}