{"mean":{"confidence_interval":{"confidence_level":0.95,"lower_bound":0.2501324698676298,"upper_bound":0.29544750026836414},"point_estimate":0.2662928689755646,"standard_error":0.013447711797107523},"median":{"confidence_interval":{"confidence_level":0.95,"lower_bound":0.24973535084213005,"upper_bound":0.2533164292040748},"point_estimate":0.25226888198034647,"standard_error":0.0010179832926927384}}