{"mean":{"confidence_interval":{"confidence_level":0.95,"lower_bound":0.23388474315163835,"upper_bound":0.24859575472933607},"point_estimate":0.24163657030622154,"standard_error":0.0037147402927537885},"median":{"confidence_interval":{"confidence_level":0.95,"lower_bound":0.23810639097338715,"upper_bound":0.24722500207581444},"point_estimate":0.24380574300922997,"standard_error":0.002564428644137469}}