{"mean":{"confidence_interval":{"confidence_level":0.95,"lower_bound":0.1606009853074496,"upper_bound":0.1642566086556836},"point_estimate":0.1623446621896969,"standard_error":0.0009392936253051915},"median":{"confidence_interval":{"confidence_level":0.95,"lower_bound":0.1604108836067324,"upper_bound":0.16309845814944257},"point_estimate":0.16121720973004128,"standard_error":0.0007054918453768649}}