{"mean":{"confidence_interval":{"confidence_level":0.95,"lower_bound":0.2678069796910395,"upper_bound":0.27001849848759363},"point_estimate":0.2688052282685309,"standard_error":0.0005569216326725251},"median":{"confidence_interval":{"confidence_level":0.95,"lower_bound":0.2671604177040021,"upper_bound":0.2704093642394323},"point_estimate":0.2682345853114523,"standard_error":0.0008478805557013272}}