{"mean":{"confidence_interval":{"confidence_level":0.95,"lower_bound":0.22175424921430004,"upper_bound":0.22476763882059647},"point_estimate":0.22325241098442028,"standard_error":0.0007662856144603125},"median":{"confidence_interval":{"confidence_level":0.95,"lower_bound":0.22332878065880427,"upper_bound":0.22622083950300698},"point_estimate":0.22477247624567265,"standard_error":0.0007417894534634883}}