{"mean":{"confidence_interval":{"confidence_level":0.95,"lower_bound":0.2758103686611407,"upper_bound":0.28163249250491934},"point_estimate":0.27891283442877346,"standard_error":0.0014934824880953265},"median":{"confidence_interval":{"confidence_level":0.95,"lower_bound":0.27797740255893366,"upper_bound":0.2841749432689584},"point_estimate":0.2811532601065658,"standard_error":0.001593716749508145}}