{"mean":{"confidence_interval":{"confidence_level":0.95,"lower_bound":0.21452603362250516,"upper_bound":0.21811826872200868},"point_estimate":0.2163930367821949,"standard_error":0.0009186814149056063},"median":{"confidence_interval":{"confidence_level":0.95,"lower_bound":0.21617763372177357,"upper_bound":0.21921113046553353},"point_estimate":0.21777337621841975,"standard_error":0.000738727077078131}}