{"mean":{"confidence_interval":{"confidence_level":0.95,"lower_bound":0.2272316272857108,"upper_bound":0.23089685193140738},"point_estimate":0.2290178703456307,"standard_error":0.000937221768367831},"median":{"confidence_interval":{"confidence_level":0.95,"lower_bound":0.22396013947903834,"upper_bound":0.23543741323154022},"point_estimate":0.2255716610438272,"standard_error":0.0026694818832204066}}