{"mean":{"confidence_interval":{"confidence_level":0.95,"lower_bound":0.21622125763540923,"upper_bound":0.22083424194385312},"point_estimate":0.2181406794930396,"standard_error":0.0011540107213046085},"median":{"confidence_interval":{"confidence_level":0.95,"lower_bound":0.21442331545766802,"upper_bound":0.21735185677416213},"point_estimate":0.21573325696079482,"standard_error":0.000746009453763238}}