{"mean":{"confidence_interval":{"confidence_level":0.95,"lower_bound":3226510.9745714287,"upper_bound":3232049.044607143},"point_estimate":3229115.3064285703,"standard_error":1419.1377981154376},"median":{"confidence_interval":{"confidence_level":0.95,"lower_bound":3226323.214285714,"upper_bound":3232679.1071428573},"point_estimate":3230362.6428571427,"standard_error":1654.1255596239666},"median_abs_dev":{"confidence_interval":{"confidence_level":0.95,"lower_bound":7202.947222122026,"upper_bound":14443.012393584682},"point_estimate":12047.872136107611,"standard_error":1997.0221219899506},"slope":null,"std_dev":{"confidence_interval":{"confidence_level":0.95,"lower_bound":9384.509539960603,"upper_bound":19485.801859806976},"point_estimate":14226.038615553818,"standard_error":2731.2517831968894}}