{"mean":{"confidence_interval":{"confidence_level":0.95,"lower_bound":0.25156313379203976,"upper_bound":0.2551862324326958},"point_estimate":0.2533663778094106,"standard_error":0.0009298651105008394},"median":{"confidence_interval":{"confidence_level":0.95,"lower_bound":0.25226140042028544,"upper_bound":0.2554554790523437},"point_estimate":0.2534059151965098,"standard_error":0.0008253013543403286}}