{"mean":{"confidence_interval":{"confidence_level":0.95,"lower_bound":0.2127477531138301,"upper_bound":0.22394123448500486},"point_estimate":0.2182295000180814,"standard_error":0.0028418542505033507},"median":{"confidence_interval":{"confidence_level":0.95,"lower_bound":0.20371346914580668,"upper_bound":0.21717821383090707},"point_estimate":0.2073068769246651,"standard_error":0.003563522029204591}}