{"mean":{"confidence_interval":{"confidence_level":0.95,"lower_bound":0.2174421638828677,"upper_bound":0.22386996431853493},"point_estimate":0.22021557185347018,"standard_error":0.0017223191711068975},"median":{"confidence_interval":{"confidence_level":0.95,"lower_bound":0.21610837587802464,"upper_bound":0.22307087724066954},"point_estimate":0.21821894302767397,"standard_error":0.0021413729147928815}}