{"mean":{"confidence_interval":{"confidence_level":0.95,"lower_bound":0.19163044253590855,"upper_bound":0.2015670181438737},"point_estimate":0.19649015516886736,"standard_error":0.0025300395674768116},"median":{"confidence_interval":{"confidence_level":0.95,"lower_bound":0.19822353073025156,"upper_bound":0.20307899728318754},"point_estimate":0.20030652967160045,"standard_error":0.0013643647133086976}}