{"mean":{"confidence_interval":{"confidence_level":0.95,"lower_bound":0.18716707251991768,"upper_bound":0.19716709934384444},"point_estimate":0.1923482117240456,"standard_error":0.0025531772593333714},"median":{"confidence_interval":{"confidence_level":0.95,"lower_bound":0.19959321395795726,"upper_bound":0.20332763315321967},"point_estimate":0.20178617104942576,"standard_error":0.00097759556904528}}