{"mean":{"confidence_interval":{"confidence_level":0.95,"lower_bound":0.18515513631767996,"upper_bound":0.19327911529145103},"point_estimate":0.18929754577665192,"standard_error":0.002075766835006896},"median":{"confidence_interval":{"confidence_level":0.95,"lower_bound":0.19438412474798136,"upper_bound":0.19786551489568782},"point_estimate":0.19665854394876825,"standard_error":0.0009206709002021005}}