{"mean":{"confidence_interval":{"confidence_level":0.95,"lower_bound":0.3601418287546509,"upper_bound":0.3666555008648372},"point_estimate":0.3630886401845319,"standard_error":0.0016502969778280187},"median":{"confidence_interval":{"confidence_level":0.95,"lower_bound":0.3604827873842311,"upper_bound":0.36386960777547506},"point_estimate":0.3621481532556379,"standard_error":0.0008385742005279837}}