{"mean":{"confidence_interval":{"confidence_level":0.95,"lower_bound":0.33692256905278783,"upper_bound":0.3399976755867047},"point_estimate":0.3385469719009617,"standard_error":0.0007848179136314128},"median":{"confidence_interval":{"confidence_level":0.95,"lower_bound":0.3382323485652343,"upper_bound":0.3396391497721636},"point_estimate":0.3387843546784841,"standard_error":0.0003535398865640041}}