{"mean":{"confidence_interval":{"confidence_level":0.95,"lower_bound":0.3327597976302388,"upper_bound":0.3391555280446422},"point_estimate":0.33568008636493496,"standard_error":0.0016004783256630133},"median":{"confidence_interval":{"confidence_level":0.95,"lower_bound":0.334985052701843,"upper_bound":0.3372406177673486},"point_estimate":0.33590359434564143,"standard_error":0.0005859033826961481}}