{"mean":{"confidence_interval":{"confidence_level":0.95,"lower_bound":0.3330915204725602,"upper_bound":0.33560400520376543},"point_estimate":0.33434070677352445,"standard_error":0.0006398973410563541},"median":{"confidence_interval":{"confidence_level":0.95,"lower_bound":0.3327145860043237,"upper_bound":0.3358060680845196},"point_estimate":0.3340240318153722,"standard_error":0.0008503994967637258}}