{"mean":{"confidence_interval":{"confidence_level":0.95,"lower_bound":0.04371695664069919,"upper_bound":0.05293708211159357},"point_estimate":0.049169598090953226,"standard_error":0.002403502796170755},"median":{"confidence_interval":{"confidence_level":0.95,"lower_bound":0.04950003403165626,"upper_bound":0.055504690382176536},"point_estimate":0.053011652531469666,"standard_error":0.0016504493332193844}}