{"mean":{"confidence_interval":{"confidence_level":0.95,"lower_bound":236221.9096197873,"upper_bound":237223.52646207687},"point_estimate":236694.306893172,"standard_error":254.897717960492},"median":{"confidence_interval":{"confidence_level":0.95,"lower_bound":236115.05833333335,"upper_bound":236919.8888438134},"point_estimate":236581.5163668166,"standard_error":197.47865653527384},"median_abs_dev":{"confidence_interval":{"confidence_level":0.95,"lower_bound":1124.8472966453446,"upper_bound":2238.720421394846},"point_estimate":1494.1104947833364,"standard_error":292.8854761540524},"slope":{"confidence_interval":{"confidence_level":0.95,"lower_bound":236891.66619667542,"upper_bound":237768.85731970918},"point_estimate":237333.9243351559,"standard_error":223.67159723314904},"std_dev":{"confidence_interval":{"confidence_level":0.95,"lower_bound":1743.1084762930304,"upper_bound":3485.0411941350667},"point_estimate":2554.357930489806,"standard_error":484.11759702337906}}