{"mean":{"confidence_interval":{"confidence_level":0.95,"lower_bound":0.06613044279901091,"upper_bound":0.07426970694617699},"point_estimate":0.07034098768892116,"standard_error":0.002076756111505213},"median":{"confidence_interval":{"confidence_level":0.95,"lower_bound":0.07010034743029103,"upper_bound":0.07438279890815891},"point_estimate":0.07270240488738988,"standard_error":0.0010891493526784726}}