{"mean":{"confidence_interval":{"confidence_level":0.95,"lower_bound":0.017301094632508274,"upper_bound":0.02210330298852448},"point_estimate":0.019679532134883937,"standard_error":0.001227473743425169},"median":{"confidence_interval":{"confidence_level":0.95,"lower_bound":0.016135063872088518,"upper_bound":0.019776627788558487},"point_estimate":0.017956980062363348,"standard_error":0.0009390249057197932}}