{"mean":{"confidence_interval":{"confidence_level":0.95,"lower_bound":0.02669159857358786,"upper_bound":0.03542478133222214},"point_estimate":0.03056565432877112,"standard_error":0.0022614203567582996},"median":{"confidence_interval":{"confidence_level":0.95,"lower_bound":0.026881227269388575,"upper_bound":0.030977680011164965},"point_estimate":0.029074329647432284,"standard_error":0.0010487499820874843}}