{"mean":{"confidence_interval":{"confidence_level":0.95,"lower_bound":0.14132073986689694,"upper_bound":0.14535257805034577},"point_estimate":0.1431386064821456,"standard_error":0.001034937869649153},"median":{"confidence_interval":{"confidence_level":0.95,"lower_bound":0.14032636733580506,"upper_bound":0.14377170114441995},"point_estimate":0.14209443818693912,"standard_error":0.0008709062188804719}}