{"mean":{"confidence_interval":{"confidence_level":0.95,"lower_bound":634121.4956211076,"upper_bound":636087.2417690459},"point_estimate":635016.5122309297,"standard_error":503.9864297785694},"median":{"confidence_interval":{"confidence_level":0.95,"lower_bound":633606.7986111111,"upper_bound":635161.075},"point_estimate":634433.7919481981,"standard_error":383.8386197967448},"median_abs_dev":{"confidence_interval":{"confidence_level":0.95,"lower_bound":2508.7080230844463,"upper_bound":3788.331980754298},"point_estimate":3104.4860630476346,"standard_error":327.3702523053899},"slope":{"confidence_interval":{"confidence_level":0.95,"lower_bound":633201.6343156025,"upper_bound":634701.8026937674},"point_estimate":633873.6713757943,"standard_error":383.4437017614274},"std_dev":{"confidence_interval":{"confidence_level":0.95,"lower_bound":2770.1309645045108,"upper_bound":7184.830101128619},"point_estimate":5047.627122060007,"standard_error":1175.3095711603796}}