{"mean":{"confidence_interval":{"confidence_level":0.95,"lower_bound":0.12343681455027652,"upper_bound":0.13169008806004032},"point_estimate":0.12801798942766585,"standard_error":0.0021187910100806035},"median":{"confidence_interval":{"confidence_level":0.95,"lower_bound":0.1314483802026083,"upper_bound":0.13415169073645888},"point_estimate":0.1329709099453431,"standard_error":0.0006637861209528208}}