{"mean":{"confidence_interval":{"confidence_level":0.95,"lower_bound":0.12856309895245127,"upper_bound":0.132392820612175},"point_estimate":0.13046960871150604,"standard_error":0.0009774757949964734},"median":{"confidence_interval":{"confidence_level":0.95,"lower_bound":0.12863746146824262,"upper_bound":0.1332145965127589},"point_estimate":0.13122445888746248,"standard_error":0.0012222356225492525}}