{"mean":{"confidence_interval":{"confidence_level":0.95,"lower_bound":0.12442565851819676,"upper_bound":0.13031746724087875},"point_estimate":0.12697927812555676,"standard_error":0.0015224462889859122},"median":{"confidence_interval":{"confidence_level":0.95,"lower_bound":0.12545465321150662,"upper_bound":0.1286076710524846},"point_estimate":0.12703616205006396,"standard_error":0.0007624265225649966}}