{"mean":{"confidence_interval":{"confidence_level":0.95,"lower_bound":-0.07250409378603474,"upper_bound":-0.06608677049912434},"point_estimate":-0.06926216157671705,"standard_error":0.0016345495100624867},"median":{"confidence_interval":{"confidence_level":0.95,"lower_bound":-0.07329219288395518,"upper_bound":-0.06437751349670173},"point_estimate":-0.06809274525566711,"standard_error":0.002311802962169388}}