{"mean":{"confidence_interval":{"confidence_level":0.95,"lower_bound":0.13468442101289677,"upper_bound":0.13970083524578716},"point_estimate":0.13672835293154684,"standard_error":0.0012176428828187306},"median":{"confidence_interval":{"confidence_level":0.95,"lower_bound":0.13339548058006767,"upper_bound":0.13930033375708573},"point_estimate":0.13604148097818825,"standard_error":0.0012286952921346148}}