{"mean":{"confidence_interval":{"confidence_level":0.95,"lower_bound":0.2518095876686851,"upper_bound":0.25539278861591785},"point_estimate":0.25333427936067276,"standard_error":0.000921981062868473},"median":{"confidence_interval":{"confidence_level":0.95,"lower_bound":0.25124031603283536,"upper_bound":0.2540143503022503},"point_estimate":0.25228605412420535,"standard_error":0.0006889903926813842}}