{"mean":{"confidence_interval":{"confidence_level":0.95,"lower_bound":-0.05883074619723229,"upper_bound":-0.051036003754495254},"point_estimate":-0.05502714830909772,"standard_error":0.0020502101153910845},"median":{"confidence_interval":{"confidence_level":0.95,"lower_bound":-0.06012404408900207,"upper_bound":-0.05237927019448341},"point_estimate":-0.05760094252883552,"standard_error":0.0021464309767195164}}