{"mean":{"confidence_interval":{"confidence_level":0.95,"lower_bound":0.1269385424791165,"upper_bound":0.13414551214031833},"point_estimate":0.13065188155391216,"standard_error":0.0018754415705825459},"median":{"confidence_interval":{"confidence_level":0.95,"lower_bound":0.12501176764672772,"upper_bound":0.13457245813811403},"point_estimate":0.12849057362707184,"standard_error":0.0024834646578171227}}