{"mean":{"confidence_interval":{"confidence_level":0.95,"lower_bound":0.22802521575151166,"upper_bound":0.2387813676102731},"point_estimate":0.2345822457097262,"standard_error":0.002954181066422142},"median":{"confidence_interval":{"confidence_level":0.95,"lower_bound":0.23428009302412645,"upper_bound":0.23983476408442028},"point_estimate":0.23808204630919416,"standard_error":0.0016911879617443237}}