{"mean":{"confidence_interval":{"confidence_level":0.95,"lower_bound":0.021706626716153688,"upper_bound":0.03019883327761486},"point_estimate":0.025864224781119383,"standard_error":0.0021801130380666198},"median":{"confidence_interval":{"confidence_level":0.95,"lower_bound":0.020408276930579117,"upper_bound":0.028890079425900383},"point_estimate":0.023920385632380636,"standard_error":0.0021918840739750486}}