{"mean":{"confidence_interval":{"confidence_level":0.95,"lower_bound":202016146.66750002,"upper_bound":203508324.63333333},"point_estimate":202829864.0333333,"standard_error":385773.6089832888},"median":{"confidence_interval":{"confidence_level":0.95,"lower_bound":202028893.0,"upper_bound":203787952.33333334},"point_estimate":203272078.83333334,"standard_error":412964.1543589737},"median_abs_dev":{"confidence_interval":{"confidence_level":0.95,"lower_bound":78794.25820112228,"upper_bound":2014198.7963408232},"point_estimate":848599.7005343289,"standard_error":490690.6019210863},"slope":null,"std_dev":{"confidence_interval":{"confidence_level":0.95,"lower_bound":415345.99712834286,"upper_bound":1711296.2921572954},"point_estimate":1288418.6714101844,"standard_error":325335.5107628598}}