{"mean":{"confidence_interval":{"confidence_level":0.95,"lower_bound":0.12268775971498196,"upper_bound":0.1335755485492585},"point_estimate":0.1268104642271608,"standard_error":0.0031832184964667018},"median":{"confidence_interval":{"confidence_level":0.95,"lower_bound":0.1220412399586992,"upper_bound":0.1260933908142332},"point_estimate":0.12349642657652771,"standard_error":0.002155982585043683}}