{"mean":{"confidence_interval":{"confidence_level":0.95,"lower_bound":-0.07932365904287723,"upper_bound":-0.06611374750795222},"point_estimate":-0.07322497855315901,"standard_error":0.003399317566158705},"median":{"confidence_interval":{"confidence_level":0.95,"lower_bound":-0.07946147814581073,"upper_bound":-0.0687376249011219},"point_estimate":-0.07375936935314753,"standard_error":0.002748486704732116}}