{"mean":{"confidence_interval":{"confidence_level":0.95,"lower_bound":-0.06622151041022684,"upper_bound":-0.055054127967025066},"point_estimate":-0.06042598902899199,"standard_error":0.002856141338567043},"median":{"confidence_interval":{"confidence_level":0.95,"lower_bound":-0.06720222548892418,"upper_bound":-0.05280286583623095},"point_estimate":-0.05734797897533872,"standard_error":0.003920362511287887}}