{"mean":{"confidence_interval":{"confidence_level":0.95,"lower_bound":-0.09834111030070826,"upper_bound":-0.08735747375685077},"point_estimate":-0.09288705407381548,"standard_error":0.002814539151141139},"median":{"confidence_interval":{"confidence_level":0.95,"lower_bound":-0.10043370950071262,"upper_bound":-0.08663854935138215},"point_estimate":-0.09363005332157459,"standard_error":0.00379494340055189}}