{"mean":{"confidence_interval":{"confidence_level":0.95,"lower_bound":0.05953341494244321,"upper_bound":0.06463884906262786},"point_estimate":0.061729137274759704,"standard_error":0.0013056852310302934},"median":{"confidence_interval":{"confidence_level":0.95,"lower_bound":0.05888870947135216,"upper_bound":0.06201886034900439},"point_estimate":0.0600555476970106,"standard_error":0.0007527433873954712}}