{"mean":{"confidence_interval":{"confidence_level":0.95,"lower_bound":0.13648366101702905,"upper_bound":0.14048432288035453},"point_estimate":0.13814761203671044,"standard_error":0.0010229130590396682},"median":{"confidence_interval":{"confidence_level":0.95,"lower_bound":0.13615875899872787,"upper_bound":0.13957800232521178},"point_estimate":0.13730378995933568,"standard_error":0.0009386178796262131}}