{"mean":{"confidence_interval":{"confidence_level":0.95,"lower_bound":-0.039287281279591024,"upper_bound":-0.024372070031110138},"point_estimate":-0.03167662789043679,"standard_error":0.0038031100056811705},"median":{"confidence_interval":{"confidence_level":0.95,"lower_bound":-0.0406061728677688,"upper_bound":-0.020987812802714223},"point_estimate":-0.029471888029473425,"standard_error":0.005001436597961592}}