{"mean":{"confidence_interval":{"confidence_level":0.95,"lower_bound":-0.046462433290518024,"upper_bound":-0.040936754843014844},"point_estimate":-0.04373159134968663,"standard_error":0.001387526014295799},"median":{"confidence_interval":{"confidence_level":0.95,"lower_bound":-0.04813050231095772,"upper_bound":-0.039806037588468124},"point_estimate":-0.04321725429902601,"standard_error":0.0021218530495873064}}