{"mean":{"confidence_interval":{"confidence_level":0.95,"lower_bound":0.17333003484348844,"upper_bound":0.19873156614594045},"point_estimate":0.1855723174918873,"standard_error":0.006508797364421158},"median":{"confidence_interval":{"confidence_level":0.95,"lower_bound":0.16431725865721503,"upper_bound":0.20523439814860023},"point_estimate":0.18191273310995681,"standard_error":0.010254788185156976}}