{"mean":{"confidence_interval":{"confidence_level":0.95,"lower_bound":0.17126232454736062,"upper_bound":0.1894321589898332},"point_estimate":0.1803199996852387,"standard_error":0.0046662635639451175},"median":{"confidence_interval":{"confidence_level":0.95,"lower_bound":0.1678546865311934,"upper_bound":0.1960125884680557},"point_estimate":0.18376716669584714,"standard_error":0.00729665674091556}}