{"mean":{"confidence_interval":{"confidence_level":0.95,"lower_bound":-0.0993912936753323,"upper_bound":-0.08496387778411378},"point_estimate":-0.0924479722586532,"standard_error":0.003667259178876773},"median":{"confidence_interval":{"confidence_level":0.95,"lower_bound":-0.1006537919293291,"upper_bound":-0.08542258323035479},"point_estimate":-0.0941161258278389,"standard_error":0.004047231639670296}}