{"mean":{"confidence_interval":{"confidence_level":0.95,"lower_bound":-0.0526886868994188,"upper_bound":-0.03468767646289517},"point_estimate":-0.0426378229245471,"standard_error":0.004632129498042195},"median":{"confidence_interval":{"confidence_level":0.95,"lower_bound":-0.049868987918411545,"upper_bound":-0.03178803459524082},"point_estimate":-0.037776710258648816,"standard_error":0.004121205313261319}}