{"mean":{"confidence_interval":{"confidence_level":0.95,"lower_bound":0.19399640962529074,"upper_bound":0.2066555872197311},"point_estimate":0.20055543799085207,"standard_error":0.0031435482287670213},"median":{"confidence_interval":{"confidence_level":0.95,"lower_bound":0.19270049034727643,"upper_bound":0.20896596404303147},"point_estimate":0.20220117539439753,"standard_error":0.0048818067536273825}}