{"mean":{"confidence_interval":{"confidence_level":0.95,"lower_bound":0.020821942759222358,"upper_bound":0.042820159653495365},"point_estimate":0.03205781057666801,"standard_error":0.005627075627423628},"median":{"confidence_interval":{"confidence_level":0.95,"lower_bound":0.014048239908581062,"upper_bound":0.04991440464618657},"point_estimate":0.035291802367821035,"standard_error":0.00918599156512938}}