{"mean":{"confidence_interval":{"confidence_level":0.95,"lower_bound":0.17799919710363848,"upper_bound":0.19452256894709885},"point_estimate":0.18587743997812955,"standard_error":0.004174827108423305},"median":{"confidence_interval":{"confidence_level":0.95,"lower_bound":0.17270398876485982,"upper_bound":0.1969849197358422},"point_estimate":0.18589590371939368,"standard_error":0.00631516335429195}}