{"mean":{"confidence_interval":{"confidence_level":0.95,"lower_bound":0.46801483323755444,"upper_bound":0.5348555286496938},"point_estimate":0.5016562805381961,"standard_error":0.017259150774408233},"median":{"confidence_interval":{"confidence_level":0.95,"lower_bound":0.4654036380664277,"upper_bound":0.5454902924682521},"point_estimate":0.5054947794681826,"standard_error":0.020771160869275315}}