{"mean":{"confidence_interval":{"confidence_level":0.95,"lower_bound":0.26966395773925694,"upper_bound":0.2915281009113057},"point_estimate":0.2802959993048022,"standard_error":0.005561626296274944},"median":{"confidence_interval":{"confidence_level":0.95,"lower_bound":0.2685755825070184,"upper_bound":0.2936534312338017},"point_estimate":0.2833788279728531,"standard_error":0.006371678744865273}}