{"mean":{"confidence_interval":{"confidence_level":0.95,"lower_bound":0.11016495038325717,"upper_bound":0.1149563129962693},"point_estimate":0.11247635770630837,"standard_error":0.001239379940674349},"median":{"confidence_interval":{"confidence_level":0.95,"lower_bound":0.10818124253242112,"upper_bound":0.11416288100148408},"point_estimate":0.11137690884855767,"standard_error":0.0019367809048751806}}