{"mean":{"confidence_interval":{"confidence_level":0.95,"lower_bound":0.03188526459280446,"upper_bound":0.036607131344207997},"point_estimate":0.03431400021788189,"standard_error":0.001217132855853309},"median":{"confidence_interval":{"confidence_level":0.95,"lower_bound":0.03160630612396598,"upper_bound":0.037597009278275806},"point_estimate":0.0333321697153901,"standard_error":0.001831747456927047}}