{"mean":{"confidence_interval":{"confidence_level":0.95,"lower_bound":9251.262094070558,"upper_bound":9332.510293013673},"point_estimate":9288.96288999033,"standard_error":20.84301718310792},"median":{"confidence_interval":{"confidence_level":0.95,"lower_bound":9216.560737412248,"upper_bound":9251.20698005698},"point_estimate":9242.073405139834,"standard_error":10.648393890799289},"median_abs_dev":{"confidence_interval":{"confidence_level":0.95,"lower_bound":88.84579487328878,"upper_bound":181.33303125438084},"point_estimate":131.28804062948834,"standard_error":23.31040660641429},"slope":{"confidence_interval":{"confidence_level":0.95,"lower_bound":9336.372599923345,"upper_bound":9480.7670859608},"point_estimate":9400.806879053576,"standard_error":37.2240692742502},"std_dev":{"confidence_interval":{"confidence_level":0.95,"lower_bound":131.47475140188072,"upper_bound":280.1753934947518},"point_estimate":209.4604074553291,"standard_error":38.16354007193249}}