{"mean":{"confidence_interval":{"confidence_level":0.95,"lower_bound":-0.02465356123987748,"upper_bound":-0.01991330699841953},"point_estimate":-0.02237995179652852,"standard_error":0.0011985064466063062},"median":{"confidence_interval":{"confidence_level":0.95,"lower_bound":-0.02289870999719057,"upper_bound":-0.016662382326278924},"point_estimate":-0.021632357154816595,"standard_error":0.0014876217784518077}}