{"mean":{"confidence_interval":{"confidence_level":0.95,"lower_bound":0.06659360680641983,"upper_bound":0.07190721321461849},"point_estimate":0.06919934973742792,"standard_error":0.001332116663515484},"median":{"confidence_interval":{"confidence_level":0.95,"lower_bound":0.0655290148782528,"upper_bound":0.0718684493226478},"point_estimate":0.06827314972324916,"standard_error":0.001639484373028334}}