{"mean":{"confidence_interval":{"confidence_level":0.95,"lower_bound":0.09848179536923674,"upper_bound":0.11921362192784148},"point_estimate":0.10765563412502321,"standard_error":0.005000052261660809},"median":{"confidence_interval":{"confidence_level":0.95,"lower_bound":0.08663817675344551,"upper_bound":0.100639102912633},"point_estimate":0.08946985126575013,"standard_error":0.003807316992514567}}