{"mean":{"confidence_interval":{"confidence_level":0.95,"lower_bound":0.09683684545694143,"upper_bound":0.10458390361383212},"point_estimate":0.10084628643218685,"standard_error":0.001982138089158268},"median":{"confidence_interval":{"confidence_level":0.95,"lower_bound":0.10615158585155982,"upper_bound":0.1097336037823009},"point_estimate":0.10855166747337353,"standard_error":0.0009596690844964556}}