{"mean":{"confidence_interval":{"confidence_level":0.95,"lower_bound":0.12082356017472266,"upper_bound":0.13465283468899616},"point_estimate":0.12695405948888383,"standard_error":0.0035127688404852043},"median":{"confidence_interval":{"confidence_level":0.95,"lower_bound":0.1252603429788317,"upper_bound":0.12977566600829538},"point_estimate":0.1271700526405326,"standard_error":0.0012749803357773766}}