{"mean":{"confidence_interval":{"confidence_level":0.95,"lower_bound":0.08758914255917344,"upper_bound":0.09596051426082797},"point_estimate":0.09195792098609923,"standard_error":0.002132728817959619},"median":{"confidence_interval":{"confidence_level":0.95,"lower_bound":0.09505207753349576,"upper_bound":0.09957011579004285},"point_estimate":0.09652274980404285,"standard_error":0.00124617129391461}}