{"mean":{"confidence_interval":{"confidence_level":0.95,"lower_bound":0.21686269827198826,"upper_bound":0.21947813225138355},"point_estimate":0.21831414993569953,"standard_error":0.0006694240304699373},"median":{"confidence_interval":{"confidence_level":0.95,"lower_bound":0.2179171339709478,"upper_bound":0.2194944768789746},"point_estimate":0.21854204148045198,"standard_error":0.00039381344698699713}}