{"mean":{"confidence_interval":{"confidence_level":0.95,"lower_bound":0.23283725279967216,"upper_bound":0.238691625785264},"point_estimate":0.23578732907851863,"standard_error":0.0015016862816463975},"median":{"confidence_interval":{"confidence_level":0.95,"lower_bound":0.23324987322979918,"upper_bound":0.23507231224076564},"point_estimate":0.23429814804442084,"standard_error":0.0004791735118165863}}