{"mean":{"confidence_interval":{"confidence_level":0.95,"lower_bound":4064392.863043478,"upper_bound":4199327.793447205},"point_estimate":4132552.0943374736,"standard_error":34346.65530004941},"median":{"confidence_interval":{"confidence_level":0.95,"lower_bound":4011836.275362319,"upper_bound":4218054.109782608},"point_estimate":4182714.4285714286,"standard_error":65944.21826679859},"median_abs_dev":{"confidence_interval":{"confidence_level":0.95,"lower_bound":3611.874141963808,"upper_bound":180321.01184040104},"point_estimate":140182.70039408546,"standard_error":56403.3491226579},"slope":{"confidence_interval":{"confidence_level":0.95,"lower_bound":4116159.90368049,"upper_bound":4220532.249233934},"point_estimate":4178743.080971203,"standard_error":26443.066468156267},"std_dev":{"confidence_interval":{"confidence_level":0.95,"lower_bound":75104.1258229638,"upper_bound":135534.8961310146},"point_estimate":114894.1829535018,"standard_error":15636.206816091844}}