{"mean":{"confidence_interval":{"confidence_level":0.95,"lower_bound":196996962.40000004,"upper_bound":198136088.48},"point_estimate":197457360.23333338,"standard_error":305742.32159374264},"median":{"confidence_interval":{"confidence_level":0.95,"lower_bound":196925321.3333333,"upper_bound":197584949.1666667},"point_estimate":197177917.0,"standard_error":166921.25124423447},"median_abs_dev":{"confidence_interval":{"confidence_level":0.95,"lower_bound":100926.0164082124,"upper_bound":836579.768347755},"point_estimate":342563.61951828003,"standard_error":197735.11707933474},"slope":null,"std_dev":{"confidence_interval":{"confidence_level":0.95,"lower_bound":221407.97167411237,"upper_bound":1540758.4443812508},"point_estimate":1021623.6599845049,"standard_error":425560.66476678214}}