{"mean":{"confidence_interval":{"confidence_level":0.95,"lower_bound":3228740.695859375,"upper_bound":3239765.21228125},"point_estimate":3233687.885625,"standard_error":2807.0308975552884},"median":{"confidence_interval":{"confidence_level":0.95,"lower_bound":3224918.1875,"upper_bound":3236593.1875},"point_estimate":3229984.375,"standard_error":2826.1936386558777},"median_abs_dev":{"confidence_interval":{"confidence_level":0.95,"lower_bound":15997.439040988684,"upper_bound":24165.916258469224},"point_estimate":19837.280310317874,"standard_error":2082.309798253144},"slope":null,"std_dev":{"confidence_interval":{"confidence_level":0.95,"lower_bound":16229.805970099087,"upper_bound":41286.40540158252},"point_estimate":28168.62709591847,"standard_error":7395.10990205512}}