{"mean":{"confidence_interval":{"confidence_level":0.95,"lower_bound":390686.04602321726,"upper_bound":392168.3346224326},"point_estimate":391398.8436438391,"standard_error":377.93454888772044},"median":{"confidence_interval":{"confidence_level":0.95,"lower_bound":390223.51009803923,"upper_bound":391306.4494949495},"point_estimate":390730.1902802624,"standard_error":304.4665890200189},"median_abs_dev":{"confidence_interval":{"confidence_level":0.95,"lower_bound":1584.1461437761889,"upper_bound":2920.2258448821513},"point_estimate":2162.694903126254,"standard_error":337.2236124368233},"slope":{"confidence_interval":{"confidence_level":0.95,"lower_bound":391288.7147224054,"upper_bound":392895.62199447944},"point_estimate":392035.319465051,"standard_error":410.0574842581465},"std_dev":{"confidence_interval":{"confidence_level":0.95,"lower_bound":2753.0684017630806,"upper_bound":4687.85980146308},"point_estimate":3792.4588701213074,"standard_error":493.9999584915429}}