{"mean":{"confidence_interval":{"confidence_level":0.95,"lower_bound":291862.5473120992,"upper_bound":292482.6768814395},"point_estimate":292179.56171104166,"standard_error":157.90589616839728},"median":{"confidence_interval":{"confidence_level":0.95,"lower_bound":291975.1326388889,"upper_bound":292460.8042237443},"point_estimate":292115.3931818182,"standard_error":127.22988120153433},"median_abs_dev":{"confidence_interval":{"confidence_level":0.95,"lower_bound":808.7270401031915,"upper_bound":1512.338009183127},"point_estimate":1172.5497345841352,"standard_error":186.20821728219877},"slope":{"confidence_interval":{"confidence_level":0.95,"lower_bound":292566.4444421468,"upper_bound":293151.3980685788},"point_estimate":292864.95759937936,"standard_error":149.71171607068118},"std_dev":{"confidence_interval":{"confidence_level":0.95,"lower_bound":1253.398207534359,"upper_bound":1894.8203305261395},"point_estimate":1581.7212745391416,"standard_error":163.99668069633915}}