{"mean":{"confidence_interval":{"confidence_level":0.95,"lower_bound":251848949.04999998,"upper_bound":254864713.85},"point_estimate":253362825.25,"standard_error":773547.263590944},"median":{"confidence_interval":{"confidence_level":0.95,"lower_bound":250593038.0,"upper_bound":255419052.25},"point_estimate":253951159.0,"standard_error":1413312.0149734318},"median_abs_dev":{"confidence_interval":{"confidence_level":0.95,"lower_bound":487976.2836366892,"upper_bound":4140132.2570979595},"point_estimate":3088102.296075225,"standard_error":1030467.0529547324},"slope":null,"std_dev":{"confidence_interval":{"confidence_level":0.95,"lower_bound":1686394.5803795073,"upper_bound":3056494.6110500162},"point_estimate":2585730.5182537795,"standard_error":354356.2952965463}}