{"mean":{"confidence_interval":{"confidence_level":0.95,"lower_bound":34137597.19138889,"upper_bound":34390167.26211111},"point_estimate":34260818.96988095,"standard_error":64546.48300784226},"median":{"confidence_interval":{"confidence_level":0.95,"lower_bound":34096327.05,"upper_bound":34437960.86666667},"point_estimate":34261274.534722224,"standard_error":80238.21738099163},"median_abs_dev":{"confidence_interval":{"confidence_level":0.95,"lower_bound":16605.17118436288,"upper_bound":368029.91185866593},"point_estimate":244351.89772188885,"standard_error":85059.52025679029},"slope":{"confidence_interval":{"confidence_level":0.95,"lower_bound":34177672.24497992,"upper_bound":34453937.35912753},"point_estimate":34330065.77575757,"standard_error":69824.12267338835},"std_dev":{"confidence_interval":{"confidence_level":0.95,"lower_bound":117043.93572552236,"upper_bound":274965.8581387333},"point_estimate":215050.09233174863,"standard_error":40601.61348142981}}