{"mean":{"confidence_interval":{"confidence_level":0.95,"lower_bound":47763257.91083334,"upper_bound":48722727.33235863},"point_estimate":48146125.556408726,"standard_error":260897.21660268816},"median":{"confidence_interval":{"confidence_level":0.95,"lower_bound":47742083.95,"upper_bound":48298476.35714286},"point_estimate":47853730.04166667,"standard_error":145874.13196588575},"median_abs_dev":{"confidence_interval":{"confidence_level":0.95,"lower_bound":17552.88409336223,"upper_bound":693598.2328361714},"point_estimate":186574.82539889318,"standard_error":193898.17382408396},"slope":{"confidence_interval":{"confidence_level":0.95,"lower_bound":47763825.47906977,"upper_bound":49459169.45817491},"point_estimate":48427943.663636364,"standard_error":485572.7148480078},"std_dev":{"confidence_interval":{"confidence_level":0.95,"lower_bound":159109.50877641505,"upper_bound":1310621.4272449068},"point_estimate":868038.6060351868,"standard_error":372329.3964999849}}