{"mean":{"confidence_interval":{"confidence_level":0.95,"lower_bound":184744640.9341667,"upper_bound":185417385.7208333},"point_estimate":185077075.3333333,"standard_error":171506.88940566237},"median":{"confidence_interval":{"confidence_level":0.95,"lower_bound":184706119.0,"upper_bound":185372720.0},"point_estimate":185088052.66666666,"standard_error":177666.2504914307},"median_abs_dev":{"confidence_interval":{"confidence_level":0.95,"lower_bound":95867.38529799896,"upper_bound":986255.1544904709},"point_estimate":454475.2075314669,"standard_error":218132.22414774226},"slope":null,"std_dev":{"confidence_interval":{"confidence_level":0.95,"lower_bound":261997.03000810853,"upper_bound":776886.1328394207},"point_estimate":572197.4237275977,"standard_error":132538.6426406704}}