{"mean":{"confidence_interval":{"confidence_level":0.95,"lower_bound":123728916.37403572,"upper_bound":125602446.25857143},"point_estimate":124626023.45539685,"standard_error":480736.76943634497},"median":{"confidence_interval":{"confidence_level":0.95,"lower_bound":123351803.2,"upper_bound":125624478.2},"point_estimate":124440951.41666666,"standard_error":510880.40243432246},"median_abs_dev":{"confidence_interval":{"confidence_level":0.95,"lower_bound":201104.9753996774,"upper_bound":2851442.1270167916},"point_estimate":1322791.740365757,"standard_error":721436.680019945},"slope":{"confidence_interval":{"confidence_level":0.95,"lower_bound":124105831.66831683,"upper_bound":126575317.28763601},"point_estimate":125435410.64935064,"standard_error":636936.1462312277},"std_dev":{"confidence_interval":{"confidence_level":0.95,"lower_bound":787353.7890840613,"upper_bound":2055640.711697291},"point_estimate":1601505.3961320003,"standard_error":323421.44582586124}}