{"mean":{"confidence_interval":{"confidence_level":0.95,"lower_bound":330241.1456709472,"upper_bound":330585.7283365984},"point_estimate":330405.39298065554,"standard_error":88.08149489636358},"median":{"confidence_interval":{"confidence_level":0.95,"lower_bound":330114.6443627451,"upper_bound":330419.8571019473},"point_estimate":330262.4855823864,"standard_error":77.53953515035634},"median_abs_dev":{"confidence_interval":{"confidence_level":0.95,"lower_bound":439.47002407065446,"upper_bound":803.6414955290068},"point_estimate":587.3291927307248,"standard_error":91.46988633091503},"slope":{"confidence_interval":{"confidence_level":0.95,"lower_bound":330234.4655015833,"upper_bound":330581.7857428878},"point_estimate":330401.1794022462,"standard_error":88.25973069038722},"std_dev":{"confidence_interval":{"confidence_level":0.95,"lower_bound":636.2647687354288,"upper_bound":1152.4539562399652},"point_estimate":881.6398839387455,"standard_error":136.66839388864082}}