{"mean":{"confidence_interval":{"confidence_level":0.95,"lower_bound":3246073.170125,"upper_bound":3248554.007921875},"point_estimate":3247352.519375,"standard_error":631.2424835407139},"median":{"confidence_interval":{"confidence_level":0.95,"lower_bound":3246304.875,"upper_bound":3248958.375},"point_estimate":3247516.375,"standard_error":705.7939886010621},"median_abs_dev":{"confidence_interval":{"confidence_level":0.95,"lower_bound":3784.8449182743207,"upper_bound":6157.932659424841},"point_estimate":5074.708053655922,"standard_error":598.8919898704405},"slope":null,"std_dev":{"confidence_interval":{"confidence_level":0.95,"lower_bound":4827.211354422268,"upper_bound":7818.7341663707575},"point_estimate":6356.237933966324,"standard_error":769.0857413897245}}