{"mean":{"confidence_interval":{"confidence_level":0.95,"lower_bound":37294.47893224516,"upper_bound":37373.486096238215},"point_estimate":37329.711882431264,"standard_error":20.313741996987044},"median":{"confidence_interval":{"confidence_level":0.95,"lower_bound":37264.90765432099,"upper_bound":37328.571851851855},"point_estimate":37302.3664021164,"standard_error":16.613692789080154},"median_abs_dev":{"confidence_interval":{"confidence_level":0.95,"lower_bound":88.1012419651309,"upper_bound":133.80653768082004},"point_estimate":109.18166105308796,"standard_error":11.077651025072791},"slope":{"confidence_interval":{"confidence_level":0.95,"lower_bound":37303.04638180328,"upper_bound":37382.422558731334},"point_estimate":37339.070759623224,"standard_error":20.20234022633542},"std_dev":{"confidence_interval":{"confidence_level":0.95,"lower_bound":94.1501978612946,"upper_bound":299.40236600822107},"point_estimate":203.83680256766175,"standard_error":54.207726320137866}}