{"mean":{"confidence_interval":{"confidence_level":0.95,"lower_bound":0.2095056036491349,"upper_bound":0.2201669276019616},"point_estimate":0.21578080714115067,"standard_error":0.0027809946002408997},"median":{"confidence_interval":{"confidence_level":0.95,"lower_bound":0.21494320633456065,"upper_bound":0.2220890651906},"point_estimate":0.21904487705837128,"standard_error":0.001938241860127468}}