{"mean":{"confidence_interval":{"confidence_level":0.95,"lower_bound":0.19861823514156243,"upper_bound":0.20335393332429835},"point_estimate":0.20093767514484595,"standard_error":0.001200862832125476},"median":{"confidence_interval":{"confidence_level":0.95,"lower_bound":0.1995477894861173,"upper_bound":0.20320863688793378},"point_estimate":0.20119877457701185,"standard_error":0.000955529915317046}}