{"mean":{"confidence_interval":{"confidence_level":0.95,"lower_bound":0.20143124233539256,"upper_bound":0.20691109798272203},"point_estimate":0.20412963976466214,"standard_error":0.0013998256308820848},"median":{"confidence_interval":{"confidence_level":0.95,"lower_bound":0.2030716318626076,"upper_bound":0.20635765867227507},"point_estimate":0.2050446730019042,"standard_error":0.0007592946533590476}}