{"mean":{"confidence_interval":{"confidence_level":0.95,"lower_bound":0.22369039525300294,"upper_bound":0.23238660191790975},"point_estimate":0.2282592889910171,"standard_error":0.002222244845027543},"median":{"confidence_interval":{"confidence_level":0.95,"lower_bound":0.2285850775650995,"upper_bound":0.23216903835481473},"point_estimate":0.23074209090681053,"standard_error":0.0008675613980085198}}