{"mean":{"confidence_interval":{"confidence_level":0.95,"lower_bound":0.2525675585935405,"upper_bound":0.2574733711677593},"point_estimate":0.25492140681970765,"standard_error":0.0012541024559360055},"median":{"confidence_interval":{"confidence_level":0.95,"lower_bound":0.2535491684044979,"upper_bound":0.25667792826737174},"point_estimate":0.25499527650247655,"standard_error":0.0007769503555154453}}