{"mean":{"confidence_interval":{"confidence_level":0.95,"lower_bound":0.1755210950403308,"upper_bound":0.17901567302570434},"point_estimate":0.17728766426989306,"standard_error":0.0008915754459743742},"median":{"confidence_interval":{"confidence_level":0.95,"lower_bound":0.17573342662854508,"upper_bound":0.1798196066855502},"point_estimate":0.1779292779583388,"standard_error":0.0011225212867509225}}