{"mean":{"confidence_interval":{"confidence_level":0.95,"lower_bound":0.21410512890902034,"upper_bound":0.21766496817869638},"point_estimate":0.21579633478927174,"standard_error":0.0009158487015655241},"median":{"confidence_interval":{"confidence_level":0.95,"lower_bound":0.21273648280633872,"upper_bound":0.21622303499138007},"point_estimate":0.21472939780411981,"standard_error":0.0008627665961129986}}