{"mean":{"confidence_interval":{"confidence_level":0.95,"lower_bound":0.2296113934752968,"upper_bound":0.23868112016205406},"point_estimate":0.23454908498367022,"standard_error":0.0023324373306978863},"median":{"confidence_interval":{"confidence_level":0.95,"lower_bound":0.2377010051812647,"upper_bound":0.24124114139125274},"point_estimate":0.2396166895762486,"standard_error":0.0008907801481214839}}