{"mean":{"confidence_interval":{"confidence_level":0.95,"lower_bound":0.21809399977044794,"upper_bound":0.23350334209938822},"point_estimate":0.2280797343089196,"standard_error":0.004697429676186453},"median":{"confidence_interval":{"confidence_level":0.95,"lower_bound":0.23100621303308122,"upper_bound":0.23377860065143885},"point_estimate":0.23242589380085876,"standard_error":0.0005527743386964305}}