{"mean":{"confidence_interval":{"confidence_level":0.95,"lower_bound":0.20855126841601848,"upper_bound":0.21915058105879479},"point_estimate":0.21458406536544827,"standard_error":0.0027458495534560087},"median":{"confidence_interval":{"confidence_level":0.95,"lower_bound":0.21172210808992875,"upper_bound":0.21956248242894438},"point_estimate":0.2181371336396949,"standard_error":0.0021594218287984456}}