{"mean":{"confidence_interval":{"confidence_level":0.95,"lower_bound":0.22709159368817497,"upper_bound":0.23587257929749225},"point_estimate":0.23154458026348257,"standard_error":0.0022644914736768347},"median":{"confidence_interval":{"confidence_level":0.95,"lower_bound":0.22514806935858278,"upper_bound":0.23706446383917212},"point_estimate":0.23503630610258375,"standard_error":0.0032927387853105765}}