{"mean":{"confidence_interval":{"confidence_level":0.95,"lower_bound":0.24358488692440786,"upper_bound":0.2531203415618077},"point_estimate":0.24894812381448572,"standard_error":0.0024931426668141883},"median":{"confidence_interval":{"confidence_level":0.95,"lower_bound":0.2476131772711232,"upper_bound":0.2549342122799383},"point_estimate":0.25030451998819525,"standard_error":0.002051199935665246}}