{"mean":{"confidence_interval":{"confidence_level":0.95,"lower_bound":0.22597844983186888,"upper_bound":0.23669053417974933},"point_estimate":0.23246367893928066,"standard_error":0.0029383874064119963},"median":{"confidence_interval":{"confidence_level":0.95,"lower_bound":0.23216925044038916,"upper_bound":0.23746815372328434},"point_estimate":0.23588321969532977,"standard_error":0.0016385591719557326}}