{"mean":{"confidence_interval":{"confidence_level":0.95,"lower_bound":0.26648786769639937,"upper_bound":0.28482870515050185},"point_estimate":0.27507666419472954,"standard_error":0.004740993064693786},"median":{"confidence_interval":{"confidence_level":0.95,"lower_bound":0.2630692633781415,"upper_bound":0.2813350409601585},"point_estimate":0.2715021021755615,"standard_error":0.005083632773184179}}