{"mean":{"confidence_interval":{"confidence_level":0.95,"lower_bound":0.25994807860113656,"upper_bound":0.2708246634621294},"point_estimate":0.2664073853591624,"standard_error":0.002797542076173537},"median":{"confidence_interval":{"confidence_level":0.95,"lower_bound":0.264784368719879,"upper_bound":0.2699532260638988},"point_estimate":0.26718468664121153,"standard_error":0.0011541754194378082}}