{"mean":{"confidence_interval":{"confidence_level":0.95,"lower_bound":0.22124537068000666,"upper_bound":0.23046091327816742},"point_estimate":0.22679197914967864,"standard_error":0.0024846872767755215},"median":{"confidence_interval":{"confidence_level":0.95,"lower_bound":0.22704801780660455,"upper_bound":0.23152646338870442},"point_estimate":0.22945653205748884,"standard_error":0.0012008197729233845}}