{"mean":{"confidence_interval":{"confidence_level":0.95,"lower_bound":0.25584106940644935,"upper_bound":0.2636082120682775},"point_estimate":0.2594893858816616,"standard_error":0.001983272710466121},"median":{"confidence_interval":{"confidence_level":0.95,"lower_bound":0.2546698581111748,"upper_bound":0.26291420054346837},"point_estimate":0.25860089513189055,"standard_error":0.0023291481418736323}}