{"mean":{"confidence_interval":{"confidence_level":0.95,"lower_bound":0.17397058074821173,"upper_bound":0.19825522741501958},"point_estimate":0.18647281099556356,"standard_error":0.0062233505185465025},"median":{"confidence_interval":{"confidence_level":0.95,"lower_bound":0.17221345134076516,"upper_bound":0.20526590771120712},"point_estimate":0.1861200966890515,"standard_error":0.008734008536785647}}