{"mean":{"confidence_interval":{"confidence_level":0.95,"lower_bound":0.18578911129287187,"upper_bound":0.20473621665167424},"point_estimate":0.19689690212674105,"standard_error":0.004991322031704185},"median":{"confidence_interval":{"confidence_level":0.95,"lower_bound":0.19346585991240706,"upper_bound":0.20712358451008495},"point_estimate":0.19993870880589615,"standard_error":0.003625881395766631}}