{"mean":{"confidence_interval":{"confidence_level":0.95,"lower_bound":0.12012786009207108,"upper_bound":0.14334534552828346},"point_estimate":0.13259298994648394,"standard_error":0.00595781603014101},"median":{"confidence_interval":{"confidence_level":0.95,"lower_bound":0.12471964469134167,"upper_bound":0.14492027528058116},"point_estimate":0.13615127548730777,"standard_error":0.004950916456995732}}