{"mean":{"confidence_interval":{"confidence_level":0.95,"lower_bound":0.20520711565569136,"upper_bound":0.21971882850663849},"point_estimate":0.21452640764609088,"standard_error":0.004186468798238883},"median":{"confidence_interval":{"confidence_level":0.95,"lower_bound":0.21764405172398726,"upper_bound":0.2203257166815602},"point_estimate":0.21898595411285804,"standard_error":0.001410867073317754}}