{"mean":{"confidence_interval":{"confidence_level":0.95,"lower_bound":0.24678959672279324,"upper_bound":0.2569367686430481},"point_estimate":0.2525978706589822,"standard_error":0.0026254168175518368},"median":{"confidence_interval":{"confidence_level":0.95,"lower_bound":0.2533501669589957,"upper_bound":0.25704646422856214},"point_estimate":0.25467164541877674,"standard_error":0.0009205477966164264}}