{"mean":{"confidence_interval":{"confidence_level":0.95,"lower_bound":0.10591468382766944,"upper_bound":0.13429795505374859},"point_estimate":0.12037557163091828,"standard_error":0.007237819090127292},"median":{"confidence_interval":{"confidence_level":0.95,"lower_bound":0.10539556210033219,"upper_bound":0.14133238384567504},"point_estimate":0.12118641809353936,"standard_error":0.008981226176524078}}