{"mean":{"confidence_interval":{"confidence_level":0.95,"lower_bound":0.23663697072722195,"upper_bound":0.2403195999247458},"point_estimate":0.23868417610700043,"standard_error":0.0009238063825572787},"median":{"confidence_interval":{"confidence_level":0.95,"lower_bound":0.2355292583434232,"upper_bound":0.2410999096580564},"point_estimate":0.23891924775841789,"standard_error":0.0012420610671605927}}