{"mean":{"confidence_interval":{"confidence_level":0.95,"lower_bound":258200657.86124998,"upper_bound":260113069.16},"point_estimate":259179336.85,"standard_error":489534.5161357725},"median":{"confidence_interval":{"confidence_level":0.95,"lower_bound":258084509.0,"upper_bound":260268247.75},"point_estimate":259425820.0,"standard_error":484079.7287549082},"median_abs_dev":{"confidence_interval":{"confidence_level":0.95,"lower_bound":60997.49876707792,"upper_bound":2773347.4336132407},"point_estimate":1502518.3336749673,"standard_error":711188.2181916691},"slope":null,"std_dev":{"confidence_interval":{"confidence_level":0.95,"lower_bound":719839.4819936982,"upper_bound":2211730.8421720476},"point_estimate":1632540.08536391,"standard_error":374231.79664237436}}