{"mean":{"confidence_interval":{"confidence_level":0.95,"lower_bound":0.26390813950354913,"upper_bound":0.2848117792303905},"point_estimate":0.2743606808567747,"standard_error":0.005333226885518868},"median":{"confidence_interval":{"confidence_level":0.95,"lower_bound":0.25925465534910086,"upper_bound":0.2856314140418348},"point_estimate":0.27093125528205175,"standard_error":0.006564163042754926}}