{"mean":{"confidence_interval":{"confidence_level":0.95,"lower_bound":0.2590272643539579,"upper_bound":0.2676191104502776},"point_estimate":0.2638690753664663,"standard_error":0.0022584996596452292},"median":{"confidence_interval":{"confidence_level":0.95,"lower_bound":0.2624733104141308,"upper_bound":0.2679042667466127},"point_estimate":0.2665014759525557,"standard_error":0.001437269435543817}}