{"mean":{"confidence_interval":{"confidence_level":0.95,"lower_bound":0.1936633508157995,"upper_bound":0.20774705141780195},"point_estimate":0.20060312738236807,"standard_error":0.003604707128041795},"median":{"confidence_interval":{"confidence_level":0.95,"lower_bound":0.19153824170647504,"upper_bound":0.20911174741749372},"point_estimate":0.20305885064268847,"standard_error":0.004738538162114747}}