{"mean":{"confidence_interval":{"confidence_level":0.95,"lower_bound":0.2740054639177993,"upper_bound":0.28267396082259494},"point_estimate":0.2779865417456604,"standard_error":0.002228023683174677},"median":{"confidence_interval":{"confidence_level":0.95,"lower_bound":0.27226261840827437,"upper_bound":0.28063469333847824},"point_estimate":0.2773865373153528,"standard_error":0.0025760236231794262}}