{"mean":{"confidence_interval":{"confidence_level":0.95,"lower_bound":185560850.5,"upper_bound":187481124.64583334},"point_estimate":186581352.76666665,"standard_error":492607.41100427846},"median":{"confidence_interval":{"confidence_level":0.95,"lower_bound":185508668.0,"upper_bound":188033475.66666666},"point_estimate":186875733.16666666,"standard_error":591403.3481051518},"median_abs_dev":{"confidence_interval":{"confidence_level":0.95,"lower_bound":252379.287019372,"upper_bound":2739658.1908613294},"point_estimate":1871639.8900717422,"standard_error":634882.7199946182},"slope":null,"std_dev":{"confidence_interval":{"confidence_level":0.95,"lower_bound":776875.7419452574,"upper_bound":2168250.6823661556},"point_estimate":1646865.9042078303,"standard_error":372210.03623146587}}