{"mean":{"confidence_interval":{"confidence_level":0.95,"lower_bound":0.2258442016518635,"upper_bound":0.23945963376161936},"point_estimate":0.232847851587904,"standard_error":0.003487093886311019},"median":{"confidence_interval":{"confidence_level":0.95,"lower_bound":0.22168391060972703,"upper_bound":0.24314648772838066},"point_estimate":0.23689259097404203,"standard_error":0.005477330842770458}}