{"mean":{"confidence_interval":{"confidence_level":0.95,"lower_bound":0.17026064895371612,"upper_bound":0.18750540360075144},"point_estimate":0.17920377786504105,"standard_error":0.004421379931969869},"median":{"confidence_interval":{"confidence_level":0.95,"lower_bound":0.16592997758881167,"upper_bound":0.19111869674724935},"point_estimate":0.18181144428246143,"standard_error":0.006456451069245342}}