{"mean":{"confidence_interval":{"confidence_level":0.95,"lower_bound":128419893.46772917,"upper_bound":129057808.1447887},"point_estimate":128734985.62742062,"standard_error":163423.64392984804},"median":{"confidence_interval":{"confidence_level":0.95,"lower_bound":128303786.2013889,"upper_bound":129266261.0},"point_estimate":128637619.05,"standard_error":259066.25771069794},"median_abs_dev":{"confidence_interval":{"confidence_level":0.95,"lower_bound":93669.34847036016,"upper_bound":944928.1744241641},"point_estimate":589492.5292719193,"standard_error":205652.05047298368},"slope":{"confidence_interval":{"confidence_level":0.95,"lower_bound":128371887.93497595,"upper_bound":129016423.58937405},"point_estimate":128620812.71948051,"standard_error":164601.54395735724},"std_dev":{"confidence_interval":{"confidence_level":0.95,"lower_bound":330176.75504544267,"upper_bound":657932.2005449882},"point_estimate":544824.675785958,"standard_error":83092.27927769619}}