{"mean":{"confidence_interval":{"confidence_level":0.95,"lower_bound":0.1730668847957603,"upper_bound":0.19691188103501656},"point_estimate":0.1847337451868254,"standard_error":0.006096403943859695},"median":{"confidence_interval":{"confidence_level":0.95,"lower_bound":0.16354548785668999,"upper_bound":0.20032405864160752},"point_estimate":0.18492955692340884,"standard_error":0.009350265419084893}}