{"mean":{"confidence_interval":{"confidence_level":0.95,"lower_bound":0.2672855405384748,"upper_bound":0.284360733487913},"point_estimate":0.2755948677203022,"standard_error":0.004432687319142877},"median":{"confidence_interval":{"confidence_level":0.95,"lower_bound":0.2659520287809274,"upper_bound":0.28842189951459174},"point_estimate":0.2771082120987336,"standard_error":0.006485151324274727}}