{"mean":{"confidence_interval":{"confidence_level":0.95,"lower_bound":0.2853503754086591,"upper_bound":0.29069461366465316},"point_estimate":0.2878435988426147,"standard_error":0.0013662239385532544},"median":{"confidence_interval":{"confidence_level":0.95,"lower_bound":0.2841590425559313,"upper_bound":0.28993748846814804},"point_estimate":0.2875878866824011,"standard_error":0.0014731921550742966}}