{"mean":{"confidence_interval":{"confidence_level":0.95,"lower_bound":5380614.811759259,"upper_bound":5418546.985052911},"point_estimate":5403928.187464726,"standard_error":10546.307199947803},"median":{"confidence_interval":{"confidence_level":0.95,"lower_bound":5405760.777777778,"upper_bound":5421733.198412699},"point_estimate":5410496.774691358,"standard_error":4681.4295914117265},"median_abs_dev":{"confidence_interval":{"confidence_level":0.95,"lower_bound":750.900279261175,"upper_bound":21075.585755833643},"point_estimate":9235.230549375246,"standard_error":5371.993017917156},"slope":{"confidence_interval":{"confidence_level":0.95,"lower_bound":5410283.952799765,"upper_bound":5421942.987213615},"point_estimate":5416194.117748918,"standard_error":2954.792830138269},"std_dev":{"confidence_interval":{"confidence_level":0.95,"lower_bound":5898.284766433229,"upper_bound":53733.17382357102},"point_estimate":35054.362627884344,"standard_error":16299.223061974992}}