{"mean":{"confidence_interval":{"confidence_level":0.95,"lower_bound":0.33788963189358745,"upper_bound":0.3686953872294686},"point_estimate":0.354347222115041,"standard_error":0.00777892105546439},"median":{"confidence_interval":{"confidence_level":0.95,"lower_bound":0.30555620229203817,"upper_bound":0.3110120538358536},"point_estimate":0.3074470560847944,"standard_error":0.001471076075566355}}