{"mean":{"confidence_interval":{"confidence_level":0.95,"lower_bound":0.2526237402354553,"upper_bound":0.28244857323810796},"point_estimate":0.26731069801967755,"standard_error":0.007831032401947735},"median":{"confidence_interval":{"confidence_level":0.95,"lower_bound":0.21716875422570836,"upper_bound":0.22058138709252662},"point_estimate":0.2187144642763661,"standard_error":0.0009818048250555633}}