{"mean":{"confidence_interval":{"confidence_level":0.95,"lower_bound":339385.5966078441,"upper_bound":346905.61988849187},"point_estimate":343068.07127031835,"standard_error":1923.687416571111},"median":{"confidence_interval":{"confidence_level":0.95,"lower_bound":329940.7164179105,"upper_bound":330766.18055555556},"point_estimate":330236.123015873,"standard_error":459.7059511607419},"median_abs_dev":{"confidence_interval":{"confidence_level":0.95,"lower_bound":1097.6754627850619,"upper_bound":2663.686919521479},"point_estimate":1689.2542803999725,"standard_error":508.6451961325637},"slope":{"confidence_interval":{"confidence_level":0.95,"lower_bound":330629.87418526004,"upper_bound":332676.89145480137},"point_estimate":331511.24727550364,"standard_error":523.542677351364},"std_dev":{"confidence_interval":{"confidence_level":0.95,"lower_bound":17394.00345325009,"upper_bound":20342.233994664442},"point_estimate":19254.74458136133,"standard_error":764.0834999521218}}