{"mean":{"confidence_interval":{"confidence_level":0.95,"lower_bound":0.27817176666931726,"upper_bound":0.30403719090456727},"point_estimate":0.29169630279535386,"standard_error":0.0066457514326117295},"median":{"confidence_interval":{"confidence_level":0.95,"lower_bound":0.2457274536449212,"upper_bound":0.25054054727027997},"point_estimate":0.248414390983706,"standard_error":0.0012272499294426831}}