{"mean":{"confidence_interval":{"confidence_level":0.95,"lower_bound":0.29429012008303873,"upper_bound":0.3254111380216173},"point_estimate":0.309473639273101,"standard_error":0.007434964426048953},"median":{"confidence_interval":{"confidence_level":0.95,"lower_bound":0.2628353728784084,"upper_bound":0.26998649106518213},"point_estimate":0.26677360488650037,"standard_error":0.0017853769782059242}}