{"mean":{"confidence_interval":{"confidence_level":0.95,"lower_bound":3325555.654625,"upper_bound":3400773.54190625},"point_estimate":3362555.92625,"standard_error":19285.777204504047},"median":{"confidence_interval":{"confidence_level":0.95,"lower_bound":3233776.5,"upper_bound":3240856.0625},"point_estimate":3237154.09375,"standard_error":3998.837915939777},"median_abs_dev":{"confidence_interval":{"confidence_level":0.95,"lower_bound":14941.642534732819,"upper_bound":28355.51212783903},"point_estimate":20927.2692784667,"standard_error":4242.898599560654},"slope":null,"std_dev":{"confidence_interval":{"confidence_level":0.95,"lower_bound":174502.28877453497,"upper_bound":204247.75520410686},"point_estimate":193287.44932026457,"standard_error":7709.778988562961}}