{"mean":{"confidence_interval":{"confidence_level":0.95,"lower_bound":0.2329926505299469,"upper_bound":0.2642130451036391},"point_estimate":0.24867950279974127,"standard_error":0.007449994177119713},"median":{"confidence_interval":{"confidence_level":0.95,"lower_bound":0.2023833394140051,"upper_bound":0.21229302900942953},"point_estimate":0.2043783224606115,"standard_error":0.0026588053807724945}}