{"mean":{"confidence_interval":{"confidence_level":0.95,"lower_bound":0.29586707376317756,"upper_bound":0.33100106817831404},"point_estimate":0.3143906897706079,"standard_error":0.009153627473252808},"median":{"confidence_interval":{"confidence_level":0.95,"lower_bound":0.2494115441253828,"upper_bound":0.273404249215093},"point_estimate":0.25218003418969914,"standard_error":0.007099811704229257}}