{"mean":{"confidence_interval":{"confidence_level":0.95,"lower_bound":0.2594359423574192,"upper_bound":0.28926870444846153},"point_estimate":0.27380234321968455,"standard_error":0.007446775426223152},"median":{"confidence_interval":{"confidence_level":0.95,"lower_bound":0.22591856407461344,"upper_bound":0.22886030521282708},"point_estimate":0.22734741381366907,"standard_error":0.0007858036816152621}}