{"mean":{"confidence_interval":{"confidence_level":0.95,"lower_bound":0.21320171910492225,"upper_bound":0.2212568544444673},"point_estimate":0.21738166298657524,"standard_error":0.002055296022735834},"median":{"confidence_interval":{"confidence_level":0.95,"lower_bound":0.22130020765473613,"upper_bound":0.22662919201270215},"point_estimate":0.22346325073862694,"standard_error":0.001445897322583156}}