{"mean":{"confidence_interval":{"confidence_level":0.95,"lower_bound":0.1737092553597404,"upper_bound":0.1818465092070456},"point_estimate":0.1779068056831492,"standard_error":0.002084086185973822},"median":{"confidence_interval":{"confidence_level":0.95,"lower_bound":0.1844630628488242,"upper_bound":0.18681623192730634},"point_estimate":0.18549004098323163,"standard_error":0.0006013968890267837}}