{"mean":{"confidence_interval":{"confidence_level":0.95,"lower_bound":0.1843705073209512,"upper_bound":0.1926203476291959},"point_estimate":0.18856237613382887,"standard_error":0.002105192253666886},"median":{"confidence_interval":{"confidence_level":0.95,"lower_bound":0.1936485123250579,"upper_bound":0.1991216589976359},"point_estimate":0.19664467031875588,"standard_error":0.0014631853707032499}}