{"mean":{"confidence_interval":{"confidence_level":0.95,"lower_bound":0.3420951970348184,"upper_bound":0.34576507829648806},"point_estimate":0.34385813033874535,"standard_error":0.0009528061552908309},"median":{"confidence_interval":{"confidence_level":0.95,"lower_bound":0.3397803247590514,"upper_bound":0.34416602509484817},"point_estimate":0.34173849347202734,"standard_error":0.0011145115095808397}}