{"mean":{"confidence_interval":{"confidence_level":0.95,"lower_bound":0.3439314914853211,"upper_bound":0.34814077213894074},"point_estimate":0.34601338346033783,"standard_error":0.0010832799255694116},"median":{"confidence_interval":{"confidence_level":0.95,"lower_bound":0.34408420029554665,"upper_bound":0.34619635706526486},"point_estimate":0.34506997602374656,"standard_error":0.0005245102376462585}}