{"mean":{"confidence_interval":{"confidence_level":0.95,"lower_bound":0.3356328820088316,"upper_bound":0.34232763083294365},"point_estimate":0.33875322299640565,"standard_error":0.0017016464109395012},"median":{"confidence_interval":{"confidence_level":0.95,"lower_bound":0.3372835919425108,"upper_bound":0.3402389809928785},"point_estimate":0.3384785027383648,"standard_error":0.000716338664290035}}