{"mean":{"confidence_interval":{"confidence_level":0.95,"lower_bound":0.34324893683589786,"upper_bound":0.34793672791670416},"point_estimate":0.34552953407356934,"standard_error":0.0012162763561439258},"median":{"confidence_interval":{"confidence_level":0.95,"lower_bound":0.34299576381653685,"upper_bound":0.34638815545745927},"point_estimate":0.3446539358348224,"standard_error":0.0009102703835949285}}