{"mean":{"confidence_interval":{"confidence_level":0.95,"lower_bound":319514.5162624262,"upper_bound":320831.78244431247},"point_estimate":320077.00659744994,"standard_error":342.19555031507605},"median":{"confidence_interval":{"confidence_level":0.95,"lower_bound":319228.4070385947,"upper_bound":319876.245},"point_estimate":319492.8996212121,"standard_error":142.7482018414746},"median_abs_dev":{"confidence_interval":{"confidence_level":0.95,"lower_bound":833.2103304857748,"upper_bound":1434.8215562836253},"point_estimate":1122.5470668131989,"standard_error":158.32884979354472},"slope":{"confidence_interval":{"confidence_level":0.95,"lower_bound":319578.4262218227,"upper_bound":320315.88178753783},"point_estimate":319922.09801389097,"standard_error":188.20815198832867},"std_dev":{"confidence_interval":{"confidence_level":0.95,"lower_bound":1088.3797916324224,"upper_bound":5137.749878305961},"point_estimate":3414.574684503785,"standard_error":1108.2543776042455}}