{"mean":{"confidence_interval":{"confidence_level":0.95,"lower_bound":584387.5278752742,"upper_bound":586693.2934992765},"point_estimate":585530.0879082105,"standard_error":586.6818940342641},"median":{"confidence_interval":{"confidence_level":0.95,"lower_bound":584504.8581081082,"upper_bound":586241.64361167},"point_estimate":585265.3941520468,"standard_error":415.571212125711},"median_abs_dev":{"confidence_interval":{"confidence_level":0.95,"lower_bound":2779.743195241704,"upper_bound":4937.922762334318},"point_estimate":3817.9130858314375,"standard_error":561.03240803194},"slope":{"confidence_interval":{"confidence_level":0.95,"lower_bound":585969.8984885649,"upper_bound":587925.6449394797},"point_estimate":586936.9047923748,"standard_error":497.2023879793428},"std_dev":{"confidence_interval":{"confidence_level":0.95,"lower_bound":3913.0973526445505,"upper_bound":7817.069750424279},"point_estimate":5908.633167670869,"standard_error":1004.9753050905229}}