{"mean":{"confidence_interval":{"confidence_level":0.95,"lower_bound":960199.3408521304,"upper_bound":961857.0075951129},"point_estimate":961139.9411211361,"standard_error":429.5024337850152},"median":{"confidence_interval":{"confidence_level":0.95,"lower_bound":960826.9029239765,"upper_bound":962253.5210526315},"point_estimate":961120.995614035,"standard_error":393.1276119902626},"median_abs_dev":{"confidence_interval":{"confidence_level":0.95,"lower_bound":101.32400346436538,"upper_bound":1804.8554639224174},"point_estimate":883.1399671281453,"standard_error":450.9006514856383},"slope":{"confidence_interval":{"confidence_level":0.95,"lower_bound":960851.9817642699,"upper_bound":961990.5892917071},"point_estimate":961440.6038550923,"standard_error":298.5246470879775},"std_dev":{"confidence_interval":{"confidence_level":0.95,"lower_bound":519.8426389851982,"upper_bound":2083.996236938213},"point_estimate":1432.727813391363,"standard_error":484.2717194014628}}