{"mean":{"confidence_interval":{"confidence_level":0.95,"lower_bound":206999771.63333333,"upper_bound":208546856.93333334},"point_estimate":207686237.8333333,"standard_error":398942.73103425256},"median":{"confidence_interval":{"confidence_level":0.95,"lower_bound":206694511.0,"upper_bound":208288991.1666667},"point_estimate":207282886.8333333,"standard_error":385335.5302030364},"median_abs_dev":{"confidence_interval":{"confidence_level":0.95,"lower_bound":235121.08202576637,"upper_bound":1856987.107431874},"point_estimate":882418.0530339185,"standard_error":428021.37820189545},"slope":null,"std_dev":{"confidence_interval":{"confidence_level":0.95,"lower_bound":452470.50805137295,"upper_bound":1845328.9007427823},"point_estimate":1332775.6223144743,"standard_error":386130.47514019645}}