{"mean":{"confidence_interval":{"confidence_level":0.95,"lower_bound":1786046.2174680983,"upper_bound":1790365.0411088353},"point_estimate":1787763.9872089946,"standard_error":1173.994452585746},"median":{"confidence_interval":{"confidence_level":0.95,"lower_bound":1785706.2521008404,"upper_bound":1787949.8026143792},"point_estimate":1786696.220043573,"standard_error":668.9449246651212},"median_abs_dev":{"confidence_interval":{"confidence_level":0.95,"lower_bound":477.55915622735154,"upper_bound":2951.5251428941488},"point_estimate":1650.755050693144,"standard_error":687.931872098549},"slope":{"confidence_interval":{"confidence_level":0.95,"lower_bound":1785814.381281157,"upper_bound":1788037.9398302604},"point_estimate":1786969.4302011714,"standard_error":589.7358908223516},"std_dev":{"confidence_interval":{"confidence_level":0.95,"lower_bound":794.1484562378133,"upper_bound":5911.6449192277},"point_estimate":3900.652755931957,"standard_error":1676.1701239191161}}