{"mean":{"confidence_interval":{"confidence_level":0.95,"lower_bound":10756003.199629629,"upper_bound":10927729.35900463},"point_estimate":10841679.000432098,"standard_error":43984.9160520543},"median":{"confidence_interval":{"confidence_level":0.95,"lower_bound":10699004.75,"upper_bound":10974904.111111112},"point_estimate":10847875.567901235,"standard_error":73766.20943973341},"median_abs_dev":{"confidence_interval":{"confidence_level":0.95,"lower_bound":38343.83654092737,"upper_bound":250019.57357978262},"point_estimate":190454.81321041798,"standard_error":53401.8807287115},"slope":{"confidence_interval":{"confidence_level":0.95,"lower_bound":10736785.253743732,"upper_bound":10887977.190048635},"point_estimate":10814786.194805196,"standard_error":38050.47967781254},"std_dev":{"confidence_interval":{"confidence_level":0.95,"lower_bound":92367.71059848808,"upper_bound":172502.35617532703},"point_estimate":145963.91367791727,"standard_error":20466.95008178957}}