{"mean":{"confidence_interval":{"confidence_level":0.95,"lower_bound":278374325.19875,"upper_bound":281278649.0},"point_estimate":279893342.7,"standard_error":744614.2557706337},"median":{"confidence_interval":{"confidence_level":0.95,"lower_bound":278802551.5,"upper_bound":281923950.5},"point_estimate":279466421.25,"standard_error":959916.18209017},"median_abs_dev":{"confidence_interval":{"confidence_level":0.95,"lower_bound":114924.84890967607,"upper_bound":4627786.075240374},"point_estimate":1684267.6698982716,"standard_error":1147282.9625910767},"slope":null,"std_dev":{"confidence_interval":{"confidence_level":0.95,"lower_bound":1282872.775879294,"upper_bound":3348672.520780164},"point_estimate":2486264.62817127,"standard_error":578290.8669252404}}