{"mean":{"confidence_interval":{"confidence_level":0.95,"lower_bound":69815.32435517658,"upper_bound":69938.27635821077},"point_estimate":69871.91503379238,"standard_error":31.524285224496886},"median":{"confidence_interval":{"confidence_level":0.95,"lower_bound":69753.9596491228,"upper_bound":69914.62264150943},"point_estimate":69830.43893637226,"standard_error":43.09847020844516},"median_abs_dev":{"confidence_interval":{"confidence_level":0.95,"lower_bound":181.53890456649992,"upper_bound":270.90835738592017},"point_estimate":225.74026015896897,"standard_error":22.26471286933462},"slope":{"confidence_interval":{"confidence_level":0.95,"lower_bound":69864.35135615883,"upper_bound":70023.2749646548},"point_estimate":69937.3425439141,"standard_error":40.77330048885571},"std_dev":{"confidence_interval":{"confidence_level":0.95,"lower_bound":182.07854906762114,"upper_bound":443.17926720414846},"point_estimate":316.44727961653314,"standard_error":69.36711464552243}}