{"mean":{"confidence_interval":{"confidence_level":0.95,"lower_bound":123668.86537640593,"upper_bound":123910.36964623268},"point_estimate":123788.18017688049,"standard_error":61.56663751767144},"median":{"confidence_interval":{"confidence_level":0.95,"lower_bound":123610.7445054945,"upper_bound":123869.83275305707},"point_estimate":123744.26344386488,"standard_error":60.9518745911822},"median_abs_dev":{"confidence_interval":{"confidence_level":0.95,"lower_bound":420.579195033235,"upper_bound":800.1186659512998},"point_estimate":590.0057468782505,"standard_error":103.57545711230405},"slope":{"confidence_interval":{"confidence_level":0.95,"lower_bound":123372.79013857256,"upper_bound":123588.78359299633},"point_estimate":123475.04769395596,"standard_error":55.19591615990167},"std_dev":{"confidence_interval":{"confidence_level":0.95,"lower_bound":508.41220567438785,"upper_bound":728.828193607533},"point_estimate":619.7270569735203,"standard_error":56.48629876949386}}