{"mean":{"confidence_interval":{"confidence_level":0.95,"lower_bound":195244512.63333336,"upper_bound":197048922.96916667},"point_estimate":196172141.8333333,"standard_error":462533.50021522655},"median":{"confidence_interval":{"confidence_level":0.95,"lower_bound":195118464.1666667,"upper_bound":197334211.1666667},"point_estimate":196161263.0,"standard_error":522974.6044787641},"median_abs_dev":{"confidence_interval":{"confidence_level":0.95,"lower_bound":149434.95784699917,"upper_bound":2711849.310255043},"point_estimate":1194754.4242888615,"standard_error":672744.4670030972},"slope":null,"std_dev":{"confidence_interval":{"confidence_level":0.95,"lower_bound":811656.0523952924,"upper_bound":2000007.474397201},"point_estimate":1538911.2143421278,"standard_error":312379.6063152386}}