{"mean":{"confidence_interval":{"confidence_level":0.95,"lower_bound":263699132.7,"upper_bound":266111639.05},"point_estimate":264951449.5,"standard_error":620202.1127108997},"median":{"confidence_interval":{"confidence_level":0.95,"lower_bound":262963639.5,"upper_bound":266855487.0},"point_estimate":265764174.5,"standard_error":1109946.8956482518},"median_abs_dev":{"confidence_interval":{"confidence_level":0.95,"lower_bound":147219.95348632336,"upper_bound":3367860.7568085194},"point_estimate":1765199.8372614384,"standard_error":905806.7829265714},"slope":null,"std_dev":{"confidence_interval":{"confidence_level":0.95,"lower_bound":1175700.4639624127,"upper_bound":2415596.3463623235},"point_estimate":2065282.9665723236,"standard_error":313775.58114030183}}