{"mean":{"confidence_interval":{"confidence_level":0.95,"lower_bound":4049733.651320523,"upper_bound":4074204.8731038645},"point_estimate":4059825.337358523,"standard_error":6447.6704475975885},"median":{"confidence_interval":{"confidence_level":0.95,"lower_bound":4049825.492753623,"upper_bound":4060232.161352657},"point_estimate":4055814.4767080746,"standard_error":2503.34997274732},"median_abs_dev":{"confidence_interval":{"confidence_level":0.95,"lower_bound":632.7701387660187,"upper_bound":19595.04755791534},"point_estimate":4724.236326453886,"standard_error":4863.6634771552945},"slope":{"confidence_interval":{"confidence_level":0.95,"lower_bound":4055940.013112648,"upper_bound":4095875.143207121},"point_estimate":4073621.3841897235,"standard_error":11962.689549011371},"std_dev":{"confidence_interval":{"confidence_level":0.95,"lower_bound":3441.0156174375375,"upper_bound":32229.665596724244},"point_estimate":21471.865443069237,"standard_error":8755.406920556887}}