{"mean":{"confidence_interval":{"confidence_level":0.95,"lower_bound":66041.64046778917,"upper_bound":66148.08998942343},"point_estimate":66092.06361032344,"standard_error":27.15518091287576},"median":{"confidence_interval":{"confidence_level":0.95,"lower_bound":65992.55549462601,"upper_bound":66108.01451040081},"point_estimate":66061.89834422659,"standard_error":25.22546128364945},"median_abs_dev":{"confidence_interval":{"confidence_level":0.95,"lower_bound":147.34749238405888,"upper_bound":236.47539349583397},"point_estimate":189.10462926424373,"standard_error":21.87609863658976},"slope":{"confidence_interval":{"confidence_level":0.95,"lower_bound":66004.13945372908,"upper_bound":66113.144761987},"point_estimate":66052.3274339195,"standard_error":27.9901766875194},"std_dev":{"confidence_interval":{"confidence_level":0.95,"lower_bound":194.53290769275296,"upper_bound":341.21449081281366},"point_estimate":273.0047812069036,"standard_error":37.358089954573764}}