{"mean":{"confidence_interval":{"confidence_level":0.95,"lower_bound":3230657.4449374997,"upper_bound":3235583.195015625},"point_estimate":3232855.664375,"standard_error":1262.2707615004224},"median":{"confidence_interval":{"confidence_level":0.95,"lower_bound":3228181.125,"upper_bound":3231857.90625},"point_estimate":3229754.28125,"standard_error":875.6739749252773},"median_abs_dev":{"confidence_interval":{"confidence_level":0.95,"lower_bound":4458.810542402791,"upper_bound":7835.633523389697},"point_estimate":5904.917707666755,"standard_error":855.2414261788784},"slope":null,"std_dev":{"confidence_interval":{"confidence_level":0.95,"lower_bound":7312.552800698897,"upper_bound":18552.861363791522},"point_estimate":12670.4553986386,"standard_error":3409.9414910577198}}