{"mean":{"confidence_interval":{"confidence_level":0.95,"lower_bound":9112.07975260521,"upper_bound":9277.223078430708},"point_estimate":9184.90163060129,"standard_error":42.35874975382286},"median":{"confidence_interval":{"confidence_level":0.95,"lower_bound":9066.14156920078,"upper_bound":9079.324468085106},"point_estimate":9073.66927008177,"standard_error":3.7735883794420877},"median_abs_dev":{"confidence_interval":{"confidence_level":0.95,"lower_bound":18.82112539567715,"upper_bound":31.056677967151604},"point_estimate":23.44434007199577,"standard_error":3.1872090938851163},"slope":{"confidence_interval":{"confidence_level":0.95,"lower_bound":9065.891299039462,"upper_bound":9082.035315051375},"point_estimate":9073.304248285525,"standard_error":4.138051189405152},"std_dev":{"confidence_interval":{"confidence_level":0.95,"lower_bound":195.18775500380778,"upper_bound":627.8545704612847},"point_estimate":425.253615617946,"standard_error":114.75638884533109}}