{"mean":{"confidence_interval":{"confidence_level":0.95,"lower_bound":329430.75909880555,"upper_bound":329742.18822670437},"point_estimate":329585.7556093374,"standard_error":79.80431742481514},"median":{"confidence_interval":{"confidence_level":0.95,"lower_bound":329405.2576123554,"upper_bound":329792.15789473685},"point_estimate":329579.4592352093,"standard_error":105.3328430846098},"median_abs_dev":{"confidence_interval":{"confidence_level":0.95,"lower_bound":625.552914010697,"upper_bound":1138.7115515944158},"point_estimate":993.2156733146938,"standard_error":137.58905096802792},"slope":{"confidence_interval":{"confidence_level":0.95,"lower_bound":329428.9745710372,"upper_bound":329736.05214573664},"point_estimate":329580.0231722575,"standard_error":78.68623851828947},"std_dev":{"confidence_interval":{"confidence_level":0.95,"lower_bound":699.4084971030865,"upper_bound":892.2879157237969},"point_estimate":800.731021249065,"standard_error":49.22472627328975}}