{"mean":{"confidence_interval":{"confidence_level":0.95,"lower_bound":190779766.4183333,"upper_bound":192012634.82750002},"point_estimate":191400970.86666662,"standard_error":315510.9748360456},"median":{"confidence_interval":{"confidence_level":0.95,"lower_bound":190593836.5,"upper_bound":192139147.0},"point_estimate":191519502.16666666,"standard_error":503828.58584275626},"median_abs_dev":{"confidence_interval":{"confidence_level":0.95,"lower_bound":137493.60345900795,"upper_bound":1777759.4358384314},"point_estimate":1067295.7987517193,"standard_error":462315.64931253105},"slope":null,"std_dev":{"confidence_interval":{"confidence_level":0.95,"lower_bound":615011.1204340438,"upper_bound":1343454.6349397248},"point_estimate":1054990.545754985,"standard_error":190166.30361718725}}