{"mean":{"confidence_interval":{"confidence_level":0.95,"lower_bound":260087703.26875,"upper_bound":264070359.5},"point_estimate":262089901.55,"standard_error":1016117.2702554113},"median":{"confidence_interval":{"confidence_level":0.95,"lower_bound":259885674.0,"upper_bound":264567182.75},"point_estimate":262098865.5,"standard_error":1158946.5677262829},"median_abs_dev":{"confidence_interval":{"confidence_level":0.95,"lower_bound":785606.7457526922,"upper_bound":5982616.3244873285},"point_estimate":3173815.4777035117,"standard_error":1312983.2069140095},"slope":null,"std_dev":{"confidence_interval":{"confidence_level":0.95,"lower_bound":1763499.5914203832,"upper_bound":4390577.248819625},"point_estimate":3373249.4379301267,"standard_error":673872.941243744}}