{"mean":{"confidence_interval":{"confidence_level":0.95,"lower_bound":227614.83360150375,"upper_bound":229865.38499999995},"point_estimate":228779.02214524406,"standard_error":578.3618185910892},"median":{"confidence_interval":{"confidence_level":0.95,"lower_bound":227039.06934001672,"upper_bound":230446.11904761905},"point_estimate":229165.00560926125,"standard_error":892.691654725384},"median_abs_dev":{"confidence_interval":{"confidence_level":0.95,"lower_bound":506.21394346902076,"upper_bound":3197.037603391629},"point_estimate":2195.991949108597,"standard_error":723.7210002287381},"slope":{"confidence_interval":{"confidence_level":0.95,"lower_bound":228756.27196522045,"upper_bound":230426.51379095408},"point_estimate":229766.6194707548,"standard_error":427.6280522435983},"std_dev":{"confidence_interval":{"confidence_level":0.95,"lower_bound":1068.349824934899,"upper_bound":2322.2864751581233},"point_estimate":1931.0173080163038,"standard_error":311.58312886223746}}