{"mean":{"confidence_interval":{"confidence_level":0.95,"lower_bound":5633400.395197478,"upper_bound":5660066.521265172},"point_estimate":5648052.994864612,"standard_error":6878.149314596297},"median":{"confidence_interval":{"confidence_level":0.95,"lower_bound":5635798.658823529,"upper_bound":5666829.889705882},"point_estimate":5652161.0676470585,"standard_error":9493.66643240511},"median_abs_dev":{"confidence_interval":{"confidence_level":0.95,"lower_bound":1050.9332391852524,"upper_bound":38004.14314584307},"point_estimate":21882.518131704248,"standard_error":9201.146919976929},"slope":{"confidence_interval":{"confidence_level":0.95,"lower_bound":5641318.216937839,"upper_bound":5662358.594174208},"point_estimate":5653312.3592055,"standard_error":5351.400124101571},"std_dev":{"confidence_interval":{"confidence_level":0.95,"lower_bound":10563.75852664084,"upper_bound":31734.399723352733},"point_estimate":22818.27521339243,"standard_error":6215.944438674391}}