{"mean":{"confidence_interval":{"confidence_level":0.95,"lower_bound":3235822.7652812502,"upper_bound":3244420.949953125},"point_estimate":3239641.605625,"standard_error":2206.46873350239},"median":{"confidence_interval":{"confidence_level":0.95,"lower_bound":3234108.125,"upper_bound":3242213.59375},"point_estimate":3239605.5625,"standard_error":2592.7424146433173},"median_abs_dev":{"confidence_interval":{"confidence_level":0.95,"lower_bound":9807.584150880575,"upper_bound":16052.202577516437},"point_estimate":11836.985527351499,"standard_error":1663.7230503589656},"slope":null,"std_dev":{"confidence_interval":{"confidence_level":0.95,"lower_bound":11192.082113172382,"upper_bound":33452.133478577794},"point_estimate":22302.917334339287,"standard_error":6356.63934321672}}