{"mean":{"confidence_interval":{"confidence_level":0.95,"lower_bound":488155.0385082258,"upper_bound":491610.5942855038},"point_estimate":489724.31945430406,"standard_error":887.4807600127896},"median":{"confidence_interval":{"confidence_level":0.95,"lower_bound":486859.760942761,"upper_bound":487705.3725490196},"point_estimate":487252.4310260187,"standard_error":207.28270973546353},"median_abs_dev":{"confidence_interval":{"confidence_level":0.95,"lower_bound":1087.7524209538717,"upper_bound":1902.9176632566027},"point_estimate":1360.5638541693952,"standard_error":208.9863096897925},"slope":{"confidence_interval":{"confidence_level":0.95,"lower_bound":487281.08251400676,"upper_bound":488098.20425173943},"point_estimate":487650.3853051574,"standard_error":208.73539219458635},"std_dev":{"confidence_interval":{"confidence_level":0.95,"lower_bound":4971.895224876506,"upper_bound":11953.654686038826},"point_estimate":8892.48251803544,"standard_error":1786.555920933598}}