{"mean":{"confidence_interval":{"confidence_level":0.95,"lower_bound":838501.7528611791,"upper_bound":842235.5963292366},"point_estimate":839900.8777929465,"standard_error":1032.157416827157},"median":{"confidence_interval":{"confidence_level":0.95,"lower_bound":838267.4163490853,"upper_bound":839353.4165019763},"point_estimate":838587.2735545107,"standard_error":283.4994409470286},"median_abs_dev":{"confidence_interval":{"confidence_level":0.95,"lower_bound":1891.0406409860368,"upper_bound":3033.4321986457653},"point_estimate":2401.1232433402806,"standard_error":292.74579252654087},"slope":{"confidence_interval":{"confidence_level":0.95,"lower_bound":838435.6471649848,"upper_bound":839559.1344225232},"point_estimate":838987.9781808777,"standard_error":285.940063776652},"std_dev":{"confidence_interval":{"confidence_level":0.95,"lower_bound":2374.1986957276313,"upper_bound":17434.209770660236},"point_estimate":10366.04400191795,"standard_error":5234.831129099085}}