{"mean":{"confidence_interval":{"confidence_level":0.95,"lower_bound":999673.8582043804,"upper_bound":1003201.2814843074},"point_estimate":1001211.8441343314,"standard_error":907.1201835344107},"median":{"confidence_interval":{"confidence_level":0.95,"lower_bound":999091.5689710099,"upper_bound":1000466.2631578947},"point_estimate":999807.393939394,"standard_error":349.39193671186956},"median_abs_dev":{"confidence_interval":{"confidence_level":0.95,"lower_bound":2311.851979360855,"upper_bound":3873.0094531261875},"point_estimate":3187.784570432578,"standard_error":396.68235494365814},"slope":{"confidence_interval":{"confidence_level":0.95,"lower_bound":999520.4221846812,"upper_bound":1000850.517432559},"point_estimate":1000173.0294340181,"standard_error":338.5969823652531},"std_dev":{"confidence_interval":{"confidence_level":0.95,"lower_bound":3678.574341149822,"upper_bound":13717.914356146919},"point_estimate":9108.688405709529,"standard_error":2682.677692095261}}