{"mean":{"confidence_interval":{"confidence_level":0.95,"lower_bound":187362334.09333333,"upper_bound":190166811.8083333},"point_estimate":188945048.46666664,"standard_error":729322.0302459695},"median":{"confidence_interval":{"confidence_level":0.95,"lower_bound":187640068.33333334,"upper_bound":190388381.0},"point_estimate":189731065.3333333,"standard_error":564087.4973525564},"median_abs_dev":{"confidence_interval":{"confidence_level":0.95,"lower_bound":279475.53123834694,"upper_bound":3033805.2843391746},"point_estimate":887822.624138005,"standard_error":675667.2695358717},"slope":null,"std_dev":{"confidence_interval":{"confidence_level":0.95,"lower_bound":506133.95629112486,"upper_bound":3310261.792129122},"point_estimate":2422867.706943303,"standard_error":759306.3676376374}}