{"mean":{"confidence_interval":{"confidence_level":0.95,"lower_bound":224579.38359134053,"upper_bound":227833.0389233064},"point_estimate":225893.21267433016,"standard_error":876.7592142959932},"median":{"confidence_interval":{"confidence_level":0.95,"lower_bound":224667.31835731835,"upper_bound":226106.45454545453},"point_estimate":224992.02973996726,"standard_error":406.7489405394169},"median_abs_dev":{"confidence_interval":{"confidence_level":0.95,"lower_bound":114.8894508595573,"upper_bound":2491.71377893279},"point_estimate":501.21406424052213,"standard_error":648.7694338246205},"slope":{"confidence_interval":{"confidence_level":0.95,"lower_bound":224804.4213442966,"upper_bound":226072.16944361827},"point_estimate":225256.18671304127,"standard_error":332.17283821677074},"std_dev":{"confidence_interval":{"confidence_level":0.95,"lower_bound":472.27680963660214,"upper_bound":4383.554990207776},"point_estimate":2912.0144884641836,"standard_error":1229.8505713856364}}