{"mean":{"confidence_interval":{"confidence_level":0.95,"lower_bound":260438528.6,"upper_bound":264544990.1},"point_estimate":262430797.8,"standard_error":1054750.2555454308},"median":{"confidence_interval":{"confidence_level":0.95,"lower_bound":259341265.0,"upper_bound":264937925.25},"point_estimate":262299385.0,"standard_error":1384637.7143003754},"median_abs_dev":{"confidence_interval":{"confidence_level":0.95,"lower_bound":514429.9443170428,"upper_bound":6292094.613642991},"point_estimate":4089166.4004027843,"standard_error":1440328.9655644249},"slope":null,"std_dev":{"confidence_interval":{"confidence_level":0.95,"lower_bound":1934085.3306839191,"upper_bound":4381866.807886475},"point_estimate":3522834.0497998376,"standard_error":621692.7136967306}}