{"mean":{"confidence_interval":{"confidence_level":0.95,"lower_bound":969994.9184481595,"upper_bound":973534.9616119979},"point_estimate":971664.4195373185,"standard_error":908.0240323075246},"median":{"confidence_interval":{"confidence_level":0.95,"lower_bound":969069.5874704492,"upper_bound":974455.9981003039},"point_estimate":970970.2260638298,"standard_error":1393.6419662812154},"median_abs_dev":{"confidence_interval":{"confidence_level":0.95,"lower_bound":452.21840296436955,"upper_bound":5409.4416903107185},"point_estimate":2995.3575379565095,"standard_error":1354.7329800954385},"slope":{"confidence_interval":{"confidence_level":0.95,"lower_bound":969250.7953321213,"upper_bound":971663.4672544211},"point_estimate":970165.6810721194,"standard_error":616.1476344572167},"std_dev":{"confidence_interval":{"confidence_level":0.95,"lower_bound":1523.0779634115104,"upper_bound":3682.6073680534664},"point_estimate":3022.5082627201277,"standard_error":553.479185110356}}