{"mean":{"confidence_interval":{"confidence_level":0.95,"lower_bound":3446908.957300001,"upper_bound":3453148.412166667},"point_estimate":3449980.6453333343,"standard_error":1589.3931388025228},"median":{"confidence_interval":{"confidence_level":0.95,"lower_bound":3442685.7333333334,"upper_bound":3453348.3333333335},"point_estimate":3449013.5,"standard_error":2867.314141567974},"median_abs_dev":{"confidence_interval":{"confidence_level":0.95,"lower_bound":12341.804640888846,"upper_bound":22112.533827423635},"point_estimate":14497.752102613587,"standard_error":2360.5691005216545},"slope":null,"std_dev":{"confidence_interval":{"confidence_level":0.95,"lower_bound":13917.119841528582,"upper_bound":17749.629819587015},"point_estimate":15994.355952600432,"standard_error":977.2989975015417}}