{"mean":{"confidence_interval":{"confidence_level":0.95,"lower_bound":77931.39002447197,"upper_bound":78128.12993130887},"point_estimate":78028.8958234236,"standard_error":50.31370058672719},"median":{"confidence_interval":{"confidence_level":0.95,"lower_bound":77771.13461538461,"upper_bound":78317.77403846153},"point_estimate":78161.3845834044,"standard_error":146.23016836519204},"median_abs_dev":{"confidence_interval":{"confidence_level":0.95,"lower_bound":369.9293946292622,"upper_bound":706.0448510843629},"point_estimate":598.4962832207277,"standard_error":93.3197975432334},"slope":{"confidence_interval":{"confidence_level":0.95,"lower_bound":77961.36571888419,"upper_bound":78232.03233315618},"point_estimate":78090.35358061179,"standard_error":68.85126196292006},"std_dev":{"confidence_interval":{"confidence_level":0.95,"lower_bound":442.5823109049199,"upper_bound":573.1892970685155},"point_estimate":503.8025190260718,"standard_error":33.940072032243236}}