{"mean":{"confidence_interval":{"confidence_level":0.95,"lower_bound":20764091.282905955,"upper_bound":20831966.266507935},"point_estimate":20797261.71636508,"standard_error":17347.061014507657},"median":{"confidence_interval":{"confidence_level":0.95,"lower_bound":20745987.20277778,"upper_bound":20851861.933333334},"point_estimate":20786478.95,"standard_error":28714.061125134827},"median_abs_dev":{"confidence_interval":{"confidence_level":0.95,"lower_bound":11750.776045380697,"upper_bound":96831.37180090576},"point_estimate":73675.80418199356,"standard_error":20813.811841175713},"slope":{"confidence_interval":{"confidence_level":0.95,"lower_bound":20759306.285245903,"upper_bound":20847892.718573067},"point_estimate":20798271.255584415,"standard_error":22562.53452721146},"std_dev":{"confidence_interval":{"confidence_level":0.95,"lower_bound":35154.61370842727,"upper_bound":69687.05639643919},"point_estimate":57796.52954988608,"standard_error":8760.22563063011}}