{"mean":{"confidence_interval":{"confidence_level":0.95,"lower_bound":208480104.12333333,"upper_bound":211579691.83333334},"point_estimate":209912459.8333333,"standard_error":795140.5150076151},"median":{"confidence_interval":{"confidence_level":0.95,"lower_bound":208116072.3333333,"upper_bound":212143302.0},"point_estimate":208613993.33333334,"standard_error":1107655.506603563},"median_abs_dev":{"confidence_interval":{"confidence_level":0.95,"lower_bound":61653.425705418165,"upper_bound":4113219.1139758},"point_estimate":906172.7640122249,"standard_error":1101382.6139390473},"slope":null,"std_dev":{"confidence_interval":{"confidence_level":0.95,"lower_bound":700460.4468910972,"upper_bound":3256550.546461507},"point_estimate":2660147.3149256916,"standard_error":565030.1795673025}}