{"mean":{"confidence_interval":{"confidence_level":0.95,"lower_bound":3244734.05890625,"upper_bound":3248270.979},"point_estimate":3246399.404375,"standard_error":901.9103339948786},"median":{"confidence_interval":{"confidence_level":0.95,"lower_bound":3244736.625,"upper_bound":3247040.375},"point_estimate":3245907.28125,"standard_error":651.4800257523764},"median_abs_dev":{"confidence_interval":{"confidence_level":0.95,"lower_bound":5156.853358447552,"upper_bound":8452.003613384435},"point_estimate":6912.576046027243,"standard_error":855.5151797751188},"slope":null,"std_dev":{"confidence_interval":{"confidence_level":0.95,"lower_bound":6181.697911457717,"upper_bound":12278.482520113854},"point_estimate":9067.658269562486,"standard_error":1648.6833629507494}}