{"mean":{"confidence_interval":{"confidence_level":0.95,"lower_bound":19875.660138261985,"upper_bound":19970.391604060595},"point_estimate":19922.16664120488,"standard_error":24.259568862999117},"median":{"confidence_interval":{"confidence_level":0.95,"lower_bound":19800.28047696477,"upper_bound":19901.470769230767},"point_estimate":19858.799899999998,"standard_error":26.739551090025067},"median_abs_dev":{"confidence_interval":{"confidence_level":0.95,"lower_bound":149.404070347546,"upper_bound":253.01234838313383},"point_estimate":204.37268946014174,"standard_error":25.915257669042035},"slope":{"confidence_interval":{"confidence_level":0.95,"lower_bound":20026.93368587237,"upper_bound":20127.36568162531},"point_estimate":20078.113347066646,"standard_error":25.595935250867754},"std_dev":{"confidence_interval":{"confidence_level":0.95,"lower_bound":209.68876809122995,"upper_bound":269.7503120044726},"point_estimate":243.27245001348192,"standard_error":15.335063373504651}}