{"mean":{"confidence_interval":{"confidence_level":0.95,"lower_bound":1638014.5082165517,"upper_bound":1643852.3381136204},"point_estimate":1640614.0857174403,"standard_error":1500.6104838685098},"median":{"confidence_interval":{"confidence_level":0.95,"lower_bound":1637129.537037037,"upper_bound":1639425.7207720587},"point_estimate":1638419.8793650796,"standard_error":654.2160330581272},"median_abs_dev":{"confidence_interval":{"confidence_level":0.95,"lower_bound":4190.968888348768,"upper_bound":6678.048125314582},"point_estimate":5672.736962621798,"standard_error":657.1637501840838},"slope":{"confidence_interval":{"confidence_level":0.95,"lower_bound":1639560.987787954,"upper_bound":1650357.3827860078},"point_estimate":1644118.2011644747,"standard_error":2817.9621555124845},"std_dev":{"confidence_interval":{"confidence_level":0.95,"lower_bound":7006.927714353835,"upper_bound":21757.40716713637},"point_estimate":15036.622744936396,"standard_error":3826.426271017609}}