{"mean":{"confidence_interval":{"confidence_level":0.95,"lower_bound":273915791.65,"upper_bound":276363081.0},"point_estimate":275160592.85,"standard_error":630213.5484836288},"median":{"confidence_interval":{"confidence_level":0.95,"lower_bound":273118753.5,"upper_bound":276802526.25},"point_estimate":275441729.5,"standard_error":885399.1138043534},"median_abs_dev":{"confidence_interval":{"confidence_level":0.95,"lower_bound":510017.72679537535,"upper_bound":3567886.1029073596},"point_estimate":2489641.550450027,"standard_error":799227.2334856747},"slope":null,"std_dev":{"confidence_interval":{"confidence_level":0.95,"lower_bound":1210159.9174945503,"upper_bound":2614940.0233834987},"point_estimate":2099835.5399597907,"standard_error":358671.66538053367}}