{"mean":{"confidence_interval":{"confidence_level":0.95,"lower_bound":203151074.05416664,"upper_bound":207746258.13333336},"point_estimate":204920926.03333333,"standard_error":1278757.148885059},"median":{"confidence_interval":{"confidence_level":0.95,"lower_bound":203001844.0,"upper_bound":204640490.0},"point_estimate":203729601.8333333,"standard_error":516899.872410525},"median_abs_dev":{"confidence_interval":{"confidence_level":0.95,"lower_bound":338245.79419494414,"upper_bound":2294037.564572677},"point_estimate":1105424.0693747702,"standard_error":576319.6430889226},"slope":null,"std_dev":{"confidence_interval":{"confidence_level":0.95,"lower_bound":601538.8888533257,"upper_bound":6544355.078067221},"point_estimate":4275095.678786812,"standard_error":2025310.7708683396}}