{"mean":{"confidence_interval":{"confidence_level":0.95,"lower_bound":19146313.328526188,"upper_bound":19344996.308000002},"point_estimate":19229685.505714286,"standard_error":52031.99601920926},"median":{"confidence_interval":{"confidence_level":0.95,"lower_bound":19129539.55,"upper_bound":19285343.778571427},"point_estimate":19158146.71666667,"standard_error":45823.56010633828},"median_abs_dev":{"confidence_interval":{"confidence_level":0.95,"lower_bound":14307.534525988829,"upper_bound":188545.48342864623},"point_estimate":90852.63914704727,"standard_error":46665.623335163444},"slope":{"confidence_interval":{"confidence_level":0.95,"lower_bound":19118311.65467994,"upper_bound":19256758.842779923},"point_estimate":19184061.95116883,"standard_error":36171.439548518734},"std_dev":{"confidence_interval":{"confidence_level":0.95,"lower_bound":51143.988530004215,"upper_bound":255480.5241464418},"point_estimate":173849.30084427868,"standard_error":63143.76151887348}}