{"mean":{"confidence_interval":{"confidence_level":0.95,"lower_bound":343865.5856413648,"upper_bound":344632.9526005258},"point_estimate":344248.4986425484,"standard_error":196.03356406417998},"median":{"confidence_interval":{"confidence_level":0.95,"lower_bound":343004.68602693605,"upper_bound":345030.74364241003},"point_estimate":344569.5208333334,"standard_error":643.6065231818617},"median_abs_dev":{"confidence_interval":{"confidence_level":0.95,"lower_bound":1795.458261436657,"upper_bound":3129.3052319437265},"point_estimate":2820.9911098074713,"standard_error":387.62763257007583},"slope":{"confidence_interval":{"confidence_level":0.95,"lower_bound":343612.8519795768,"upper_bound":344512.8212451155},"point_estimate":344051.67726417416,"standard_error":230.0935997584333},"std_dev":{"confidence_interval":{"confidence_level":0.95,"lower_bound":1764.378552614511,"upper_bound":2157.98741985362},"point_estimate":1969.8881655187893,"standard_error":100.43190188839024}}