{"mean":{"confidence_interval":{"confidence_level":0.95,"lower_bound":3457542.478395835,"upper_bound":3467525.0767083345},"point_estimate":3462334.9508333337,"standard_error":2548.566149884351},"median":{"confidence_interval":{"confidence_level":0.95,"lower_bound":3450216.75,"upper_bound":3456742.9166666665},"point_estimate":3454143.708333333,"standard_error":1412.64725642945},"median_abs_dev":{"confidence_interval":{"confidence_level":0.95,"lower_bound":9767.368626594543,"upper_bound":17396.164009906322},"point_estimate":14001.179951429827,"standard_error":1843.7891235188058},"slope":null,"std_dev":{"confidence_interval":{"confidence_level":0.95,"lower_bound":19817.177276360533,"upper_bound":31212.368253778826},"point_estimate":25582.16762340832,"standard_error":2939.857381319604}}