{"mean":{"confidence_interval":{"confidence_level":0.95,"lower_bound":0.32912317007321173,"upper_bound":0.3393030886387974},"point_estimate":0.33451348134945214,"standard_error":0.0025984916204714694},"median":{"confidence_interval":{"confidence_level":0.95,"lower_bound":0.33298591250871024,"upper_bound":0.338428203720391},"point_estimate":0.33594739379448346,"standard_error":0.0013368228925514382}}