{"mean":{"confidence_interval":{"confidence_level":0.95,"lower_bound":0.3400048353188785,"upper_bound":0.34773616546792924},"point_estimate":0.34374748846215586,"standard_error":0.0019872953554604745},"median":{"confidence_interval":{"confidence_level":0.95,"lower_bound":0.33891089715639877,"upper_bound":0.34311732406220485},"point_estimate":0.3406275328121309,"standard_error":0.0011539644885599557}}