{"mean":{"confidence_interval":{"confidence_level":0.95,"lower_bound":0.31894415947492716,"upper_bound":0.33089749994525236},"point_estimate":0.3259187025715793,"standard_error":0.0031072094950916457},"median":{"confidence_interval":{"confidence_level":0.95,"lower_bound":0.3257292506522511,"upper_bound":0.3353825310748282},"point_estimate":0.33125674046615194,"standard_error":0.0025181752996464263}}