{"mean":{"confidence_interval":{"confidence_level":0.95,"lower_bound":0.3303275549746879,"upper_bound":0.3367746139346191},"point_estimate":0.3333734927983205,"standard_error":0.001638179830053592},"median":{"confidence_interval":{"confidence_level":0.95,"lower_bound":0.3301556580840997,"upper_bound":0.33471505874230423},"point_estimate":0.33224028344903567,"standard_error":0.0011896727416958912}}