{"mean":{"confidence_interval":{"confidence_level":0.95,"lower_bound":0.25721024323831876,"upper_bound":0.26106092020732047},"point_estimate":0.2590060891464725,"standard_error":0.000990492255865148},"median":{"confidence_interval":{"confidence_level":0.95,"lower_bound":0.2564472966499467,"upper_bound":0.26089004739400695},"point_estimate":0.2590884106951412,"standard_error":0.0011543008515547905}}