{"mean":{"confidence_interval":{"confidence_level":0.95,"lower_bound":0.2504687692875683,"upper_bound":0.2552187070324799},"point_estimate":0.2528050229111001,"standard_error":0.0012157040248595536},"median":{"confidence_interval":{"confidence_level":0.95,"lower_bound":0.2502209663595343,"upper_bound":0.25464136801102955},"point_estimate":0.25251122369725043,"standard_error":0.0012093367213546467}}