{"mean":{"confidence_interval":{"confidence_level":0.95,"lower_bound":1648061.618493744,"upper_bound":1651475.0228202464},"point_estimate":1649757.43639062,"standard_error":874.7893463144756},"median":{"confidence_interval":{"confidence_level":0.95,"lower_bound":1648769.6666666667,"upper_bound":1652221.3181818181},"point_estimate":1651130.9906453649,"standard_error":945.0840696218065},"median_abs_dev":{"confidence_interval":{"confidence_level":0.95,"lower_bound":4883.456571365698,"upper_bound":9188.401316857511},"point_estimate":7845.272494941228,"standard_error":1076.5627118306022},"slope":{"confidence_interval":{"confidence_level":0.95,"lower_bound":1647898.8980431037,"upper_bound":1651285.6951400363},"point_estimate":1649582.8531018177,"standard_error":862.974646603162},"std_dev":{"confidence_interval":{"confidence_level":0.95,"lower_bound":7130.122841862458,"upper_bound":10426.867847721802},"point_estimate":8808.008186880885,"standard_error":843.4985539730412}}