{"mean":{"confidence_interval":{"confidence_level":0.95,"lower_bound":0.26220999625693414,"upper_bound":0.269627561832843},"point_estimate":0.2658778880009871,"standard_error":0.0018868119881577234},"median":{"confidence_interval":{"confidence_level":0.95,"lower_bound":0.2592046725049888,"upper_bound":0.2705275462613381},"point_estimate":0.26635906721477465,"standard_error":0.002914834735871161}}