{"mean":{"confidence_interval":{"confidence_level":0.95,"lower_bound":0.23846750824336166,"upper_bound":0.24378738304827202},"point_estimate":0.2409462356538037,"standard_error":0.0013739535644230472},"median":{"confidence_interval":{"confidence_level":0.95,"lower_bound":0.23743086226030896,"upper_bound":0.24135017442050777},"point_estimate":0.23909070348602324,"standard_error":0.0009772823761399821}}