{"mean":{"confidence_interval":{"confidence_level":0.95,"lower_bound":0.177048414607194,"upper_bound":0.20617623284396452},"point_estimate":0.19163526481834992,"standard_error":0.007468708693879237},"median":{"confidence_interval":{"confidence_level":0.95,"lower_bound":0.16670505294890825,"upper_bound":0.21217242325358243},"point_estimate":0.18953985636440485,"standard_error":0.011299019532449514}}