{"mean":{"confidence_interval":{"confidence_level":0.95,"lower_bound":0.22525268948402496,"upper_bound":0.22712959456835416},"point_estimate":0.22614282883482484,"standard_error":0.00048056827686226576},"median":{"confidence_interval":{"confidence_level":0.95,"lower_bound":0.22470206010843596,"upper_bound":0.22764457779955816},"point_estimate":0.2259839758735107,"standard_error":0.0007547865844002514}}