{"mean":{"confidence_interval":{"confidence_level":0.95,"lower_bound":0.18491200917938896,"upper_bound":0.21566537006040518},"point_estimate":0.19944103785858824,"standard_error":0.007835379899394075},"median":{"confidence_interval":{"confidence_level":0.95,"lower_bound":0.17880402766913583,"upper_bound":0.21381030720081284},"point_estimate":0.2065801503663267,"standard_error":0.009912132790175884}}