{"mean":{"confidence_interval":{"confidence_level":0.95,"lower_bound":0.1951129851149631,"upper_bound":0.20547127948711},"point_estimate":0.20094251924375017,"standard_error":0.0026951776061929877},"median":{"confidence_interval":{"confidence_level":0.95,"lower_bound":0.19796010154012356,"upper_bound":0.20595493322445257},"point_estimate":0.2041807825803268,"standard_error":0.0021208538588090675}}