{"mean":{"confidence_interval":{"confidence_level":0.95,"lower_bound":0.1808739770356164,"upper_bound":0.20224026061936837},"point_estimate":0.19264949874741877,"standard_error":0.00551434600306227},"median":{"confidence_interval":{"confidence_level":0.95,"lower_bound":0.18791559032731353,"upper_bound":0.20585842072140492},"point_estimate":0.1989241313604786,"standard_error":0.004536299187922454}}