{"mean":{"confidence_interval":{"confidence_level":0.95,"lower_bound":0.2201588841144883,"upper_bound":0.23933538577807686},"point_estimate":0.22910439229407809,"standard_error":0.004798418034558037},"median":{"confidence_interval":{"confidence_level":0.95,"lower_bound":0.2247147544865684,"upper_bound":0.23078986040267657},"point_estimate":0.22906995515824624,"standard_error":0.0017675312748881241}}