{"mean":{"confidence_interval":{"confidence_level":0.95,"lower_bound":0.2317472433837691,"upper_bound":0.23865558988169489},"point_estimate":0.23522548018723777,"standard_error":0.0017714743837496483},"median":{"confidence_interval":{"confidence_level":0.95,"lower_bound":0.23041940933710392,"upper_bound":0.23863796437479778},"point_estimate":0.23626701866906097,"standard_error":0.0022447012335908003}}