{"mean":{"confidence_interval":{"confidence_level":0.95,"lower_bound":0.26131892215651886,"upper_bound":0.2655859178177589},"point_estimate":0.26343122399384167,"standard_error":0.0010906405150489795},"median":{"confidence_interval":{"confidence_level":0.95,"lower_bound":0.26092223377973545,"upper_bound":0.2670814337486265},"point_estimate":0.2633541219561868,"standard_error":0.0016781346173245395}}