{"mean":{"confidence_interval":{"confidence_level":0.95,"lower_bound":0.2229741987172939,"upper_bound":0.2297464681726253},"point_estimate":0.22636735115505902,"standard_error":0.0017437640511916198},"median":{"confidence_interval":{"confidence_level":0.95,"lower_bound":0.2207486787305284,"upper_bound":0.23124002782893993},"point_estimate":0.22581559001118112,"standard_error":0.0029256393816115174}}