{"mean":{"confidence_interval":{"confidence_level":0.95,"lower_bound":0.17406241194299654,"upper_bound":0.1803406697633071},"point_estimate":0.17682020833559675,"standard_error":0.0017711182708584846},"median":{"confidence_interval":{"confidence_level":0.95,"lower_bound":0.17332338966109684,"upper_bound":0.178845550630774},"point_estimate":0.1752701777661938,"standard_error":0.0014350322529940948}}