{"mean":{"confidence_interval":{"confidence_level":0.95,"lower_bound":0.2409742065326655,"upper_bound":0.24527591433818174},"point_estimate":0.24294002364655398,"standard_error":0.0011093971660207803},"median":{"confidence_interval":{"confidence_level":0.95,"lower_bound":0.24005724190919753,"upper_bound":0.24352322374773494},"point_estimate":0.24201040769535398,"standard_error":0.0010626051415045226}}