{"mean":{"confidence_interval":{"confidence_level":0.95,"lower_bound":0.2767543732216207,"upper_bound":0.2823600527411517},"point_estimate":0.2794032472177044,"standard_error":0.0014466818636583356},"median":{"confidence_interval":{"confidence_level":0.95,"lower_bound":0.27572530684170116,"upper_bound":0.2837576507335542},"point_estimate":0.2789025091253632,"standard_error":0.0019804441048679035}}