{"mean":{"confidence_interval":{"confidence_level":0.95,"lower_bound":0.07135144352806785,"upper_bound":0.08299273617923833},"point_estimate":0.07721363909092172,"standard_error":0.0029832992205161917},"median":{"confidence_interval":{"confidence_level":0.95,"lower_bound":0.06660624542757465,"upper_bound":0.08476160206143835},"point_estimate":0.07653062692381996,"standard_error":0.004367466915475263}}