{"mean":{"confidence_interval":{"confidence_level":0.95,"lower_bound":0.17775703163281975,"upper_bound":0.19357006972394125},"point_estimate":0.18577704418399876,"standard_error":0.004039341517702577},"median":{"confidence_interval":{"confidence_level":0.95,"lower_bound":0.1744953094997168,"upper_bound":0.19758876536048176},"point_estimate":0.19238915633707876,"standard_error":0.00601147246693983}}