{"mean":{"confidence_interval":{"confidence_level":0.95,"lower_bound":0.2601036479440775,"upper_bound":0.2763494938197529},"point_estimate":0.26588335918783357,"standard_error":0.004805072398853353},"median":{"confidence_interval":{"confidence_level":0.95,"lower_bound":0.259258798458597,"upper_bound":0.26288670277611237},"point_estimate":0.2614296682787429,"standard_error":0.0017505330366396222}}