{"mean":{"confidence_interval":{"confidence_level":0.95,"lower_bound":0.14168740399099097,"upper_bound":0.16341914228353233},"point_estimate":0.15296099327388668,"standard_error":0.005567674482206652},"median":{"confidence_interval":{"confidence_level":0.95,"lower_bound":0.1414169731660413,"upper_bound":0.16854494602358638},"point_estimate":0.152824874869401,"standard_error":0.0072416659841241715}}