{"mean":{"confidence_interval":{"confidence_level":0.95,"lower_bound":0.27424614974632705,"upper_bound":0.29763846059002064},"point_estimate":0.28432340040812565,"standard_error":0.006063141323023462},"median":{"confidence_interval":{"confidence_level":0.95,"lower_bound":0.2717549895819755,"upper_bound":0.29074802230722274},"point_estimate":0.27734318629079513,"standard_error":0.005391280238365293}}