{"mean":{"confidence_interval":{"confidence_level":0.95,"lower_bound":0.24817688006407831,"upper_bound":0.26602152802457957},"point_estimate":0.256550640033665,"standard_error":0.004592133511572735},"median":{"confidence_interval":{"confidence_level":0.95,"lower_bound":0.24315327747887516,"upper_bound":0.2636701314188157},"point_estimate":0.24877986563099874,"standard_error":0.005647942842829449}}