{"mean":{"confidence_interval":{"confidence_level":0.95,"lower_bound":0.2505210410470706,"upper_bound":0.26231547390680243},"point_estimate":0.25659342202630353,"standard_error":0.0030268695074378562},"median":{"confidence_interval":{"confidence_level":0.95,"lower_bound":0.2517979592654662,"upper_bound":0.2642720673662682},"point_estimate":0.2586991580273663,"standard_error":0.0031760476860537043}}