{"mean":{"confidence_interval":{"confidence_level":0.95,"lower_bound":0.25716293675713825,"upper_bound":0.2703657104824898},"point_estimate":0.26371255021653384,"standard_error":0.0033605179422183653},"median":{"confidence_interval":{"confidence_level":0.95,"lower_bound":0.2549711749296466,"upper_bound":0.27427412417774955},"point_estimate":0.2635830478617023,"standard_error":0.004994246238593482}}