{"mean":{"confidence_interval":{"confidence_level":0.95,"lower_bound":183408859.3483333,"upper_bound":184610320.1666667},"point_estimate":183973753.86666667,"standard_error":308582.41502366215},"median":{"confidence_interval":{"confidence_level":0.95,"lower_bound":183228015.6666667,"upper_bound":185022360.66666666},"point_estimate":183618627.6666667,"standard_error":410075.3051343529},"median_abs_dev":{"confidence_interval":{"confidence_level":0.95,"lower_bound":183118.14664900303,"upper_bound":1500316.549164042},"point_estimate":622897.081941381,"standard_error":391674.8074873043},"slope":null,"std_dev":{"confidence_interval":{"confidence_level":0.95,"lower_bound":405591.23370248504,"upper_bound":1298595.2891478448},"point_estimate":1031575.9729161564,"standard_error":211485.34146633564}}