{"mean":{"confidence_interval":{"confidence_level":0.95,"lower_bound":0.2650657092298735,"upper_bound":0.28139240758726763},"point_estimate":0.27335290329655915,"standard_error":0.004183924518346465},"median":{"confidence_interval":{"confidence_level":0.95,"lower_bound":0.26037827011289094,"upper_bound":0.2873488398679356},"point_estimate":0.27570822050639987,"standard_error":0.006448202499555536}}