{"mean":{"confidence_interval":{"confidence_level":0.95,"lower_bound":0.24119620179565823,"upper_bound":0.24676209640562563},"point_estimate":0.24394277718194912,"standard_error":0.0014273799785494996},"median":{"confidence_interval":{"confidence_level":0.95,"lower_bound":0.23571094341059606,"upper_bound":0.2487960323144709},"point_estimate":0.23882413552995985,"standard_error":0.002843302349032296}}