{"mean":{"confidence_interval":{"confidence_level":0.95,"lower_bound":0.26644628074186,"upper_bound":0.26927317192176686},"point_estimate":0.2679138930175704,"standard_error":0.0007240417604085819},"median":{"confidence_interval":{"confidence_level":0.95,"lower_bound":0.2674420177811374,"upper_bound":0.2706817993122068},"point_estimate":0.2690067155503135,"standard_error":0.0008673227994839295}}