{"mean":{"confidence_interval":{"confidence_level":0.95,"lower_bound":0.2009309735866953,"upper_bound":0.20297932200112903},"point_estimate":0.20194543058854753,"standard_error":0.0005235731420521067},"median":{"confidence_interval":{"confidence_level":0.95,"lower_bound":0.20007374684226442,"upper_bound":0.20327541814493166},"point_estimate":0.20161785516812847,"standard_error":0.00080253632545296}}