{"mean":{"confidence_interval":{"confidence_level":0.95,"lower_bound":0.20439383126541943,"upper_bound":0.208619238911432},"point_estimate":0.2065323497887288,"standard_error":0.0010737053830251382},"median":{"confidence_interval":{"confidence_level":0.95,"lower_bound":0.20374057368342524,"upper_bound":0.21084388448723113},"point_estimate":0.20505606965974632,"standard_error":0.0017107488214998885}}