{"mean":{"confidence_interval":{"confidence_level":0.95,"lower_bound":0.2133759226245252,"upper_bound":0.21641813730858267},"point_estimate":0.21486424079597333,"standard_error":0.0007742419431486705},"median":{"confidence_interval":{"confidence_level":0.95,"lower_bound":0.2123645428491178,"upper_bound":0.21892495121025335},"point_estimate":0.2142141014972827,"standard_error":0.0020900095435666295}}