{"mean":{"confidence_interval":{"confidence_level":0.95,"lower_bound":0.25082494947157064,"upper_bound":0.2562933832825095},"point_estimate":0.25387639519330607,"standard_error":0.0014022875422001692},"median":{"confidence_interval":{"confidence_level":0.95,"lower_bound":0.2549577871868094,"upper_bound":0.2595839998998156},"point_estimate":0.2572360681062469,"standard_error":0.0012161943610585909}}