{"mean":{"confidence_interval":{"confidence_level":0.95,"lower_bound":10597.87923257918,"upper_bound":10631.2622049881},"point_estimate":10612.866390106734,"standard_error":8.54490808553027},"median":{"confidence_interval":{"confidence_level":0.95,"lower_bound":10594.706508135168,"upper_bound":10617.593165699549},"point_estimate":10606.075576241135,"standard_error":5.2600253933766385},"median_abs_dev":{"confidence_interval":{"confidence_level":0.95,"lower_bound":43.05386980458929,"upper_bound":66.5413537827543},"point_estimate":57.75680544431377,"standard_error":5.949387302886496},"slope":{"confidence_interval":{"confidence_level":0.95,"lower_bound":10588.099758494864,"upper_bound":10608.239944498595},"point_estimate":10597.852389788995,"standard_error":5.121157273261288},"std_dev":{"confidence_interval":{"confidence_level":0.95,"lower_bound":45.50916777945894,"upper_bound":127.34920187566476},"point_estimate":85.92972679026028,"standard_error":22.96871373787702}}