{"mean":{"confidence_interval":{"confidence_level":0.95,"lower_bound":0.223018647492351,"upper_bound":0.23174648340086978},"point_estimate":0.22653048104267715,"standard_error":0.0021046259149729318},"median":{"confidence_interval":{"confidence_level":0.95,"lower_bound":0.2219202524352062,"upper_bound":0.22574480186739887},"point_estimate":0.2237343377751413,"standard_error":0.0009270840346050834}}