{"mean":{"confidence_interval":{"confidence_level":0.95,"lower_bound":0.24576156013776168,"upper_bound":0.2511832190990517},"point_estimate":0.24831773134971358,"standard_error":0.0013686264197499025},"median":{"confidence_interval":{"confidence_level":0.95,"lower_bound":0.2474604582849853,"upper_bound":0.25110785860631935},"point_estimate":0.2494616767028761,"standard_error":0.0008981970022179913}}