{"mean":{"confidence_interval":{"confidence_level":0.95,"lower_bound":3228069.453171875,"upper_bound":3250547.64521875},"point_estimate":3237768.685,"standard_error":5797.765992356046},"median":{"confidence_interval":{"confidence_level":0.95,"lower_bound":3222535.4375,"upper_bound":3231387.8125},"point_estimate":3227624.53125,"standard_error":2127.996111013487},"median_abs_dev":{"confidence_interval":{"confidence_level":0.95,"lower_bound":9423.59075769782,"upper_bound":15473.858860284088},"point_estimate":11901.98826994747,"standard_error":1492.9838377077097},"slope":null,"std_dev":{"confidence_interval":{"confidence_level":0.95,"lower_bound":13356.109671840431,"upper_bound":87348.91477841555},"point_estimate":58359.186677171005,"standard_error":18663.6271153885}}