{"mean":{"confidence_interval":{"confidence_level":0.95,"lower_bound":0.19259405838759272,"upper_bound":0.21367062349381202},"point_estimate":0.20148832300323138,"standard_error":0.005601028445465769},"median":{"confidence_interval":{"confidence_level":0.95,"lower_bound":0.20041304598791032,"upper_bound":0.20450320451434062},"point_estimate":0.2032510756396857,"standard_error":0.0010832952919228778}}