{"mean":{"confidence_interval":{"confidence_level":0.95,"lower_bound":0.17993829795267197,"upper_bound":0.190105184451044},"point_estimate":0.18489947402652285,"standard_error":0.0026045866338278573},"median":{"confidence_interval":{"confidence_level":0.95,"lower_bound":0.18669559686842607,"upper_bound":0.19222541794733727},"point_estimate":0.1907977034961552,"standard_error":0.001307192083326011}}