{"mean":{"confidence_interval":{"confidence_level":0.95,"lower_bound":0.19626990999640398,"upper_bound":0.20454897652607157},"point_estimate":0.20055256275210676,"standard_error":0.002105045101590969},"median":{"confidence_interval":{"confidence_level":0.95,"lower_bound":0.20369091357573477,"upper_bound":0.2097895509802592},"point_estimate":0.20646045991468998,"standard_error":0.0016239992901401776}}