{"mean":{"confidence_interval":{"confidence_level":0.95,"lower_bound":0.17203722511527567,"upper_bound":0.18260919299413664},"point_estimate":0.17733027908574917,"standard_error":0.0026997864798107836},"median":{"confidence_interval":{"confidence_level":0.95,"lower_bound":0.18288439324198547,"upper_bound":0.18690033459642375},"point_estimate":0.1850173527403216,"standard_error":0.0010124689472851686}}