{"mean":{"confidence_interval":{"confidence_level":0.95,"lower_bound":0.3686198954804556,"upper_bound":0.3739940058198843},"point_estimate":0.37120456652084854,"standard_error":0.0013991243106982179},"median":{"confidence_interval":{"confidence_level":0.95,"lower_bound":0.36892756367166024,"upper_bound":0.37332316323834003},"point_estimate":0.37183230608376183,"standard_error":0.0013165904930143415}}