{"mean":{"confidence_interval":{"confidence_level":0.95,"lower_bound":0.32294664350850333,"upper_bound":0.3326047341690182},"point_estimate":0.3266382737068221,"standard_error":0.0026665658220800317},"median":{"confidence_interval":{"confidence_level":0.95,"lower_bound":0.32371913674955344,"upper_bound":0.32601294289071436},"point_estimate":0.3248675978529172,"standard_error":0.0005592613716038389}}