{"mean":{"confidence_interval":{"confidence_level":0.95,"lower_bound":555036.3572929783,"upper_bound":555953.2092123887},"point_estimate":555502.6386389898,"standard_error":233.47499991091883},"median":{"confidence_interval":{"confidence_level":0.95,"lower_bound":555061.7731894841,"upper_bound":556151.3550039402},"point_estimate":555500.2902871622,"standard_error":265.5930961020814},"median_abs_dev":{"confidence_interval":{"confidence_level":0.95,"lower_bound":1563.4315371671767,"upper_bound":2485.856843367219},"point_estimate":2024.109486498438,"standard_error":236.95141687792838},"slope":{"confidence_interval":{"confidence_level":0.95,"lower_bound":555226.1227586422,"upper_bound":556001.1578886354},"point_estimate":555614.3930294074,"standard_error":198.09419915257277},"std_dev":{"confidence_interval":{"confidence_level":0.95,"lower_bound":1829.8949753619465,"upper_bound":2836.7511731195377},"point_estimate":2344.5323569736865,"standard_error":258.26639618709754}}