{"mean":{"confidence_interval":{"confidence_level":0.95,"lower_bound":214885424.0666667,"upper_bound":216850477.72666666},"point_estimate":215874280.96666664,"standard_error":503366.8252319006},"median":{"confidence_interval":{"confidence_level":0.95,"lower_bound":214717749.3333333,"upper_bound":217442284.0},"point_estimate":215638511.6666667,"standard_error":752167.664643256},"median_abs_dev":{"confidence_interval":{"confidence_level":0.95,"lower_bound":376124.98802246136,"upper_bound":2896927.2069692905},"point_estimate":1721161.1818432733,"standard_error":642693.8775019151},"slope":null,"std_dev":{"confidence_interval":{"confidence_level":0.95,"lower_bound":979240.942525813,"upper_bound":2112712.710567931},"point_estimate":1668990.2270429868,"standard_error":292617.52723792626}}