{"mean":{"confidence_interval":{"confidence_level":0.95,"lower_bound":251115.2164986188,"upper_bound":251346.59954814526},"point_estimate":251231.77210679214,"standard_error":59.1593738276861},"median":{"confidence_interval":{"confidence_level":0.95,"lower_bound":251089.45580110498,"upper_bound":251391.6385359116},"point_estimate":251202.15434315533,"standard_error":76.14063972435234},"median_abs_dev":{"confidence_interval":{"confidence_level":0.95,"lower_bound":29.51326169978009,"upper_bound":351.8907416348208},"point_estimate":220.77121804183273,"standard_error":83.43688802620889},"slope":{"confidence_interval":{"confidence_level":0.95,"lower_bound":251168.860667398,"upper_bound":251373.7507039066},"point_estimate":251252.90848819687,"standard_error":52.01104427618884},"std_dev":{"confidence_interval":{"confidence_level":0.95,"lower_bound":112.70489489988856,"upper_bound":250.88453472783016},"point_estimate":197.59782541605304,"standard_error":35.98540331360084}}