{"mean":{"confidence_interval":{"confidence_level":0.95,"lower_bound":27416440.796805553,"upper_bound":27582761.87208333},"point_estimate":27487778.277599208,"standard_error":43123.55500957159},"median":{"confidence_interval":{"confidence_level":0.95,"lower_bound":27391940.225,"upper_bound":27543742.8},"point_estimate":27444738.222222224,"standard_error":38378.329629857806},"median_abs_dev":{"confidence_interval":{"confidence_level":0.95,"lower_bound":21719.19078815839,"upper_bound":175899.04173466508},"point_estimate":91320.29030290969,"standard_error":40566.75140763342},"slope":{"confidence_interval":{"confidence_level":0.95,"lower_bound":27404944.38319088,"upper_bound":27664304.584134616},"point_estimate":27508212.055844154,"standard_error":69090.2416125118},"std_dev":{"confidence_interval":{"confidence_level":0.95,"lower_bound":43334.2723802474,"upper_bound":207155.762318065},"point_estimate":143636.35144303943,"standard_error":47857.13463295592}}