{"mean":{"confidence_interval":{"confidence_level":0.95,"lower_bound":3299127.65233259,"upper_bound":3326689.643541666},"point_estimate":3310763.507827381,"standard_error":7181.9237386625},"median":{"confidence_interval":{"confidence_level":0.95,"lower_bound":3297219.785714286,"upper_bound":3317409.675},"point_estimate":3300642.4732142854,"standard_error":5732.189270072136},"median_abs_dev":{"confidence_interval":{"confidence_level":0.95,"lower_bound":1420.4763872814538,"upper_bound":27250.937641198965},"point_estimate":6545.821186913591,"standard_error":6956.601171167426},"slope":{"confidence_interval":{"confidence_level":0.95,"lower_bound":3299251.8221359234,"upper_bound":3348728.1455395464},"point_estimate":3321630.786827458,"standard_error":14221.746171936249},"std_dev":{"confidence_interval":{"confidence_level":0.95,"lower_bound":5119.350648625982,"upper_bound":34786.78630630568},"point_estimate":24044.192008962895,"standard_error":8472.632274869422}}