{"mean":{"confidence_interval":{"confidence_level":0.95,"lower_bound":2637574.418013158,"upper_bound":2642285.9836710533},"point_estimate":2639778.411578947,"standard_error":1201.5721073372456},"median":{"confidence_interval":{"confidence_level":0.95,"lower_bound":2635466.5263157897,"upper_bound":2638996.052631579},"point_estimate":2637520.6052631577,"standard_error":1000.6146685878205},"median_abs_dev":{"confidence_interval":{"confidence_level":0.95,"lower_bound":5166.0415767049,"upper_bound":10374.144124505805},"point_estimate":7596.842265129089,"standard_error":1262.6904398761244},"slope":null,"std_dev":{"confidence_interval":{"confidence_level":0.95,"lower_bound":8032.373782921284,"upper_bound":16238.418980419305},"point_estimate":12044.486114703192,"standard_error":2183.3701936105927}}