{"mean":{"confidence_interval":{"confidence_level":0.95,"lower_bound":238788.4747891575,"upper_bound":239484.27393370593},"point_estimate":239085.8905878498,"standard_error":180.16025027564996},"median":{"confidence_interval":{"confidence_level":0.95,"lower_bound":238584.425,"upper_bound":238768.16088435374},"point_estimate":238698.56629566208,"standard_error":49.28829846034666},"median_abs_dev":{"confidence_interval":{"confidence_level":0.95,"lower_bound":320.9480162790428,"upper_bound":676.7804716584739},"point_estimate":492.18057500634416,"standard_error":96.80040953538129},"slope":{"confidence_interval":{"confidence_level":0.95,"lower_bound":238644.04528266558,"upper_bound":239020.50065228614},"point_estimate":238823.68854145115,"standard_error":95.93959298706585},"std_dev":{"confidence_interval":{"confidence_level":0.95,"lower_bound":693.659593186968,"upper_bound":2790.4978174146104},"point_estimate":1800.9540928132137,"standard_error":585.6044292024438}}