{"mean":{"confidence_interval":{"confidence_level":0.95,"lower_bound":0.11124427334878347,"upper_bound":0.15360439750944957},"point_estimate":0.13295080191450803,"standard_error":0.010835285909489727},"median":{"confidence_interval":{"confidence_level":0.95,"lower_bound":0.17689323732787332,"upper_bound":0.19092862681663858},"point_estimate":0.1860393859482632,"standard_error":0.003686033560233948}}