{"mean":{"confidence_interval":{"confidence_level":0.95,"lower_bound":0.04066340722643182,"upper_bound":0.0735764266440241},"point_estimate":0.05761283171893283,"standard_error":0.008429508250152134},"median":{"confidence_interval":{"confidence_level":0.95,"lower_bound":0.08672328379147132,"upper_bound":0.09917202986983975},"point_estimate":0.09202260199592938,"standard_error":0.0035536009182011935}}