{"mean":{"confidence_interval":{"confidence_level":0.95,"lower_bound":0.0819249119355035,"upper_bound":0.11868550014894032},"point_estimate":0.10058810819278863,"standard_error":0.009407370319225238},"median":{"confidence_interval":{"confidence_level":0.95,"lower_bound":0.13863986486656876,"upper_bound":0.146283953289859},"point_estimate":0.14166113390964585,"standard_error":0.002221055438118526}}