{"mean":{"confidence_interval":{"confidence_level":0.95,"lower_bound":0.030398797808234762,"upper_bound":0.0336343404879959},"point_estimate":0.032028876539375695,"standard_error":0.000819676280741148},"median":{"confidence_interval":{"confidence_level":0.95,"lower_bound":0.03006373070466635,"upper_bound":0.034019372803765435},"point_estimate":0.032501033784833266,"standard_error":0.001076537256124196}}