{"mean":{"confidence_interval":{"confidence_level":0.95,"lower_bound":0.04448224111248812,"upper_bound":0.04712317029648608},"point_estimate":0.04570093627898042,"standard_error":0.0006792375306556749},"median":{"confidence_interval":{"confidence_level":0.95,"lower_bound":0.04374957897553167,"upper_bound":0.0458341853358093},"point_estimate":0.044758562550620606,"standard_error":0.0005298097884912078}}