{"mean":{"confidence_interval":{"confidence_level":0.95,"lower_bound":0.05230456667110561,"upper_bound":0.05624581250152075},"point_estimate":0.05406759341341627,"standard_error":0.0010150769336000733},"median":{"confidence_interval":{"confidence_level":0.95,"lower_bound":0.050301050646476955,"upper_bound":0.05314792845756178},"point_estimate":0.05137324308797053,"standard_error":0.0006800830843382079}}