{"mean":{"confidence_interval":{"confidence_level":0.95,"lower_bound":0.08063526692457898,"upper_bound":0.08605771090694582},"point_estimate":0.08327112101195544,"standard_error":0.0013863611724989652},"median":{"confidence_interval":{"confidence_level":0.95,"lower_bound":0.0837434661428289,"upper_bound":0.0863795930034632},"point_estimate":0.08517953724513716,"standard_error":0.0006553116607690463}}