{"mean":{"confidence_interval":{"confidence_level":0.95,"lower_bound":-0.04017838085072192,"upper_bound":-0.034529218311487524},"point_estimate":-0.0373369657087822,"standard_error":0.0014450661643854474},"median":{"confidence_interval":{"confidence_level":0.95,"lower_bound":-0.040695769348630395,"upper_bound":-0.033265494376048976},"point_estimate":-0.03676340623265606,"standard_error":0.001855029421889594}}