{"mean":{"confidence_interval":{"confidence_level":0.95,"lower_bound":0.09611640674005764,"upper_bound":0.10094648155128759},"point_estimate":0.09858034681231564,"standard_error":0.001230668009964645},"median":{"confidence_interval":{"confidence_level":0.95,"lower_bound":0.09686536109247257,"upper_bound":0.10030525766536558},"point_estimate":0.09833517656127255,"standard_error":0.0008750240148579617}}