{"mean":{"confidence_interval":{"confidence_level":0.95,"lower_bound":0.055664759894608014,"upper_bound":0.06466006900914838},"point_estimate":0.060380452684962505,"standard_error":0.0022989593679983737},"median":{"confidence_interval":{"confidence_level":0.95,"lower_bound":0.06652965870211314,"upper_bound":0.07010117497690804},"point_estimate":0.06811086570589509,"standard_error":0.0008739618924380957}}