{"mean":{"confidence_interval":{"confidence_level":0.95,"lower_bound":0.18787472697709395,"upper_bound":0.19258595902547063},"point_estimate":0.19032785116012563,"standard_error":0.0012051259170479107},"median":{"confidence_interval":{"confidence_level":0.95,"lower_bound":0.18830401058331656,"upper_bound":0.19246577468690562},"point_estimate":0.19070395628101822,"standard_error":0.0010653751054547343}}