{"mean":{"confidence_interval":{"confidence_level":0.95,"lower_bound":0.18963653947426098,"upper_bound":0.20057475350950021},"point_estimate":0.1960585256637768,"standard_error":0.002830570040112938},"median":{"confidence_interval":{"confidence_level":0.95,"lower_bound":0.19424638733854105,"upper_bound":0.20110249907000566},"point_estimate":0.19820880435102595,"standard_error":0.0018741891957417983}}