{"mean":{"confidence_interval":{"confidence_level":0.95,"lower_bound":0.2081671418826614,"upper_bound":0.2170156172400857},"point_estimate":0.21283188978348933,"standard_error":0.0022614504958709107},"median":{"confidence_interval":{"confidence_level":0.95,"lower_bound":0.21196256898445442,"upper_bound":0.2159019160713025},"point_estimate":0.213982091784523,"standard_error":0.0009597773927412053}}