{"mean":{"confidence_interval":{"confidence_level":0.95,"lower_bound":0.2191502814395718,"upper_bound":0.2229290676617462},"point_estimate":0.2210800382307443,"standard_error":0.0009649436884248343},"median":{"confidence_interval":{"confidence_level":0.95,"lower_bound":0.21935908515690103,"upper_bound":0.22416727173476492},"point_estimate":0.2220161861070611,"standard_error":0.001277898636346571}}