{"mean":{"confidence_interval":{"confidence_level":0.95,"lower_bound":0.24354602790430604,"upper_bound":0.2500703888059339},"point_estimate":0.2462120651410038,"standard_error":0.0016519136547164485},"median":{"confidence_interval":{"confidence_level":0.95,"lower_bound":0.2444377432355005,"upper_bound":0.24744891536075117},"point_estimate":0.24564413254000406,"standard_error":0.0007569746605893485}}