{"mean":{"confidence_interval":{"confidence_level":0.95,"lower_bound":0.23537563238389891,"upper_bound":0.24559703652023604},"point_estimate":0.2407704288945718,"standard_error":0.002603104332590157},"median":{"confidence_interval":{"confidence_level":0.95,"lower_bound":0.24204707093806643,"upper_bound":0.24589378368888148},"point_estimate":0.2444879197572163,"standard_error":0.0009420903954052372}}