{"mean":{"confidence_interval":{"confidence_level":0.95,"lower_bound":0.28450360742053954,"upper_bound":0.28686164207273673},"point_estimate":0.2857829871281996,"standard_error":0.0006034662618999159},"median":{"confidence_interval":{"confidence_level":0.95,"lower_bound":0.2847757906131714,"upper_bound":0.287673559444239},"point_estimate":0.286086543071318,"standard_error":0.0006512714346975735}}