{"mean":{"confidence_interval":{"confidence_level":0.95,"lower_bound":0.27045148729387997,"upper_bound":0.2965921864756844},"point_estimate":0.2830473096940982,"standard_error":0.006858922508965447},"median":{"confidence_interval":{"confidence_level":0.95,"lower_bound":0.26140365514023256,"upper_bound":0.30462473917817867},"point_estimate":0.2945817045731802,"standard_error":0.012006416494100445}}