{"mean":{"confidence_interval":{"confidence_level":0.95,"lower_bound":0.23138470799920302,"upper_bound":0.24604595529354567},"point_estimate":0.23864424310517518,"standard_error":0.0037499014855682526},"median":{"confidence_interval":{"confidence_level":0.95,"lower_bound":0.2267480421024648,"upper_bound":0.24701062510084082},"point_estimate":0.23787115477975673,"standard_error":0.00495449737971046}}