{"mean":{"confidence_interval":{"confidence_level":0.95,"lower_bound":0.2076984999379665,"upper_bound":0.22390670792005893},"point_estimate":0.21580656817810961,"standard_error":0.004139639008706589},"median":{"confidence_interval":{"confidence_level":0.95,"lower_bound":0.20498392046191882,"upper_bound":0.2262740852412657},"point_estimate":0.21850161744840446,"standard_error":0.0055669271886429495}}