{"mean":{"confidence_interval":{"confidence_level":0.95,"lower_bound":0.238476262257626,"upper_bound":0.2682223199825221},"point_estimate":0.25303960573831485,"standard_error":0.007615521729400894},"median":{"confidence_interval":{"confidence_level":0.95,"lower_bound":0.23177649870345784,"upper_bound":0.27456247024113245},"point_estimate":0.2522198280792769,"standard_error":0.010717206742105516}}