{"mean":{"confidence_interval":{"confidence_level":0.95,"lower_bound":185553448.03333333,"upper_bound":186782442.26833338},"point_estimate":186175365.03333336,"standard_error":313893.34658186627},"median":{"confidence_interval":{"confidence_level":0.95,"lower_bound":185517475.33333334,"upper_bound":187025426.1666667},"point_estimate":186272070.8333333,"standard_error":373843.5088414146},"median_abs_dev":{"confidence_interval":{"confidence_level":0.95,"lower_bound":55681.5130114629,"upper_bound":1718495.2199905964},"point_estimate":1074336.6660266747,"standard_error":474194.07937851775},"slope":null,"std_dev":{"confidence_interval":{"confidence_level":0.95,"lower_bound":486294.2140920286,"upper_bound":1377290.8920722606},"point_estimate":1047452.717963777,"standard_error":219618.9944483755}}