{"mean":{"confidence_interval":{"confidence_level":0.95,"lower_bound":0.2766207725685106,"upper_bound":0.28553937723692474},"point_estimate":0.2803127132497798,"standard_error":0.0023623054309323687},"median":{"confidence_interval":{"confidence_level":0.95,"lower_bound":0.2753387190614347,"upper_bound":0.28290483362750685},"point_estimate":0.27987872882155274,"standard_error":0.0020148291174755277}}