{"mean":{"confidence_interval":{"confidence_level":0.95,"lower_bound":0.33349309103043806,"upper_bound":0.33767235439950233},"point_estimate":0.33567103580910795,"standard_error":0.0010645261383360179},"median":{"confidence_interval":{"confidence_level":0.95,"lower_bound":0.3341746918395032,"upper_bound":0.33889014814965934},"point_estimate":0.3364667512382422,"standard_error":0.0012555453818759654}}