{"mean":{"confidence_interval":{"confidence_level":0.95,"lower_bound":0.2656756104885475,"upper_bound":0.2772303900130981},"point_estimate":0.2725680451095458,"standard_error":0.0030913636933620004},"median":{"confidence_interval":{"confidence_level":0.95,"lower_bound":0.27153350148854294,"upper_bound":0.2773128199033068},"point_estimate":0.2753936161628183,"standard_error":0.0017437105541627655}}