{"mean":{"confidence_interval":{"confidence_level":0.95,"lower_bound":0.20849657991659132,"upper_bound":0.22913894709931637},"point_estimate":0.2200753395493864,"standard_error":0.005322474724464915},"median":{"confidence_interval":{"confidence_level":0.95,"lower_bound":0.21556927513127877,"upper_bound":0.23041589670224005},"point_estimate":0.22345720407717562,"standard_error":0.003936175879360913}}