{"mean":{"confidence_interval":{"confidence_level":0.95,"lower_bound":49651389.86333333,"upper_bound":50024648.143308036},"point_estimate":49839097.318908736,"standard_error":95595.60998276543},"median":{"confidence_interval":{"confidence_level":0.95,"lower_bound":49574747.46666667,"upper_bound":50124435.5},"point_estimate":49804585.02430555,"standard_error":121284.90603137553},"median_abs_dev":{"confidence_interval":{"confidence_level":0.95,"lower_bound":53415.6884183474,"upper_bound":595229.5417971531},"point_estimate":330519.1626571119,"standard_error":148689.08586997967},"slope":{"confidence_interval":{"confidence_level":0.95,"lower_bound":49735381.43259951,"upper_bound":50012979.889247224},"point_estimate":49882989.594805196,"standard_error":69596.81547027682},"std_dev":{"confidence_interval":{"confidence_level":0.95,"lower_bound":184612.01580807375,"upper_bound":397494.86039905355},"point_estimate":319260.3192607414,"standard_error":55309.41886898447}}