{"mean":{"confidence_interval":{"confidence_level":0.95,"lower_bound":0.29321753253713456,"upper_bound":0.303639488275367},"point_estimate":0.2993256066576868,"standard_error":0.0026554310805793},"median":{"confidence_interval":{"confidence_level":0.95,"lower_bound":0.297791933935019,"upper_bound":0.3018887313200158},"point_estimate":0.2995606183878803,"standard_error":0.0010115111034754718}}