{"mean":{"confidence_interval":{"confidence_level":0.95,"lower_bound":0.28125441295872916,"upper_bound":0.2924093124196406},"point_estimate":0.2865206031061205,"standard_error":0.0028439975095806004},"median":{"confidence_interval":{"confidence_level":0.95,"lower_bound":0.2803280284667844,"upper_bound":0.2896398041650221},"point_estimate":0.2851541204202277,"standard_error":0.0022609466881100115}}