{"mean":{"confidence_interval":{"confidence_level":0.95,"lower_bound":0.287836795712098,"upper_bound":0.29294998061934285},"point_estimate":0.29025746059396407,"standard_error":0.0013313316766498252},"median":{"confidence_interval":{"confidence_level":0.95,"lower_bound":0.2885197442070353,"upper_bound":0.29151616860368734},"point_estimate":0.2902195201773594,"standard_error":0.0007422194783142834}}