{"mean":{"confidence_interval":{"confidence_level":0.95,"lower_bound":0.25986738374631163,"upper_bound":0.2851336351440999},"point_estimate":0.2729444963302712,"standard_error":0.006454546318393527},"median":{"confidence_interval":{"confidence_level":0.95,"lower_bound":0.25892075640370793,"upper_bound":0.2907635035828895},"point_estimate":0.2707266785415665,"standard_error":0.008374954808799252}}