{"mean":{"confidence_interval":{"confidence_level":0.95,"lower_bound":23228471.283869047,"upper_bound":23361519.624494046},"point_estimate":23287030.88282738,"standard_error":34593.58173566295},"median":{"confidence_interval":{"confidence_level":0.95,"lower_bound":23221034.75,"upper_bound":23316360.85625},"point_estimate":23259751.536458336,"standard_error":22646.487122267034},"median_abs_dev":{"confidence_interval":{"confidence_level":0.95,"lower_bound":6622.769449296234,"upper_bound":150832.3422984386},"point_estimate":57829.6867514473,"standard_error":36665.18683279432},"slope":{"confidence_interval":{"confidence_level":0.95,"lower_bound":23249886.61024499,"upper_bound":23304629.82346939},"point_estimate":23268777.73961039,"standard_error":14107.8908277849},"std_dev":{"confidence_interval":{"confidence_level":0.95,"lower_bound":34570.23630948508,"upper_bound":165626.045977846},"point_estimate":115654.27943797135,"standard_error":38400.13993701373}}