{"mean":{"confidence_interval":{"confidence_level":0.95,"lower_bound":0.2817309118270271,"upper_bound":0.2924833984197351},"point_estimate":0.2878815789660818,"standard_error":0.002816641100661652},"median":{"confidence_interval":{"confidence_level":0.95,"lower_bound":0.28535753889170645,"upper_bound":0.2935972470844468},"point_estimate":0.29185258008181436,"standard_error":0.0022641332484404576}}