{"mean":{"confidence_interval":{"confidence_level":0.95,"lower_bound":0.27139644368785176,"upper_bound":0.28179747929866283},"point_estimate":0.27681979942477963,"standard_error":0.0026564427120112323},"median":{"confidence_interval":{"confidence_level":0.95,"lower_bound":0.2713422806107251,"upper_bound":0.28452769776064835},"point_estimate":0.2767716319465796,"standard_error":0.003350759745005688}}