{"mean":{"confidence_interval":{"confidence_level":0.95,"lower_bound":0.31278949564772,"upper_bound":0.3196059595915048},"point_estimate":0.31664658199585194,"standard_error":0.001753544035551665},"median":{"confidence_interval":{"confidence_level":0.95,"lower_bound":0.314549962299441,"upper_bound":0.319109438426435},"point_estimate":0.3167440817509348,"standard_error":0.0009824606294056794}}