{"mean":{"confidence_interval":{"confidence_level":0.95,"lower_bound":0.27624041254180226,"upper_bound":0.27889093130178927},"point_estimate":0.27745754517018195,"standard_error":0.0006779659399257335},"median":{"confidence_interval":{"confidence_level":0.95,"lower_bound":0.2758330180777018,"upper_bound":0.27877101465604026},"point_estimate":0.27739056628592085,"standard_error":0.0007497057316886228}}