{"mean":{"confidence_interval":{"confidence_level":0.95,"lower_bound":0.27514813520064896,"upper_bound":0.2857895583597782},"point_estimate":0.28042617706081274,"standard_error":0.0027235970685323577},"median":{"confidence_interval":{"confidence_level":0.95,"lower_bound":0.2716394890417255,"upper_bound":0.2884666668435427},"point_estimate":0.2791200488243011,"standard_error":0.004326854163737089}}