{"mean":{"confidence_interval":{"confidence_level":0.95,"lower_bound":0.1998587514107626,"upper_bound":0.22176038788775276},"point_estimate":0.210796444529592,"standard_error":0.005625212640852621},"median":{"confidence_interval":{"confidence_level":0.95,"lower_bound":0.19096254097280996,"upper_bound":0.22804595999740584},"point_estimate":0.21234220013188243,"standard_error":0.009477937737569579}}