{"mean":{"confidence_interval":{"confidence_level":0.95,"lower_bound":0.2820412999407449,"upper_bound":0.2850047770934898},"point_estimate":0.2834039854843837,"standard_error":0.00075754140040995},"median":{"confidence_interval":{"confidence_level":0.95,"lower_bound":0.2817680693515774,"upper_bound":0.2844757853236688},"point_estimate":0.2832350949893603,"standard_error":0.0006453630710177098}}