{"mean":{"confidence_interval":{"confidence_level":0.95,"lower_bound":0.26264752351762416,"upper_bound":0.2659519710539127},"point_estimate":0.26431638390595347,"standard_error":0.00084206730211921},"median":{"confidence_interval":{"confidence_level":0.95,"lower_bound":0.26300787150742555,"upper_bound":0.26581500642780886},"point_estimate":0.2637812130976087,"standard_error":0.0007757670669928688}}