{"mean":{"confidence_interval":{"confidence_level":0.95,"lower_bound":0.198378441589315,"upper_bound":0.21551903809310813},"point_estimate":0.2067883459021329,"standard_error":0.004385572238804262},"median":{"confidence_interval":{"confidence_level":0.95,"lower_bound":0.19555248075816922,"upper_bound":0.21746942395143942},"point_estimate":0.2080426970542717,"standard_error":0.005614912865895893}}