{"mean":{"confidence_interval":{"confidence_level":0.95,"lower_bound":0.22927947178672964,"upper_bound":0.2401187656713729},"point_estimate":0.2345399467169751,"standard_error":0.002753600849979977},"median":{"confidence_interval":{"confidence_level":0.95,"lower_bound":0.22665818991157816,"upper_bound":0.24165387432950403},"point_estimate":0.23489643886743772,"standard_error":0.0038812134374129484}}