{"mean":{"confidence_interval":{"confidence_level":0.95,"lower_bound":0.2504258785632351,"upper_bound":0.26547711087099934},"point_estimate":0.2578475069761814,"standard_error":0.003847606272935471},"median":{"confidence_interval":{"confidence_level":0.95,"lower_bound":0.24526204592167922,"upper_bound":0.2666071972950055},"point_estimate":0.26040813804621954,"standard_error":0.0052126237775409895}}