{"mean":{"confidence_interval":{"confidence_level":0.95,"lower_bound":3460810.2757666665,"upper_bound":3466727.8025999996},"point_estimate":3463740.757333334,"standard_error":1510.7674839474812},"median":{"confidence_interval":{"confidence_level":0.95,"lower_bound":3456906.6333333333,"upper_bound":3463273.8},"point_estimate":3459975.833333333,"standard_error":1781.9308469502914},"median_abs_dev":{"confidence_interval":{"confidence_level":0.95,"lower_bound":11088.319489642812,"upper_bound":21224.110503196902},"point_estimate":16482.162747382405,"standard_error":2646.7240195805443},"slope":null,"std_dev":{"confidence_interval":{"confidence_level":0.95,"lower_bound":13632.387117655304,"upper_bound":16504.507404599106},"point_estimate":15209.381388201293,"standard_error":732.2193775504436}}