{"mean":{"confidence_interval":{"confidence_level":0.95,"lower_bound":0.30447551668979705,"upper_bound":0.3261862174049938},"point_estimate":0.31450175755620524,"standard_error":0.005504587219440434},"median":{"confidence_interval":{"confidence_level":0.95,"lower_bound":0.29521657685078506,"upper_bound":0.3135020906886745},"point_estimate":0.3030756177784111,"standard_error":0.0038307590294486397}}