{"mean":{"confidence_interval":{"confidence_level":0.95,"lower_bound":0.31045678043482194,"upper_bound":0.31365286678933546},"point_estimate":0.31213314804765946,"standard_error":0.0008192416197998702},"median":{"confidence_interval":{"confidence_level":0.95,"lower_bound":0.3103988307324814,"upper_bound":0.31349040417175633},"point_estimate":0.3118289299537491,"standard_error":0.0008292192067973521}}