{"mean":{"confidence_interval":{"confidence_level":0.95,"lower_bound":0.24898882060475291,"upper_bound":0.25584578748137615},"point_estimate":0.2520437757386802,"standard_error":0.0017671769755880206},"median":{"confidence_interval":{"confidence_level":0.95,"lower_bound":0.2409590125315073,"upper_bound":0.25976227990644585},"point_estimate":0.25019873230941947,"standard_error":0.005861940483173278}}