{"mean":{"confidence_interval":{"confidence_level":0.95,"lower_bound":0.3237367559476725,"upper_bound":0.3314636453032465},"point_estimate":0.3270756214016919,"standard_error":0.0020586913349966815},"median":{"confidence_interval":{"confidence_level":0.95,"lower_bound":0.3216937417818384,"upper_bound":0.32496793840550553},"point_estimate":0.3231551286537422,"standard_error":0.0008358668806353612}}