{"mean":{"confidence_interval":{"confidence_level":0.95,"lower_bound":0.28398825741895894,"upper_bound":0.2888803140520827},"point_estimate":0.2864441323213751,"standard_error":0.0012529564258673203},"median":{"confidence_interval":{"confidence_level":0.95,"lower_bound":0.28116159010175923,"upper_bound":0.28967347524116405},"point_estimate":0.283548877239548,"standard_error":0.0024644344149356537}}