{"mean":{"confidence_interval":{"confidence_level":0.95,"lower_bound":0.28722106902549893,"upper_bound":0.29172761347340087},"point_estimate":0.2894859582611833,"standard_error":0.00117747154944803},"median":{"confidence_interval":{"confidence_level":0.95,"lower_bound":0.280947548892299,"upper_bound":0.2959361772301139},"point_estimate":0.28375455221755974,"standard_error":0.004507743761879393}}