{"mean":{"confidence_interval":{"confidence_level":0.95,"lower_bound":0.31920140056912105,"upper_bound":0.3256950157981382},"point_estimate":0.3226773817599886,"standard_error":0.0016611630424973585},"median":{"confidence_interval":{"confidence_level":0.95,"lower_bound":0.3208100179746065,"upper_bound":0.32798552589450847},"point_estimate":0.32453669937315377,"standard_error":0.0019610349737032326}}