{"mean":{"confidence_interval":{"confidence_level":0.95,"lower_bound":0.28779195597567525,"upper_bound":0.29225266540147143},"point_estimate":0.29006841983738374,"standard_error":0.00113990545354911},"median":{"confidence_interval":{"confidence_level":0.95,"lower_bound":0.2914558218243066,"upper_bound":0.2957360249579286},"point_estimate":0.29404527450691,"standard_error":0.0010899786554177259}}