{"mean":{"confidence_interval":{"confidence_level":0.95,"lower_bound":0.2671266660172811,"upper_bound":0.2830296817866024},"point_estimate":0.2752511973631935,"standard_error":0.004024822403764687},"median":{"confidence_interval":{"confidence_level":0.95,"lower_bound":0.25745133801475895,"upper_bound":0.263203591403258},"point_estimate":0.2595554082707201,"standard_error":0.0018564549919633517}}