{"mean":{"confidence_interval":{"confidence_level":0.95,"lower_bound":0.2878799134600533,"upper_bound":0.3065633197036207},"point_estimate":0.29651143986089523,"standard_error":0.004675150193022478},"median":{"confidence_interval":{"confidence_level":0.95,"lower_bound":0.28133456991310446,"upper_bound":0.28712315426851254},"point_estimate":0.2844056743849128,"standard_error":0.004101986136354362}}