{"mean":{"confidence_interval":{"confidence_level":0.95,"lower_bound":0.25668301609493166,"upper_bound":0.2757391539853336},"point_estimate":0.26631427417592746,"standard_error":0.004902744603738899},"median":{"confidence_interval":{"confidence_level":0.95,"lower_bound":0.24757594613257927,"upper_bound":0.2517146461712027},"point_estimate":0.2496238314633008,"standard_error":0.0010433085970439433}}