{"mean":{"confidence_interval":{"confidence_level":0.95,"lower_bound":0.2667253496058277,"upper_bound":0.2815673999866966},"point_estimate":0.27377972092361236,"standard_error":0.0038179309653828116},"median":{"confidence_interval":{"confidence_level":0.95,"lower_bound":0.2592021814527916,"upper_bound":0.26383823591881117},"point_estimate":0.2615907191771405,"standard_error":0.0011973298104103883}}