{"mean":{"confidence_interval":{"confidence_level":0.95,"lower_bound":0.2680196835808441,"upper_bound":0.2703381440673277},"point_estimate":0.2691499151153143,"standard_error":0.0005919279512504727},"median":{"confidence_interval":{"confidence_level":0.95,"lower_bound":0.2676054016222773,"upper_bound":0.27031825520296815},"point_estimate":0.2687773783888838,"standard_error":0.0007678813682047635}}