{"mean":{"confidence_interval":{"confidence_level":0.95,"lower_bound":0.23953864472751696,"upper_bound":0.24273966559833687},"point_estimate":0.24118835899285762,"standard_error":0.000817048347616724},"median":{"confidence_interval":{"confidence_level":0.95,"lower_bound":0.240046147722627,"upper_bound":0.24304190972381506},"point_estimate":0.24151076486044598,"standard_error":0.000774408751120135}}