{"mean":{"confidence_interval":{"confidence_level":0.95,"lower_bound":0.2575724521953417,"upper_bound":0.2617060300772333},"point_estimate":0.2598414283568169,"standard_error":0.0010617227667732963},"median":{"confidence_interval":{"confidence_level":0.95,"lower_bound":0.26036318380179857,"upper_bound":0.26215584159956434},"point_estimate":0.26134248533446036,"standard_error":0.0004364179401127442}}