{"mean":{"confidence_interval":{"confidence_level":0.95,"lower_bound":0.27154659002613196,"upper_bound":0.2748374343044952},"point_estimate":0.27324859503222365,"standard_error":0.0008339563854589256},"median":{"confidence_interval":{"confidence_level":0.95,"lower_bound":0.272770261030053,"upper_bound":0.2748079762125224},"point_estimate":0.2738721069387027,"standard_error":0.0005272464651002584}}