{"mean":{"confidence_interval":{"confidence_level":0.95,"lower_bound":611906.5848412659,"upper_bound":614954.3385482066},"point_estimate":613477.7573709398,"standard_error":777.7232997666099},"median":{"confidence_interval":{"confidence_level":0.95,"lower_bound":610848.171875,"upper_bound":615460.293062201},"point_estimate":613154.5069897484,"standard_error":1012.1704847121399},"median_abs_dev":{"confidence_interval":{"confidence_level":0.95,"lower_bound":4696.314632018766,"upper_bound":7308.979936855085},"point_estimate":5846.906847394196,"standard_error":705.0303267724588},"slope":{"confidence_interval":{"confidence_level":0.95,"lower_bound":612796.1479587207,"upper_bound":615175.2918142466},"point_estimate":614003.6058992168,"standard_error":606.3367373402865},"std_dev":{"confidence_interval":{"confidence_level":0.95,"lower_bound":5721.038989847455,"upper_bound":9944.551754846905},"point_estimate":7812.894746971418,"standard_error":1099.1862365725633}}