{"mean":{"confidence_interval":{"confidence_level":0.95,"lower_bound":4044727.291195652,"upper_bound":4058857.0775776403},"point_estimate":4051354.2578554177,"standard_error":3612.5172545457053},"median":{"confidence_interval":{"confidence_level":0.95,"lower_bound":4039213.1086956523,"upper_bound":4059201.270531401},"point_estimate":4048904.2210144927,"standard_error":5271.529202020892},"median_abs_dev":{"confidence_interval":{"confidence_level":0.95,"lower_bound":294.747320854956,"upper_bound":22206.768096620624},"point_estimate":14432.374815513012,"standard_error":4923.418652338766},"slope":{"confidence_interval":{"confidence_level":0.95,"lower_bound":4048046.1368258945,"upper_bound":4060557.0098381466},"point_estimate":4054108.0714850365,"standard_error":3211.649432120855},"std_dev":{"confidence_interval":{"confidence_level":0.95,"lower_bound":6384.9442438289425,"upper_bound":15846.392787518162},"point_estimate":12031.534935221476,"standard_error":2666.605112353814}}