{"mean":{"confidence_interval":{"confidence_level":0.95,"lower_bound":17667547.26546296,"upper_bound":17840914.917142857},"point_estimate":17751186.087605823,"standard_error":44197.66429404078},"median":{"confidence_interval":{"confidence_level":0.95,"lower_bound":17671030.613425925,"upper_bound":17857192.1},"point_estimate":17700023.07222222,"standard_error":56764.1994015364},"median_abs_dev":{"confidence_interval":{"confidence_level":0.95,"lower_bound":11766.10557999743,"upper_bound":256176.5591369536},"point_estimate":124991.35414346133,"standard_error":70136.22098020201},"slope":{"confidence_interval":{"confidence_level":0.95,"lower_bound":17685376.78198859,"upper_bound":17787004.974470075},"point_estimate":17721418.408225108,"standard_error":26034.366677938346},"std_dev":{"confidence_interval":{"confidence_level":0.95,"lower_bound":73428.15055199857,"upper_bound":195032.08980932206},"point_estimate":146895.31383624638,"standard_error":32954.89229135583}}