{"mean":{"confidence_interval":{"confidence_level":0.95,"lower_bound":8354388.425939393,"upper_bound":8568110.196966449},"point_estimate":8451350.366883118,"standard_error":54770.221644245},"median":{"confidence_interval":{"confidence_level":0.95,"lower_bound":8315583.053030303,"upper_bound":8537551.145021645},"point_estimate":8431417.486363636,"standard_error":55769.406194909774},"median_abs_dev":{"confidence_interval":{"confidence_level":0.95,"lower_bound":28058.867179128676,"upper_bound":282991.651215896},"point_estimate":134655.53870575034,"standard_error":62341.424952715446},"slope":{"confidence_interval":{"confidence_level":0.95,"lower_bound":8331524.621579876,"upper_bound":8503171.445113964},"point_estimate":8411189.684769776,"standard_error":43537.537467170776},"std_dev":{"confidence_interval":{"confidence_level":0.95,"lower_bound":75566.97658957826,"upper_bound":248744.86334318886},"point_estimate":182470.23590869707,"standard_error":48201.21247913392}}