{"mean":{"confidence_interval":{"confidence_level":0.95,"lower_bound":259723054.7125,"upper_bound":262211446.6},"point_estimate":261142267.35,"standard_error":652879.9273829894},"median":{"confidence_interval":{"confidence_level":0.95,"lower_bound":260383759.5,"upper_bound":262515755.5},"point_estimate":262001231.0,"standard_error":579896.2460186711},"median_abs_dev":{"confidence_interval":{"confidence_level":0.95,"lower_bound":123863.07350099087,"upper_bound":2520871.7775955796},"point_estimate":1026752.743421495,"standard_error":639882.8569093423},"slope":null,"std_dev":{"confidence_interval":{"confidence_level":0.95,"lower_bound":589512.114018642,"upper_bound":3135249.0674571553},"point_estimate":2176092.6769101033,"standard_error":746947.85966027}}