{"mean":{"confidence_interval":{"confidence_level":0.95,"lower_bound":188165270.0858333,"upper_bound":189225859.18},"point_estimate":188680461.4,"standard_error":272021.6618897924},"median":{"confidence_interval":{"confidence_level":0.95,"lower_bound":187914471.3333333,"upper_bound":189509122.1666667},"point_estimate":188358571.6666667,"standard_error":485825.7845821175},"median_abs_dev":{"confidence_interval":{"confidence_level":0.95,"lower_bound":167164.87673223755,"upper_bound":1379712.4775052217},"point_estimate":1009539.8812771211,"standard_error":337510.30057804444},"slope":null,"std_dev":{"confidence_interval":{"confidence_level":0.95,"lower_bound":542670.3620997192,"upper_bound":1096336.373728052},"point_estimate":910723.8297626241,"standard_error":140378.94606852505}}