{"mean":{"confidence_interval":{"confidence_level":0.95,"lower_bound":10356.201157089086,"upper_bound":10380.605617836967},"point_estimate":10366.877997750344,"standard_error":6.2630849028842634},"median":{"confidence_interval":{"confidence_level":0.95,"lower_bound":10354.140873015873,"upper_bound":10364.363067475124},"point_estimate":10360.516358024692,"standard_error":2.829932756927967},"median_abs_dev":{"confidence_interval":{"confidence_level":0.95,"lower_bound":17.224341817744637,"upper_bound":34.395811443316866},"point_estimate":24.4636002233557,"standard_error":4.514730131651718},"slope":{"confidence_interval":{"confidence_level":0.95,"lower_bound":10350.645638287178,"upper_bound":10377.580550197667},"point_estimate":10362.401501958031,"standard_error":6.872689263551455},"std_dev":{"confidence_interval":{"confidence_level":0.95,"lower_bound":25.974562777387888,"upper_bound":93.21618701860137},"point_estimate":62.68529685038359,"standard_error":17.982710987295814}}