{"mean":{"confidence_interval":{"confidence_level":0.95,"lower_bound":17886.384494461825,"upper_bound":17937.27779023744},"point_estimate":17911.67168490206,"standard_error":13.004700531929261},"median":{"confidence_interval":{"confidence_level":0.95,"lower_bound":17875.32875494071,"upper_bound":17944.925585754452},"point_estimate":17927.410928096295,"standard_error":15.68718104398053},"median_abs_dev":{"confidence_interval":{"confidence_level":0.95,"lower_bound":112.87230167256554,"upper_bound":212.9230073417178},"point_estimate":162.0783323894912,"standard_error":28.967460936936753},"slope":{"confidence_interval":{"confidence_level":0.95,"lower_bound":17881.186609903245,"upper_bound":17936.710380244982},"point_estimate":17908.410967448985,"standard_error":14.166847973866085},"std_dev":{"confidence_interval":{"confidence_level":0.95,"lower_bound":116.7453838302004,"upper_bound":142.2913095149637},"point_estimate":130.56980564231023,"standard_error":6.530597124237083}}