{"mean":{"confidence_interval":{"confidence_level":0.95,"lower_bound":0.07481326053016832,"upper_bound":0.1094207438953717},"point_estimate":0.09249672418342958,"standard_error":0.00885867672757586},"median":{"confidence_interval":{"confidence_level":0.95,"lower_bound":0.12243926446770281,"upper_bound":0.1337451250566155},"point_estimate":0.1288336506781449,"standard_error":0.0030483305747933294}}