{"mean":{"confidence_interval":{"confidence_level":0.95,"lower_bound":0.04568250316887297,"upper_bound":0.07995384023179397},"point_estimate":0.06319473047524671,"standard_error":0.008764298523070778},"median":{"confidence_interval":{"confidence_level":0.95,"lower_bound":0.10349878407488,"upper_bound":0.10853369059733135},"point_estimate":0.10674604235958096,"standard_error":0.0014757637124551604}}