{"mean":{"confidence_interval":{"confidence_level":0.95,"lower_bound":0.10614949804953398,"upper_bound":0.14841301160404766},"point_estimate":0.12784358886086267,"standard_error":0.01080021923478977},"median":{"confidence_interval":{"confidence_level":0.95,"lower_bound":0.17063796078421478,"upper_bound":0.18826268505520494},"point_estimate":0.1836469499238984,"standard_error":0.005376552005677477}}