{"mean":{"confidence_interval":{"confidence_level":0.95,"lower_bound":0.025302370100243138,"upper_bound":0.055802000465534816},"point_estimate":0.04094620597747323,"standard_error":0.007779746674981749},"median":{"confidence_interval":{"confidence_level":0.95,"lower_bound":0.07365712856727424,"upper_bound":0.07802833249018049},"point_estimate":0.07648828528929275,"standard_error":0.0012370133651214824}}