{"mean":{"confidence_interval":{"confidence_level":0.95,"lower_bound":0.06747130202724591,"upper_bound":0.07057795397308113},"point_estimate":0.06897877282562903,"standard_error":0.0007705051812482867},"median":{"confidence_interval":{"confidence_level":0.95,"lower_bound":0.06602697385524747,"upper_bound":0.06953672361275348},"point_estimate":0.06744205433494321,"standard_error":0.0008685736501025883}}