{"mean":{"confidence_interval":{"confidence_level":0.95,"lower_bound":0.038700682858789234,"upper_bound":0.04050630508858569},"point_estimate":0.039623038264356536,"standard_error":0.0004628758511678043},"median":{"confidence_interval":{"confidence_level":0.95,"lower_bound":0.039530899741961015,"upper_bound":0.04101212380925778},"point_estimate":0.040374502496305587,"standard_error":0.00036207281411494637}}