{"mean":{"confidence_interval":{"confidence_level":0.95,"lower_bound":0.07320362935304929,"upper_bound":0.0764687354326549},"point_estimate":0.07490581750803194,"standard_error":0.0008127946462745129},"median":{"confidence_interval":{"confidence_level":0.95,"lower_bound":0.07354278105798673,"upper_bound":0.07679975660030104},"point_estimate":0.07523230227193634,"standard_error":0.0008057249171281374}}