{"mean":{"confidence_interval":{"confidence_level":0.95,"lower_bound":0.0943037788967737,"upper_bound":0.09797603135990982},"point_estimate":0.0964032113120803,"standard_error":0.000942556394753486},"median":{"confidence_interval":{"confidence_level":0.95,"lower_bound":0.09611038467398836,"upper_bound":0.09830310986807533},"point_estimate":0.09751368401240135,"standard_error":0.0005712941055852523}}