{"mean":{"confidence_interval":{"confidence_level":0.95,"lower_bound":0.04458994425495059,"upper_bound":0.05312943967256138},"point_estimate":0.04904440898959872,"standard_error":0.0021857811487882516},"median":{"confidence_interval":{"confidence_level":0.95,"lower_bound":0.05688126375432634,"upper_bound":0.05978544849343792},"point_estimate":0.058507604977674266,"standard_error":0.000750619815842409}}