{"mean":{"confidence_interval":{"confidence_level":0.95,"lower_bound":300475.4418956643,"upper_bound":300827.4708253123},"point_estimate":300646.0230193762,"standard_error":89.69524897337936},"median":{"confidence_interval":{"confidence_level":0.95,"lower_bound":300282.7693452381,"upper_bound":300809.1909356725},"point_estimate":300588.451171875,"standard_error":140.7114636768511},"median_abs_dev":{"confidence_interval":{"confidence_level":0.95,"lower_bound":664.8866891574423,"upper_bound":1031.7391130452227},"point_estimate":848.2726429004764,"standard_error":98.1821078513921},"slope":{"confidence_interval":{"confidence_level":0.95,"lower_bound":300499.2116095616,"upper_bound":300796.6613040027},"point_estimate":300644.0922343727,"standard_error":75.87123729756713},"std_dev":{"confidence_interval":{"confidence_level":0.95,"lower_bound":703.1177493929932,"upper_bound":1131.7794148331736},"point_estimate":901.3173111699992,"standard_error":114.9470561407266}}