{"mean":{"confidence_interval":{"confidence_level":0.95,"lower_bound":-0.05411489131067877,"upper_bound":-0.047537373984236665},"point_estimate":-0.0512144180995342,"standard_error":0.0016892131543213191},"median":{"confidence_interval":{"confidence_level":0.95,"lower_bound":-0.05386589310031098,"upper_bound":-0.04718501153095377},"point_estimate":-0.04983619033329367,"standard_error":0.001692528056520738}}