{"mean":{"confidence_interval":{"confidence_level":0.95,"lower_bound":0.06819469021742397,"upper_bound":0.07271661250930439},"point_estimate":0.07058699317140427,"standard_error":0.0011566726758446039},"median":{"confidence_interval":{"confidence_level":0.95,"lower_bound":0.07191902068176326,"upper_bound":0.07393742919359259},"point_estimate":0.07302745283686951,"standard_error":0.0004815738964984984}}