{"mean":{"confidence_interval":{"confidence_level":0.95,"lower_bound":1735067.7245178008,"upper_bound":1739054.3435950135},"point_estimate":1737128.116039982,"standard_error":1016.9932482121129},"median":{"confidence_interval":{"confidence_level":0.95,"lower_bound":1735385.1937893082,"upper_bound":1738579.429245283},"point_estimate":1737694.343328841,"standard_error":852.9513477821235},"median_abs_dev":{"confidence_interval":{"confidence_level":0.95,"lower_bound":84.56298010249144,"upper_bound":5467.014804827815},"point_estimate":1737.818719383445,"standard_error":1302.595882283913},"slope":{"confidence_interval":{"confidence_level":0.95,"lower_bound":1735602.3837279172,"upper_bound":1739299.8862420833},"point_estimate":1736963.9764273462,"standard_error":936.1492211034221},"std_dev":{"confidence_interval":{"confidence_level":0.95,"lower_bound":1062.3550424408536,"upper_bound":4716.475904780018},"point_estimate":3389.6452365086207,"standard_error":921.9628214281423}}