{"mean":{"confidence_interval":{"confidence_level":0.95,"lower_bound":266619908.0,"upper_bound":268831304.8},"point_estimate":267807887.15,"standard_error":567324.9733027254},"median":{"confidence_interval":{"confidence_level":0.95,"lower_bound":266501128.5,"upper_bound":269121911.5},"point_estimate":268471009.5,"standard_error":665290.5060852828},"median_abs_dev":{"confidence_interval":{"confidence_level":0.95,"lower_bound":181938.3677199483,"upper_bound":3065469.295527041},"point_estimate":1360791.7837411165,"standard_error":694746.9010757772},"slope":null,"std_dev":{"confidence_interval":{"confidence_level":0.95,"lower_bound":814173.615083465,"upper_bound":2529867.2214722065},"point_estimate":1892470.3747632508,"standard_error":467898.86900499056}}