{"mean":{"confidence_interval":{"confidence_level":0.95,"lower_bound":193857450.27083337,"upper_bound":196233355.60000002},"point_estimate":195170025.36666664,"standard_error":610050.8967876292},"median":{"confidence_interval":{"confidence_level":0.95,"lower_bound":194343029.16666666,"upper_bound":196639503.0},"point_estimate":195523142.5,"standard_error":519932.42609256477},"median_abs_dev":{"confidence_interval":{"confidence_level":0.95,"lower_bound":162474.67171550533,"upper_bound":2819975.079235442},"point_estimate":1475291.2500083372,"standard_error":724865.5751814883},"slope":null,"std_dev":{"confidence_interval":{"confidence_level":0.95,"lower_bound":750418.1337009612,"upper_bound":2829345.1246932684},"point_estimate":2037031.670660189,"standard_error":588660.7724438702}}