{"mean":{"confidence_interval":{"confidence_level":0.95,"lower_bound":3221030.625109375,"upper_bound":3227419.717375},"point_estimate":3224103.715625,"standard_error":1633.7131549791989},"median":{"confidence_interval":{"confidence_level":0.95,"lower_bound":3219854.96875,"upper_bound":3224464.53125},"point_estimate":3222181.8125,"standard_error":1307.8515664228933},"median_abs_dev":{"confidence_interval":{"confidence_level":0.95,"lower_bound":7523.530012993144,"upper_bound":19444.53031104058},"point_estimate":13315.045038610697,"standard_error":3580.7403498425274},"slope":null,"std_dev":{"confidence_interval":{"confidence_level":0.95,"lower_bound":12193.67543591226,"upper_bound":20783.00495705838},"point_estimate":16399.3338054284,"standard_error":2226.626237831868}}