{"mean":{"confidence_interval":{"confidence_level":0.95,"lower_bound":18402.22082375482,"upper_bound":18549.399802980286},"point_estimate":18455.46677640439,"standard_error":42.897485331455655},"median":{"confidence_interval":{"confidence_level":0.95,"lower_bound":18392.388501664893,"upper_bound":18446.096193415637},"point_estimate":18415.340486319652,"standard_error":14.742067021655098},"median_abs_dev":{"confidence_interval":{"confidence_level":0.95,"lower_bound":67.87611710457921,"upper_bound":98.12469341160246},"point_estimate":85.87596000632338,"standard_error":7.696552900081756},"slope":{"confidence_interval":{"confidence_level":0.95,"lower_bound":18433.862994588613,"upper_bound":18645.86997574612},"point_estimate":18506.294402738782,"standard_error":61.301007313194056},"std_dev":{"confidence_interval":{"confidence_level":0.95,"lower_bound":64.62464533424713,"upper_bound":736.1340635581266},"point_estimate":432.42522080635956,"standard_error":237.60893759842966}}