{"mean":{"confidence_interval":{"confidence_level":0.95,"lower_bound":1571789.7715936871,"upper_bound":1575617.4479079165},"point_estimate":1573582.105985103,"standard_error":977.2617468808465},"median":{"confidence_interval":{"confidence_level":0.95,"lower_bound":1570315.0733333332,"upper_bound":1573877.7285714287},"point_estimate":1571997.2690592636,"standard_error":832.2482227195835},"median_abs_dev":{"confidence_interval":{"confidence_level":0.95,"lower_bound":4738.0646833483515,"upper_bound":7521.0997263022255},"point_estimate":5973.505116171263,"standard_error":692.7659995816557},"slope":{"confidence_interval":{"confidence_level":0.95,"lower_bound":1571393.5437689014,"upper_bound":1575408.575298994},"point_estimate":1573192.9638510419,"standard_error":1030.4038110982353},"std_dev":{"confidence_interval":{"confidence_level":0.95,"lower_bound":6462.159991339104,"upper_bound":13000.627024760312},"point_estimate":9817.569173112817,"standard_error":1691.2679061676374}}