{"mean":{"confidence_interval":{"confidence_level":0.95,"lower_bound":260009597.95,"upper_bound":263015200.7},"point_estimate":261559714.7,"standard_error":770310.6524502874},"median":{"confidence_interval":{"confidence_level":0.95,"lower_bound":258567935.5,"upper_bound":263279564.25},"point_estimate":262401324.0,"standard_error":1051661.8568407402},"median_abs_dev":{"confidence_interval":{"confidence_level":0.95,"lower_bound":118050.91095417738,"upper_bound":4295826.75203383},"point_estimate":1709924.0624427795,"standard_error":1247662.6655710323},"slope":null,"std_dev":{"confidence_interval":{"confidence_level":0.95,"lower_bound":1304290.8032975215,"upper_bound":3163189.9034221596},"point_estimate":2570839.553642774,"standard_error":452623.177941602}}