{"mean":{"confidence_interval":{"confidence_level":0.95,"lower_bound":0.2991694594868744,"upper_bound":0.3081425078738645},"point_estimate":0.30394582967513806,"standard_error":0.0022905185298983674},"median":{"confidence_interval":{"confidence_level":0.95,"lower_bound":0.3040211055452,"upper_bound":0.308045002740976},"point_estimate":0.3067552107125684,"standard_error":0.0010213543131284287}}