{"mean":{"confidence_interval":{"confidence_level":0.95,"lower_bound":0.2858824740482106,"upper_bound":0.29186581752156987},"point_estimate":0.2889110662049452,"standard_error":0.0015321614887092258},"median":{"confidence_interval":{"confidence_level":0.95,"lower_bound":0.28672059205069744,"upper_bound":0.2904621819375899},"point_estimate":0.28864352167149354,"standard_error":0.0009886407351048596}}