{"mean":{"confidence_interval":{"confidence_level":0.95,"lower_bound":0.2937002308322535,"upper_bound":0.30138462114998127},"point_estimate":0.2972984443854305,"standard_error":0.0019640088092981426},"median":{"confidence_interval":{"confidence_level":0.95,"lower_bound":0.2910080657771761,"upper_bound":0.2944173455225144},"point_estimate":0.2922370229217772,"standard_error":0.0008568277595010854}}