{"mean":{"confidence_interval":{"confidence_level":0.95,"lower_bound":0.28476413179191695,"upper_bound":0.2960586852770924},"point_estimate":0.2913870428221801,"standard_error":0.0029527451554614446},"median":{"confidence_interval":{"confidence_level":0.95,"lower_bound":0.2893806060812878,"upper_bound":0.2981928072452613},"point_estimate":0.2946652119974471,"standard_error":0.002323603544722355}}