{"mean":{"confidence_interval":{"confidence_level":0.95,"lower_bound":0.2434868756957689,"upper_bound":0.2544629188533987},"point_estimate":0.24928364180520113,"standard_error":0.002789376356234698},"median":{"confidence_interval":{"confidence_level":0.95,"lower_bound":0.24805145388191707,"upper_bound":0.252499558875543},"point_estimate":0.2504312828874826,"standard_error":0.0010731869430979984}}