{"mean":{"confidence_interval":{"confidence_level":0.95,"lower_bound":0.21126742530761858,"upper_bound":0.215299476400671},"point_estimate":0.21321094680490527,"standard_error":0.0010274597429358052},"median":{"confidence_interval":{"confidence_level":0.95,"lower_bound":0.2106074922471377,"upper_bound":0.21541579145060807},"point_estimate":0.21309679051999386,"standard_error":0.0012802562690738119}}