{"mean":{"confidence_interval":{"confidence_level":0.95,"lower_bound":0.27068035768574594,"upper_bound":0.29463628343874027},"point_estimate":0.2810383080523464,"standard_error":0.006277763860707182},"median":{"confidence_interval":{"confidence_level":0.95,"lower_bound":0.27023450138742133,"upper_bound":0.27402002187740315},"point_estimate":0.27214391280174555,"standard_error":0.0009081505878641117}}