{"mean":{"confidence_interval":{"confidence_level":0.95,"lower_bound":0.19550711873547794,"upper_bound":0.21932045065944725},"point_estimate":0.20826563855464797,"standard_error":0.006079227590914764},"median":{"confidence_interval":{"confidence_level":0.95,"lower_bound":0.20124824333475133,"upper_bound":0.22567516297741852},"point_estimate":0.21061881266510896,"standard_error":0.006489060916430731}}