{"mean":{"confidence_interval":{"confidence_level":0.95,"lower_bound":0.27383842925863194,"upper_bound":0.2818010407122103},"point_estimate":0.2775225995426569,"standard_error":0.0020782034025539557},"median":{"confidence_interval":{"confidence_level":0.95,"lower_bound":0.2723709782657766,"upper_bound":0.28272248220067087},"point_estimate":0.2746624155411901,"standard_error":0.0026480601122950724}}