{"mean":{"confidence_interval":{"confidence_level":0.95,"lower_bound":0.28195188750388456,"upper_bound":0.2953777423945264},"point_estimate":0.28878625328682794,"standard_error":0.0034480190195796704},"median":{"confidence_interval":{"confidence_level":0.95,"lower_bound":0.28181245456250137,"upper_bound":0.297902522348662},"point_estimate":0.2889766699555383,"standard_error":0.004546002623048949}}