{"mean":{"confidence_interval":{"confidence_level":0.95,"lower_bound":0.20946506356193098,"upper_bound":0.21198503470421262},"point_estimate":0.2107538517005496,"standard_error":0.0006468845805448353},"median":{"confidence_interval":{"confidence_level":0.95,"lower_bound":0.20863262669627014,"upper_bound":0.21256629474695998},"point_estimate":0.21121326613233626,"standard_error":0.0011133654640654615}}