{"mean":{"confidence_interval":{"confidence_level":0.95,"lower_bound":0.1763480045589474,"upper_bound":0.18935212650645764},"point_estimate":0.18270416585393745,"standard_error":0.0033158389125128277},"median":{"confidence_interval":{"confidence_level":0.95,"lower_bound":0.1734513732363283,"upper_bound":0.19265367248272214},"point_estimate":0.1852733100620314,"standard_error":0.005055525834370092}}