{"mean":{"confidence_interval":{"confidence_level":0.95,"lower_bound":0.1868983710584321,"upper_bound":0.2047221498886815},"point_estimate":0.19549149487482365,"standard_error":0.0045677578234778055},"median":{"confidence_interval":{"confidence_level":0.95,"lower_bound":0.18161082089634561,"upper_bound":0.20694306707126775},"point_estimate":0.19332021681310962,"standard_error":0.006440128146534216}}