{"mean":{"confidence_interval":{"confidence_level":0.95,"lower_bound":0.20424100348431573,"upper_bound":0.21450725549939476},"point_estimate":0.21009163111297458,"standard_error":0.0026808966731599994},"median":{"confidence_interval":{"confidence_level":0.95,"lower_bound":0.20721794878375732,"upper_bound":0.215487554466951},"point_estimate":0.2139040437905353,"standard_error":0.002183148312164147}}