{"mean":{"confidence_interval":{"confidence_level":0.95,"lower_bound":0.265934544868268,"upper_bound":0.2737727450166768},"point_estimate":0.2698188970522455,"standard_error":0.0020048083376277203},"median":{"confidence_interval":{"confidence_level":0.95,"lower_bound":0.26430175952778767,"upper_bound":0.27502205779440225},"point_estimate":0.2696466504218453,"standard_error":0.0028803550873837142}}