{"mean":{"confidence_interval":{"confidence_level":0.95,"lower_bound":0.26365048077710485,"upper_bound":0.27085388377951036},"point_estimate":0.26741532814720537,"standard_error":0.0018427767935782927},"median":{"confidence_interval":{"confidence_level":0.95,"lower_bound":0.2639744527175336,"upper_bound":0.2709890102184296},"point_estimate":0.26896340609662306,"standard_error":0.0016468779664452343}}