{"mean":{"confidence_interval":{"confidence_level":0.95,"lower_bound":0.3021519014749005,"upper_bound":0.31584004708456426},"point_estimate":0.3087743414323858,"standard_error":0.003420108241452985},"median":{"confidence_interval":{"confidence_level":0.95,"lower_bound":0.2970560833329736,"upper_bound":0.3148633490943502},"point_estimate":0.307919782976386,"standard_error":0.005406352319975904}}