{"mean":{"confidence_interval":{"confidence_level":0.95,"lower_bound":0.27089235197946476,"upper_bound":0.2738329470849759},"point_estimate":0.2723783189139646,"standard_error":0.000743824553125549},"median":{"confidence_interval":{"confidence_level":0.95,"lower_bound":0.27013902403618406,"upper_bound":0.27471958011357933},"point_estimate":0.27262475589349133,"standard_error":0.0010268011396617413}}