{"mean":{"confidence_interval":{"confidence_level":0.95,"lower_bound":48067001.51702382,"upper_bound":48405259.049166664},"point_estimate":48240510.87720238,"standard_error":86034.26681666795},"median":{"confidence_interval":{"confidence_level":0.95,"lower_bound":48110482.6875,"upper_bound":48370965.08333333},"point_estimate":48269850.175,"standard_error":85673.1798291068},"median_abs_dev":{"confidence_interval":{"confidence_level":0.95,"lower_bound":16243.36531162262,"upper_bound":474855.5425908767},"point_estimate":153637.25156739613,"standard_error":110201.02616153473},"slope":{"confidence_interval":{"confidence_level":0.95,"lower_bound":48001622.87568981,"upper_bound":48379359.413978495},"point_estimate":48200232.05064935,"standard_error":94971.8436972112},"std_dev":{"confidence_interval":{"confidence_level":0.95,"lower_bound":106697.84787866495,"upper_bound":400620.4393571358},"point_estimate":287143.648447195,"standard_error":76637.47767992584}}