{"mean":{"confidence_interval":{"confidence_level":0.95,"lower_bound":0.22569126194209663,"upper_bound":0.23642378378678722},"point_estimate":0.23222965145213648,"standard_error":0.002932514424593935},"median":{"confidence_interval":{"confidence_level":0.95,"lower_bound":0.23188389810305798,"upper_bound":0.23761966093817533},"point_estimate":0.2359993613133189,"standard_error":0.0017086337677373925}}