{"mean":{"confidence_interval":{"confidence_level":0.95,"lower_bound":0.2661101001623084,"upper_bound":0.2755643982032328},"point_estimate":0.27090157320522845,"standard_error":0.002409147617092849},"median":{"confidence_interval":{"confidence_level":0.95,"lower_bound":0.2645622325762276,"upper_bound":0.2760301021405378},"point_estimate":0.2703264434302879,"standard_error":0.003279945761538457}}