{"mean":{"confidence_interval":{"confidence_level":0.95,"lower_bound":0.253197418140378,"upper_bound":0.26832212582025},"point_estimate":0.26003819934799055,"standard_error":0.0038543637039999278},"median":{"confidence_interval":{"confidence_level":0.95,"lower_bound":0.25147667358455195,"upper_bound":0.2680868672934542},"point_estimate":0.25803903075567236,"standard_error":0.004391686243646818}}