{"mean":{"confidence_interval":{"confidence_level":0.95,"lower_bound":0.2237565288486687,"upper_bound":0.2331700775831703},"point_estimate":0.22801998362724962,"standard_error":0.0023958342761436742},"median":{"confidence_interval":{"confidence_level":0.95,"lower_bound":0.2205224309367293,"upper_bound":0.23188757219027356},"point_estimate":0.22743016584620035,"standard_error":0.002961306502031571}}