{"mean":{"confidence_interval":{"confidence_level":0.95,"lower_bound":0.2030680590606405,"upper_bound":0.23965837557545414},"point_estimate":0.22152997061300206,"standard_error":0.00934236605874345},"median":{"confidence_interval":{"confidence_level":0.95,"lower_bound":0.19680066335138768,"upper_bound":0.2529280138149803},"point_estimate":0.20806927743872117,"standard_error":0.013159064003023264}}