{"mean":{"confidence_interval":{"confidence_level":0.95,"lower_bound":0.17556348296731525,"upper_bound":0.1803298416554145},"point_estimate":0.17791543303242507,"standard_error":0.0012122799232151859},"median":{"confidence_interval":{"confidence_level":0.95,"lower_bound":0.17473598275284385,"upper_bound":0.17999284145954886},"point_estimate":0.1762519619370959,"standard_error":0.0013058241472514484}}