{"mean":{"confidence_interval":{"confidence_level":0.95,"lower_bound":0.12236274529932287,"upper_bound":0.1388360333119952},"point_estimate":0.1302851448977942,"standard_error":0.00422811605830672},"median":{"confidence_interval":{"confidence_level":0.95,"lower_bound":0.11754113506568586,"upper_bound":0.1364838566597666},"point_estimate":0.12800170972040759,"standard_error":0.004692802609658548}}