{"mean":{"confidence_interval":{"confidence_level":0.95,"lower_bound":0.1780471672867535,"upper_bound":0.20117783825614738},"point_estimate":0.1895828288569068,"standard_error":0.005922128220810548},"median":{"confidence_interval":{"confidence_level":0.95,"lower_bound":0.16882132141302697,"upper_bound":0.20611192754368224},"point_estimate":0.19017681253029028,"standard_error":0.009499657229153654}}