{"mean":{"confidence_interval":{"confidence_level":0.95,"lower_bound":0.22311014965692025,"upper_bound":0.2270253334046964},"point_estimate":0.2249373985769354,"standard_error":0.0010056635339694424},"median":{"confidence_interval":{"confidence_level":0.95,"lower_bound":0.22186704960538828,"upper_bound":0.22614937249398248},"point_estimate":0.22443470898139073,"standard_error":0.0010282696904279872}}