{"mean":{"confidence_interval":{"confidence_level":0.95,"lower_bound":0.1194678254731324,"upper_bound":0.14346590881827914},"point_estimate":0.13126323814250673,"standard_error":0.0061325244864306695},"median":{"confidence_interval":{"confidence_level":0.95,"lower_bound":0.11404598553472756,"upper_bound":0.14959368634053516},"point_estimate":0.13109196075889162,"standard_error":0.009135497642532719}}