{"mean":{"confidence_interval":{"confidence_level":0.95,"lower_bound":0.24920721133912008,"upper_bound":0.25487945329596556},"point_estimate":0.2520364898602523,"standard_error":0.001450269694112218},"median":{"confidence_interval":{"confidence_level":0.95,"lower_bound":0.24753971217875792,"upper_bound":0.25706429415339227},"point_estimate":0.2514133361872446,"standard_error":0.0025690249426077224}}