{"mean":{"confidence_interval":{"confidence_level":0.95,"lower_bound":0.28040630654962984,"upper_bound":0.28653684832502957},"point_estimate":0.28341913331026714,"standard_error":0.0016111950900441216},"median":{"confidence_interval":{"confidence_level":0.95,"lower_bound":0.2793452329874666,"upper_bound":0.28873367897362234},"point_estimate":0.2839356727126727,"standard_error":0.0028603796375385607}}