{"mean":{"confidence_interval":{"confidence_level":0.95,"lower_bound":0.26613115672923093,"upper_bound":0.2767529200219831},"point_estimate":0.27092362369302125,"standard_error":0.0027166479924538053},"median":{"confidence_interval":{"confidence_level":0.95,"lower_bound":0.26413692460168914,"upper_bound":0.27278637533558325},"point_estimate":0.26780756412626605,"standard_error":0.0023779787880491687}}