{"mean":{"confidence_interval":{"confidence_level":0.95,"lower_bound":185683731.04500002,"upper_bound":186701036.00083333},"point_estimate":186203372.76666668,"standard_error":261165.50978578054},"median":{"confidence_interval":{"confidence_level":0.95,"lower_bound":185417738.83333334,"upper_bound":186892448.33333334},"point_estimate":186299689.0,"standard_error":345126.10598215606},"median_abs_dev":{"confidence_interval":{"confidence_level":0.95,"lower_bound":243566.2185758426,"upper_bound":1569790.9368306398},"point_estimate":829548.2908725812,"standard_error":336110.19760727},"slope":null,"std_dev":{"confidence_interval":{"confidence_level":0.95,"lower_bound":484012.4313427536,"upper_bound":1078730.57360108},"point_estimate":867427.9029509339,"standard_error":151608.32899066154}}