{"mean":{"confidence_interval":{"confidence_level":0.95,"lower_bound":0.23075264667268566,"upper_bound":0.2444336521984044},"point_estimate":0.23731155502773227,"standard_error":0.003508237025969771},"median":{"confidence_interval":{"confidence_level":0.95,"lower_bound":0.22668449382225653,"upper_bound":0.24676106337212045},"point_estimate":0.24160462763025792,"standard_error":0.0047248555990633025}}