{"mean":{"confidence_interval":{"confidence_level":0.95,"lower_bound":0.3162833534863288,"upper_bound":0.34524051328293537},"point_estimate":0.33113630249799964,"standard_error":0.007434195189904981},"median":{"confidence_interval":{"confidence_level":0.95,"lower_bound":0.38008333791825466,"upper_bound":0.38398051419041224},"point_estimate":0.38172465254778043,"standard_error":0.0009660579518441971}}