{"mean":{"confidence_interval":{"confidence_level":0.95,"lower_bound":0.30204973131019297,"upper_bound":0.3292224997760108},"point_estimate":0.3145106142315135,"standard_error":0.006835143344798214},"median":{"confidence_interval":{"confidence_level":0.95,"lower_bound":0.3615462032277188,"upper_bound":0.3699296731877306},"point_estimate":0.36403319246144106,"standard_error":0.002493633566708618}}