{"mean":{"confidence_interval":{"confidence_level":0.95,"lower_bound":0.31238556905696513,"upper_bound":0.33956090032415737},"point_estimate":0.3256700502159746,"standard_error":0.006920363284768412},"median":{"confidence_interval":{"confidence_level":0.95,"lower_bound":0.36442330118220345,"upper_bound":0.3736238980269011},"point_estimate":0.36710829324659966,"standard_error":0.002956603451661419}}