{"mean":{"confidence_interval":{"confidence_level":0.95,"lower_bound":0.336138413981116,"upper_bound":0.3722900993193931},"point_estimate":0.3518412512589395,"standard_error":0.009094934634732961},"median":{"confidence_interval":{"confidence_level":0.95,"lower_bound":0.38418657398723166,"upper_bound":0.39904645832531815},"point_estimate":0.38780153086358293,"standard_error":0.0034048744287083826}}