{"mean":{"confidence_interval":{"confidence_level":0.95,"lower_bound":3474586.4234062503,"upper_bound":3550637.246890625},"point_estimate":3513235.695625,"standard_error":19480.41536322883},"median":{"confidence_interval":{"confidence_level":0.95,"lower_bound":3642827.46875,"upper_bound":3653454.25},"point_estimate":3646813.09375,"standard_error":15648.917334942036},"median_abs_dev":{"confidence_interval":{"confidence_level":0.95,"lower_bound":20145.985423587263,"upper_bound":45197.47717883438},"point_estimate":32254.379408620298,"standard_error":11568.243734177957},"slope":null,"std_dev":{"confidence_interval":{"confidence_level":0.95,"lower_bound":181050.2164003196,"upper_bound":204316.13205699177},"point_estimate":196437.8810771247,"standard_error":6060.505982027201}}