{"mean":{"confidence_interval":{"confidence_level":0.95,"lower_bound":0.3312225342927327,"upper_bound":0.3598089751460543},"point_estimate":0.34584129166197286,"standard_error":0.0073804372116686836},"median":{"confidence_interval":{"confidence_level":0.95,"lower_bound":0.39193225159119405,"upper_bound":0.4007932840103108},"point_estimate":0.39632735749632064,"standard_error":0.004292754175307396}}