{"mean":{"confidence_interval":{"confidence_level":0.95,"lower_bound":0.2965559778842651,"upper_bound":0.32346795533432565},"point_estimate":0.3095618659391286,"standard_error":0.0068612546638520564},"median":{"confidence_interval":{"confidence_level":0.95,"lower_bound":0.35355013413385494,"upper_bound":0.36346341630246926},"point_estimate":0.3557641884182303,"standard_error":0.0032870187814854073}}