{"mean":{"confidence_interval":{"confidence_level":0.95,"lower_bound":0.17823252161581593,"upper_bound":0.1863645175179373},"point_estimate":0.18246242328653328,"standard_error":0.002082068001613716},"median":{"confidence_interval":{"confidence_level":0.95,"lower_bound":0.1879376267274786,"upper_bound":0.19215504306137388},"point_estimate":0.19062135039078587,"standard_error":0.0010766501791453806}}