{"mean":{"confidence_interval":{"confidence_level":0.95,"lower_bound":0.22370768891694667,"upper_bound":0.2338166421672049},"point_estimate":0.22880284196430178,"standard_error":0.0025790177231849024},"median":{"confidence_interval":{"confidence_level":0.95,"lower_bound":0.23063248631244737,"upper_bound":0.23719989502923777},"point_estimate":0.23351744551479148,"standard_error":0.0017046755241619585}}