{"mean":{"confidence_interval":{"confidence_level":0.95,"lower_bound":0.1918965103058194,"upper_bound":0.2020996614986844},"point_estimate":0.19716031597048023,"standard_error":0.0026005872534289615},"median":{"confidence_interval":{"confidence_level":0.95,"lower_bound":0.20332972438505137,"upper_bound":0.20773975211991758},"point_estimate":0.205767417241415,"standard_error":0.0011578807805222712}}