{"mean":{"confidence_interval":{"confidence_level":0.95,"lower_bound":0.3145532263266325,"upper_bound":0.31902801951675963},"point_estimate":0.3169804052419165,"standard_error":0.0011431661028064699},"median":{"confidence_interval":{"confidence_level":0.95,"lower_bound":0.3177529203495755,"upper_bound":0.3203595647181403},"point_estimate":0.3189287196986632,"standard_error":0.000725536456843212}}