{"mean":{"confidence_interval":{"confidence_level":0.95,"lower_bound":0.3056586989429597,"upper_bound":0.3089726782484417},"point_estimate":0.3072595254674533,"standard_error":0.0008435227850974334},"median":{"confidence_interval":{"confidence_level":0.95,"lower_bound":0.304712031163469,"upper_bound":0.30796816461296816},"point_estimate":0.30618448709495305,"standard_error":0.0008858946664036686}}