{"mean":{"confidence_interval":{"confidence_level":0.95,"lower_bound":0.32906192137080864,"upper_bound":0.33440447819832175},"point_estimate":0.3317285593852255,"standard_error":0.0013759852053787157},"median":{"confidence_interval":{"confidence_level":0.95,"lower_bound":0.32635644302032984,"upper_bound":0.33855202971780196},"point_estimate":0.3354026609801559,"standard_error":0.004061083449059327}}