{"mean":{"confidence_interval":{"confidence_level":0.95,"lower_bound":317635.29435508937,"upper_bound":318242.31225508515},"point_estimate":317940.76630563877,"standard_error":155.4904734698513},"median":{"confidence_interval":{"confidence_level":0.95,"lower_bound":317488.6049825175,"upper_bound":318404.1546231546},"point_estimate":318015.8881618382,"standard_error":262.9298495614836},"median_abs_dev":{"confidence_interval":{"confidence_level":0.95,"lower_bound":106.98967577536135,"upper_bound":869.7744579849887},"point_estimate":638.6676084516151,"standard_error":190.90623555252554},"slope":{"confidence_interval":{"confidence_level":0.95,"lower_bound":317744.97516064503,"upper_bound":318216.9521996254},"point_estimate":318009.0396149305,"standard_error":120.01610161716906},"std_dev":{"confidence_interval":{"confidence_level":0.95,"lower_bound":323.59607074776306,"upper_bound":633.4476345217232},"point_estimate":518.3564410235651,"standard_error":79.52183811321282}}