{"mean":{"confidence_interval":{"confidence_level":0.95,"lower_bound":938993.8346946797,"upper_bound":940505.3203878251},"point_estimate":939797.353144739,"standard_error":387.0683590244837},"median":{"confidence_interval":{"confidence_level":0.95,"lower_bound":939320.8510309278,"upper_bound":940738.4851804124},"point_estimate":939738.7639911635,"standard_error":363.53791610280547},"median_abs_dev":{"confidence_interval":{"confidence_level":0.95,"lower_bound":223.62192963820513,"upper_bound":2168.265478387125},"point_estimate":713.7672125170888,"standard_error":500.45152836524136},"slope":{"confidence_interval":{"confidence_level":0.95,"lower_bound":939502.1464553212,"upper_bound":940487.9924062369},"point_estimate":939855.8812424688,"standard_error":253.34317913509378},"std_dev":{"confidence_interval":{"confidence_level":0.95,"lower_bound":547.3418104500357,"upper_bound":1789.4102511962158},"point_estimate":1291.125362716993,"standard_error":343.7247708455583}}