{"mean":{"confidence_interval":{"confidence_level":0.95,"lower_bound":187241061.26666665,"upper_bound":188819428.8333333},"point_estimate":187993994.1,"standard_error":404243.5335055367},"median":{"confidence_interval":{"confidence_level":0.95,"lower_bound":187150115.33333334,"upper_bound":188697596.66666666},"point_estimate":187833619.3333333,"standard_error":478517.7903442186},"median_abs_dev":{"confidence_interval":{"confidence_level":0.95,"lower_bound":198258.95178021473,"upper_bound":2192018.3777838796},"point_estimate":1061353.785157174,"standard_error":503157.73610189825},"slope":null,"std_dev":{"confidence_interval":{"confidence_level":0.95,"lower_bound":606298.3270397816,"upper_bound":1857943.8425722523},"point_estimate":1350656.7801299624,"standard_error":336063.83283539664}}