{"mean":{"confidence_interval":{"confidence_level":0.95,"lower_bound":8110945.15173611,"upper_bound":8195810.100600695},"point_estimate":8146500.967953043,"standard_error":22187.50141421136},"median":{"confidence_interval":{"confidence_level":0.95,"lower_bound":8104107.5,"upper_bound":8168735.400297619},"point_estimate":8114518.534375,"standard_error":16214.395879279633},"median_abs_dev":{"confidence_interval":{"confidence_level":0.95,"lower_bound":4695.653571635208,"upper_bound":79893.68158438196},"point_estimate":18854.151279646398,"standard_error":19946.32115817851},"slope":{"confidence_interval":{"confidence_level":0.95,"lower_bound":8107100.065,"upper_bound":8161864.811366422},"point_estimate":8126482.748701299,"standard_error":14443.989845892444},"std_dev":{"confidence_interval":{"confidence_level":0.95,"lower_bound":10613.514475470676,"upper_bound":106765.98153948435},"point_estimate":74093.56188714945,"standard_error":26865.352409574585}}