{"mean":{"confidence_interval":{"confidence_level":0.95,"lower_bound":483178.19495803904,"upper_bound":486142.3521385977},"point_estimate":484393.04333592334,"standard_error":777.9080773293554},"median":{"confidence_interval":{"confidence_level":0.95,"lower_bound":482571.749122807,"upper_bound":483634.2346938775},"point_estimate":483131.341374269,"standard_error":274.7024595901668},"median_abs_dev":{"confidence_interval":{"confidence_level":0.95,"lower_bound":1403.885338656998,"upper_bound":2273.7103444126988},"point_estimate":1743.5037312785537,"standard_error":213.14282463614657},"slope":{"confidence_interval":{"confidence_level":0.95,"lower_bound":482424.97968893923,"upper_bound":486782.9003997018},"point_estimate":484177.74177331163,"standard_error":1144.9863868749912},"std_dev":{"confidence_interval":{"confidence_level":0.95,"lower_bound":1853.028328612123,"upper_bound":12553.13009903913},"point_estimate":7820.362184802511,"standard_error":3026.2560863232966}}