{"mean":{"confidence_interval":{"confidence_level":0.95,"lower_bound":4.513975872692178,"upper_bound":5.518302554158833},"point_estimate":5.052352041190985,"standard_error":0.2622513667525688},"median":{"confidence_interval":{"confidence_level":0.95,"lower_bound":5.536500438760041,"upper_bound":6.157832635621756},"point_estimate":5.79078013782704,"standard_error":0.15585742324078466}}