{"mean":{"confidence_interval":{"confidence_level":0.95,"lower_bound":10.441827147971372,"upper_bound":10.8794506150885},"point_estimate":10.665929188863355,"standard_error":0.11141026069249195},"median":{"confidence_interval":{"confidence_level":0.95,"lower_bound":11.189504539158285,"upper_bound":11.280837167539469},"point_estimate":11.230085018363846,"standard_error":0.024206148578288195}}