{"mean":{"confidence_interval":{"confidence_level":0.95,"lower_bound":38530.56501309476,"upper_bound":38730.96925431368},"point_estimate":38630.419689106,"standard_error":51.32748658158858},"median":{"confidence_interval":{"confidence_level":0.95,"lower_bound":38605.343076923076,"upper_bound":38782.8624260355},"point_estimate":38708.28974358975,"standard_error":46.55675073699289},"median_abs_dev":{"confidence_interval":{"confidence_level":0.95,"lower_bound":363.65900127917655,"upper_bound":688.4865131907442},"point_estimate":473.65881976395843,"standard_error":80.2815806517568},"slope":{"confidence_interval":{"confidence_level":0.95,"lower_bound":38391.0678448664,"upper_bound":38709.60762749554},"point_estimate":38546.96049323073,"standard_error":81.71756834143189},"std_dev":{"confidence_interval":{"confidence_level":0.95,"lower_bound":446.1807718656132,"upper_bound":578.5190038830868},"point_estimate":515.298601913926,"standard_error":33.96760149786726}}