{"mean":{"confidence_interval":{"confidence_level":0.95,"lower_bound":4.524995938627263,"upper_bound":4.85226395580439},"point_estimate":4.679536859567315,"standard_error":0.08168417327778192},"median":{"confidence_interval":{"confidence_level":0.95,"lower_bound":4.667558653006319,"upper_bound":4.907433890906044},"point_estimate":4.768227742422812,"standard_error":0.05734475400266066}}