{"mean":{"confidence_interval":{"confidence_level":0.95,"lower_bound":4.848421575660372,"upper_bound":5.3309540047699695},"point_estimate":5.078723545504599,"standard_error":0.11993459990739037},"median":{"confidence_interval":{"confidence_level":0.95,"lower_bound":4.946245012254462,"upper_bound":5.650254985044298},"point_estimate":5.072056966910959,"standard_error":0.17968275264540162}}