{"mean":{"confidence_interval":{"confidence_level":0.95,"lower_bound":7.886346088819823,"upper_bound":7.939332790676171},"point_estimate":7.912063391961979,"standard_error":0.013805194414365006},"median":{"confidence_interval":{"confidence_level":0.95,"lower_bound":7.86151777131488,"upper_bound":7.918341306307468},"point_estimate":7.8947697226635345,"standard_error":0.014769858639171702}}