{"mean":{"confidence_interval":{"confidence_level":0.95,"lower_bound":6.0997524680990995,"upper_bound":6.523299191616006},"point_estimate":6.301854099028462,"standard_error":0.10581025065377911},"median":{"confidence_interval":{"confidence_level":0.95,"lower_bound":5.813931277370936,"upper_bound":6.627650071650215},"point_estimate":6.141317985682172,"standard_error":0.21315660918679838}}