{"mean":{"confidence_interval":{"confidence_level":0.95,"lower_bound":3636018.559946428,"upper_bound":3664833.248464286},"point_estimate":3649679.4064285727,"standard_error":7372.74501217723},"median":{"confidence_interval":{"confidence_level":0.95,"lower_bound":3617486.9285714286,"upper_bound":3642757.6428571427},"point_estimate":3628589.0714285714,"standard_error":6570.153668049292},"median_abs_dev":{"confidence_interval":{"confidence_level":0.95,"lower_bound":35067.83127742095,"upper_bound":59521.35869328485},"point_estimate":45425.06289354387,"standard_error":6658.563841787801},"slope":null,"std_dev":{"confidence_interval":{"confidence_level":0.95,"lower_bound":53560.69596217971,"upper_bound":91259.6141460977},"point_estimate":73944.36252448328,"standard_error":9624.377861190422}}