{"mean":{"confidence_interval":{"confidence_level":0.95,"lower_bound":4.890409231149672,"upper_bound":5.188577511975126},"point_estimate":5.0374023234452405,"standard_error":0.07543277567527955},"median":{"confidence_interval":{"confidence_level":0.95,"lower_bound":4.87955093257672,"upper_bound":5.124053936204736},"point_estimate":4.966631906374864,"standard_error":0.059664113266132704}}