{"mean":{"confidence_interval":{"confidence_level":0.95,"lower_bound":7.655001654125694,"upper_bound":7.714278791922521},"point_estimate":7.683600094349851,"standard_error":0.01507689622546135},"median":{"confidence_interval":{"confidence_level":0.95,"lower_bound":7.645108169082945,"upper_bound":7.6786537189868},"point_estimate":7.664470641946561,"standard_error":0.008299016250193603}}