{"mean":{"confidence_interval":{"confidence_level":0.95,"lower_bound":7.195255240852649,"upper_bound":7.283632314001788},"point_estimate":7.240359390646239,"standard_error":0.022518525488876694},"median":{"confidence_interval":{"confidence_level":0.95,"lower_bound":7.252303504036828,"upper_bound":7.315260618275753},"point_estimate":7.279256720462294,"standard_error":0.016856052347483795}}