{"mean":{"confidence_interval":{"confidence_level":0.95,"lower_bound":7.465319803724512,"upper_bound":7.537909341866621},"point_estimate":7.500344726636566,"standard_error":0.018509342743891447},"median":{"confidence_interval":{"confidence_level":0.95,"lower_bound":7.455642661662862,"upper_bound":7.515469030421855},"point_estimate":7.480891155863722,"standard_error":0.016084777179497384}}