{"mean":{"confidence_interval":{"confidence_level":0.95,"lower_bound":43578181.45445502,"upper_bound":43819032.338928565},"point_estimate":43693639.62596561,"standard_error":61506.70101390169},"median":{"confidence_interval":{"confidence_level":0.95,"lower_bound":43543754.333333336,"upper_bound":43817823.520833336},"point_estimate":43666362.15343915,"standard_error":64613.01459487844},"median_abs_dev":{"confidence_interval":{"confidence_level":0.95,"lower_bound":39141.7371350961,"upper_bound":340191.3960203882},"point_estimate":191708.08379649933,"standard_error":81313.35235982385},"slope":{"confidence_interval":{"confidence_level":0.95,"lower_bound":43572229.65551425,"upper_bound":43693686.79765708},"point_estimate":43637779.95064935,"standard_error":30377.00354266618},"std_dev":{"confidence_interval":{"confidence_level":0.95,"lower_bound":98310.25517282789,"upper_bound":268084.8158247445},"point_estimate":205076.47291371803,"standard_error":43748.4766549597}}