{"mean":{"confidence_interval":{"confidence_level":0.95,"lower_bound":265070953.75,"upper_bound":266687753.22875},"point_estimate":265907899.15,"standard_error":414432.4586156205},"median":{"confidence_interval":{"confidence_level":0.95,"lower_bound":264714357.0,"upper_bound":266993635.25},"point_estimate":265890988.0,"standard_error":518519.5913635922},"median_abs_dev":{"confidence_interval":{"confidence_level":0.95,"lower_bound":138929.99573349953,"upper_bound":2563468.357439339},"point_estimate":1360314.7571995854,"standard_error":623241.5513282253},"slope":null,"std_dev":{"confidence_interval":{"confidence_level":0.95,"lower_bound":698108.0943274994,"upper_bound":1734004.3390585997},"point_estimate":1378452.1366392379,"standard_error":263855.8841646721}}