{"mean":{"confidence_interval":{"confidence_level":0.95,"lower_bound":126603212.4393214,"upper_bound":128154046.01015873},"point_estimate":127415912.69313493,"standard_error":397030.5401586512},"median":{"confidence_interval":{"confidence_level":0.95,"lower_bound":126522760.77777778,"upper_bound":128561726.71428572},"point_estimate":127521707.8125,"standard_error":484617.79973297205},"median_abs_dev":{"confidence_interval":{"confidence_level":0.95,"lower_bound":324613.4851169542,"upper_bound":2224036.9739354365},"point_estimate":1271042.017767828,"standard_error":487373.6519950442},"slope":{"confidence_interval":{"confidence_level":0.95,"lower_bound":126297330.15611814,"upper_bound":127601966.7076072},"point_estimate":126994847.74805194,"standard_error":326315.0519511146},"std_dev":{"confidence_interval":{"confidence_level":0.95,"lower_bound":678377.6697034092,"upper_bound":1736834.9289899075},"point_estimate":1324961.7862731272,"standard_error":281559.9823193943}}