{"mean":{"confidence_interval":{"confidence_level":0.95,"lower_bound":0.22954556231114012,"upper_bound":0.23830334818755045},"point_estimate":0.23427671675549222,"standard_error":0.0022360046547997134},"median":{"confidence_interval":{"confidence_level":0.95,"lower_bound":0.23471871484102177,"upper_bound":0.2385399572419289},"point_estimate":0.23697581498239328,"standard_error":0.0008926070707208405}}