{"mean":{"confidence_interval":{"confidence_level":0.95,"lower_bound":0.21261439728511944,"upper_bound":0.2218123776212437},"point_estimate":0.21678867081790143,"standard_error":0.0023486391711881197},"median":{"confidence_interval":{"confidence_level":0.95,"lower_bound":0.21306966914047187,"upper_bound":0.2173868751558916},"point_estimate":0.21489325901780454,"standard_error":0.0011064794339712208}}