{"mean":{"confidence_interval":{"confidence_level":0.95,"lower_bound":367285.22020242905,"upper_bound":368516.0067476692},"point_estimate":367890.25223133,"standard_error":312.9083323551469},"median":{"confidence_interval":{"confidence_level":0.95,"lower_bound":366988.7653061224,"upper_bound":368256.3728813559},"point_estimate":367676.5485588972,"standard_error":276.7896359670808},"median_abs_dev":{"confidence_interval":{"confidence_level":0.95,"lower_bound":1734.074010464562,"upper_bound":2773.505883687177},"point_estimate":2214.892654250798,"standard_error":268.3511147359541},"slope":{"confidence_interval":{"confidence_level":0.95,"lower_bound":367943.89778647374,"upper_bound":369222.8793796153},"point_estimate":368535.55666715925,"standard_error":325.72360710212456},"std_dev":{"confidence_interval":{"confidence_level":0.95,"lower_bound":2366.022373041097,"upper_bound":3904.8470165992308},"point_estimate":3142.435182933242,"standard_error":395.884107902259}}