{"mean":{"confidence_interval":{"confidence_level":0.95,"lower_bound":0.22188755683267336,"upper_bound":0.23295874871010047},"point_estimate":0.22839547033198793,"standard_error":0.002888520901431063},"median":{"confidence_interval":{"confidence_level":0.95,"lower_bound":0.22698018251582464,"upper_bound":0.23458957143378245},"point_estimate":0.23150623480093335,"standard_error":0.002043176791623088}}