{"mean":{"confidence_interval":{"confidence_level":0.95,"lower_bound":0.1857332426378949,"upper_bound":0.1900047221278401},"point_estimate":0.18776543326043327,"standard_error":0.0010892019704077036},"median":{"confidence_interval":{"confidence_level":0.95,"lower_bound":0.18506173349847344,"upper_bound":0.1897952749111873},"point_estimate":0.18758464300444144,"standard_error":0.001246995305849833}}