{"mean":{"confidence_interval":{"confidence_level":0.95,"lower_bound":0.23448709429570155,"upper_bound":0.23826821406549653},"point_estimate":0.23641536994863022,"standard_error":0.0009668027211347685},"median":{"confidence_interval":{"confidence_level":0.95,"lower_bound":0.23512510851878465,"upper_bound":0.23879731693822426},"point_estimate":0.2367124194729675,"standard_error":0.0009797388317029352}}