{"mean":{"confidence_interval":{"confidence_level":0.95,"lower_bound":0.3538669444159426,"upper_bound":0.3679179257626595},"point_estimate":0.3612293714699295,"standard_error":0.0035468199963933507},"median":{"confidence_interval":{"confidence_level":0.95,"lower_bound":0.3517577265106355,"upper_bound":0.37472689262557224},"point_estimate":0.3589391978459642,"standard_error":0.005278936770911657}}