{"mean":{"confidence_interval":{"confidence_level":0.95,"lower_bound":190565593.8725,"upper_bound":191645281.7333333},"point_estimate":191110856.56666666,"standard_error":277531.31043169886},"median":{"confidence_interval":{"confidence_level":0.95,"lower_bound":190299304.66666666,"upper_bound":192072991.33333334},"point_estimate":191131801.83333334,"standard_error":419465.73873447574},"median_abs_dev":{"confidence_interval":{"confidence_level":0.95,"lower_bound":176949.5423584882,"upper_bound":1635725.1228600298},"point_estimate":1314833.9026570467,"standard_error":395220.5297410356},"slope":null,"std_dev":{"confidence_interval":{"confidence_level":0.95,"lower_bound":540325.4742245133,"upper_bound":1112705.6206757047},"point_estimate":925609.6204753345,"standard_error":143148.86775664048}}