{"mean":{"confidence_interval":{"confidence_level":0.95,"lower_bound":0.29482451990033415,"upper_bound":0.3127742992765971},"point_estimate":0.30369551340811407,"standard_error":0.004591130663061403},"median":{"confidence_interval":{"confidence_level":0.95,"lower_bound":0.29073586336613877,"upper_bound":0.31804814124316527},"point_estimate":0.3073714652867445,"standard_error":0.006983547895596566}}