{"mean":{"confidence_interval":{"confidence_level":0.95,"lower_bound":0.26918697512734596,"upper_bound":0.2877297683775505},"point_estimate":0.278169836864647,"standard_error":0.0047334799246402355},"median":{"confidence_interval":{"confidence_level":0.95,"lower_bound":0.2697466283630332,"upper_bound":0.28061363329506817},"point_estimate":0.2769044223482713,"standard_error":0.003538418582023145}}