{"mean":{"confidence_interval":{"confidence_level":0.95,"lower_bound":0.24330120332612848,"upper_bound":0.2518967493566989},"point_estimate":0.2479337795441101,"standard_error":0.002215139085095133},"median":{"confidence_interval":{"confidence_level":0.95,"lower_bound":0.2467736167120269,"upper_bound":0.25198392325925867},"point_estimate":0.24981755279012985,"standard_error":0.001562107201187641}}