{"mean":{"confidence_interval":{"confidence_level":0.95,"lower_bound":259726991.16125,"upper_bound":261933132.35},"point_estimate":260848572.85,"standard_error":564426.202024222},"median":{"confidence_interval":{"confidence_level":0.95,"lower_bound":259666378.75,"upper_bound":262376838.5},"point_estimate":260700455.25,"standard_error":640257.3276899421},"median_abs_dev":{"confidence_interval":{"confidence_level":0.95,"lower_bound":333865.9467726946,"upper_bound":3363795.838330686},"point_estimate":1727989.9137720466,"standard_error":845803.7265278967},"slope":null,"std_dev":{"confidence_interval":{"confidence_level":0.95,"lower_bound":1028107.7019492183,"upper_bound":2430059.16986518},"point_estimate":1878872.2713748924,"standard_error":369649.5564347365}}