{"mean":{"confidence_interval":{"confidence_level":0.95,"lower_bound":5032443.919376566,"upper_bound":5079671.35170426},"point_estimate":5052447.239256474,"standard_error":12325.514399600492},"median":{"confidence_interval":{"confidence_level":0.95,"lower_bound":5036975.2894736845,"upper_bound":5056970.644736841},"point_estimate":5043511.371345029,"standard_error":5808.567267702798},"median_abs_dev":{"confidence_interval":{"confidence_level":0.95,"lower_bound":2773.832705491739,"upper_bound":38722.62839404542},"point_estimate":10463.052653717174,"standard_error":9268.73028528781},"slope":{"confidence_interval":{"confidence_level":0.95,"lower_bound":5018119.1307684,"upper_bound":5083160.51213663},"point_estimate":5044160.597812714,"standard_error":16608.68150052272},"std_dev":{"confidence_interval":{"confidence_level":0.95,"lower_bound":6564.297856189569,"upper_bound":60349.65737784646},"point_estimate":40665.16707034878,"standard_error":15993.65277501836}}