{"mean":{"confidence_interval":{"confidence_level":0.95,"lower_bound":0.22073751799124955,"upper_bound":0.22547718854804757},"point_estimate":0.22312249597679856,"standard_error":0.0012028168185955496},"median":{"confidence_interval":{"confidence_level":0.95,"lower_bound":0.22098532065187548,"upper_bound":0.22515296041114286},"point_estimate":0.2237663942694934,"standard_error":0.0010439916577759227}}