{"mean":{"confidence_interval":{"confidence_level":0.95,"lower_bound":0.30572350090094746,"upper_bound":0.34665912295581575},"point_estimate":0.32120800976766417,"standard_error":0.010902107974814465},"median":{"confidence_interval":{"confidence_level":0.95,"lower_bound":0.30537015039964155,"upper_bound":0.3215103691374589},"point_estimate":0.3126921809624972,"standard_error":0.0044756077954140215}}