{"mean":{"confidence_interval":{"confidence_level":0.95,"lower_bound":0.29678456871840764,"upper_bound":0.3149399540037917},"point_estimate":0.30529743558022204,"standard_error":0.004654910733543744},"median":{"confidence_interval":{"confidence_level":0.95,"lower_bound":0.2919634280813983,"upper_bound":0.31442082441079267},"point_estimate":0.2998765367342404,"standard_error":0.005931613004667778}}