{"mean":{"confidence_interval":{"confidence_level":0.95,"lower_bound":0.23454161462353615,"upper_bound":0.2660387051736137},"point_estimate":0.25023310290751755,"standard_error":0.007942495388168798},"median":{"confidence_interval":{"confidence_level":0.95,"lower_bound":0.23233916358835294,"upper_bound":0.2642289211738962},"point_estimate":0.2508920405232633,"standard_error":0.008552603530848734}}