{"mean":{"confidence_interval":{"confidence_level":0.95,"lower_bound":0.24753816174616589,"upper_bound":0.25951449178415936},"point_estimate":0.2529681210786441,"standard_error":0.003124412671242124},"median":{"confidence_interval":{"confidence_level":0.95,"lower_bound":0.24644731715023105,"upper_bound":0.2552848131685408},"point_estimate":0.25213723490015605,"standard_error":0.002326256537150796}}