{"mean":{"confidence_interval":{"confidence_level":0.95,"lower_bound":0.20127879153473419,"upper_bound":0.2040178902969595},"point_estimate":0.202656108701329,"standard_error":0.0007024957610845543},"median":{"confidence_interval":{"confidence_level":0.95,"lower_bound":0.20083353307974083,"upper_bound":0.2046115906774928},"point_estimate":0.20312491232923113,"standard_error":0.0009244118672447187}}