{"mean":{"confidence_interval":{"confidence_level":0.95,"lower_bound":0.3659103485135676,"upper_bound":0.3896483815916315},"point_estimate":0.3775263730282721,"standard_error":0.006090347518671277},"median":{"confidence_interval":{"confidence_level":0.95,"lower_bound":0.36375626758153,"upper_bound":0.391169820838031},"point_estimate":0.37100353800839714,"standard_error":0.00651381711876145}}