{"mean":{"confidence_interval":{"confidence_level":0.95,"lower_bound":0.311196196118976,"upper_bound":0.3203234796148494},"point_estimate":0.3159917804123933,"standard_error":0.002446144567655622},"median":{"confidence_interval":{"confidence_level":0.95,"lower_bound":0.30993537270698734,"upper_bound":0.32013649672680633},"point_estimate":0.3160144311311468,"standard_error":0.0027258790673575085}}