{"mean":{"confidence_interval":{"confidence_level":0.95,"lower_bound":2157820.2231311416,"upper_bound":2169424.593294926},"point_estimate":2164581.6654327284,"standard_error":3040.3256465266804},"median":{"confidence_interval":{"confidence_level":0.95,"lower_bound":2162250.273809524,"upper_bound":2170560.983843537},"point_estimate":2167252.843121693,"standard_error":2503.3970710973754},"median_abs_dev":{"confidence_interval":{"confidence_level":0.95,"lower_bound":709.5488140701623,"upper_bound":10688.418731671172},"point_estimate":6386.409699118547,"standard_error":2465.364702324324},"slope":{"confidence_interval":{"confidence_level":0.95,"lower_bound":2164888.409056461,"upper_bound":2169983.8587246183},"point_estimate":2167419.437167594,"standard_error":1287.9507615983057},"std_dev":{"confidence_interval":{"confidence_level":0.95,"lower_bound":3087.8915523241512,"upper_bound":15032.786709181633},"point_estimate":10153.136944926026,"standard_error":3786.1854506604946}}