{"mean":{"confidence_interval":{"confidence_level":0.95,"lower_bound":0.21690702241732815,"upper_bound":0.22004751781128445},"point_estimate":0.21854151001088873,"standard_error":0.0008205277880287955},"median":{"confidence_interval":{"confidence_level":0.95,"lower_bound":0.21741289925478258,"upper_bound":0.2204178921734361},"point_estimate":0.21872422386871704,"standard_error":0.0006605570478976984}}