{"mean":{"confidence_interval":{"confidence_level":0.95,"lower_bound":0.1891494278436814,"upper_bound":0.20405830995285923},"point_estimate":0.19645364761412853,"standard_error":0.00375446582520409},"median":{"confidence_interval":{"confidence_level":0.95,"lower_bound":0.1854022046185908,"upper_bound":0.20641340280885911},"point_estimate":0.19352890227824648,"standard_error":0.005800834230751292}}