{"mean":{"confidence_interval":{"confidence_level":0.95,"lower_bound":0.23712068749547302,"upper_bound":0.24495897077020762},"point_estimate":0.24139241493854113,"standard_error":0.0020187184242711482},"median":{"confidence_interval":{"confidence_level":0.95,"lower_bound":0.23890842711948612,"upper_bound":0.24691324433056594},"point_estimate":0.2413226093558476,"standard_error":0.002267997080292864}}