{"mean":{"confidence_interval":{"confidence_level":0.95,"lower_bound":0.20038337642290927,"upper_bound":0.21590884816975586},"point_estimate":0.2083355723615723,"standard_error":0.003976219928055224},"median":{"confidence_interval":{"confidence_level":0.95,"lower_bound":0.19789621632062737,"upper_bound":0.21931729937324107},"point_estimate":0.2089698321280844,"standard_error":0.005351079559162931}}