{"mean":{"confidence_interval":{"confidence_level":0.95,"lower_bound":0.23908209762039961,"upper_bound":0.25005173561420946},"point_estimate":0.24568640096095495,"standard_error":0.0029749286780387614},"median":{"confidence_interval":{"confidence_level":0.95,"lower_bound":0.24503008298837958,"upper_bound":0.2514402342862534},"point_estimate":0.249258193123562,"standard_error":0.0017724236694099506}}