{"mean":{"confidence_interval":{"confidence_level":0.95,"lower_bound":0.24383522595596194,"upper_bound":0.24627087324978908},"point_estimate":0.24501431259359263,"standard_error":0.0006208664696249092},"median":{"confidence_interval":{"confidence_level":0.95,"lower_bound":0.24315527456830566,"upper_bound":0.24653827043633636},"point_estimate":0.24483803742187704,"standard_error":0.0008236940404529535}}