{"mean":{"confidence_interval":{"confidence_level":0.95,"lower_bound":0.3301527276288976,"upper_bound":0.35883674312937386},"point_estimate":0.3418124267744558,"standard_error":0.007643819074870533},"median":{"confidence_interval":{"confidence_level":0.95,"lower_bound":0.3297751132520781,"upper_bound":0.3395586544191469},"point_estimate":0.3338944761131155,"standard_error":0.002846987005680915}}