{"mean":{"confidence_interval":{"confidence_level":0.95,"lower_bound":0.258088559539278,"upper_bound":0.26428790550138653},"point_estimate":0.2613243579099018,"standard_error":0.0015752349979748935},"median":{"confidence_interval":{"confidence_level":0.95,"lower_bound":0.2585933724273852,"upper_bound":0.2633633449168602},"point_estimate":0.259890429244771,"standard_error":0.0013798085830282053}}