{"mean":{"confidence_interval":{"confidence_level":0.95,"lower_bound":0.25250346339153756,"upper_bound":0.2773353724015917},"point_estimate":0.2655507674227626,"standard_error":0.006335577482737139},"median":{"confidence_interval":{"confidence_level":0.95,"lower_bound":0.2483492077577658,"upper_bound":0.2891042190003932},"point_estimate":0.2642671627571489,"standard_error":0.012447592214427405}}