{"mean":{"confidence_interval":{"confidence_level":0.95,"lower_bound":0.16544819451170925,"upper_bound":0.18364772908877675},"point_estimate":0.1745511720308175,"standard_error":0.004666220935503678},"median":{"confidence_interval":{"confidence_level":0.95,"lower_bound":0.1646910866509479,"upper_bound":0.18654546667619276},"point_estimate":0.17659975963397967,"standard_error":0.005579839198498924}}