{"mean":{"confidence_interval":{"confidence_level":0.95,"lower_bound":0.2791300136689228,"upper_bound":0.2855670615076448},"point_estimate":0.28182351730548083,"standard_error":0.0016816714970603426},"median":{"confidence_interval":{"confidence_level":0.95,"lower_bound":0.2783410312757788,"upper_bound":0.2839051901845089},"point_estimate":0.2803841586612452,"standard_error":0.001338544969342672}}