{"mean":{"confidence_interval":{"confidence_level":0.95,"lower_bound":0.22110778132284759,"upper_bound":0.24934594165041296},"point_estimate":0.23478746180660126,"standard_error":0.0072133845081455775},"median":{"confidence_interval":{"confidence_level":0.95,"lower_bound":0.21004172946601307,"upper_bound":0.250854764056891},"point_estimate":0.2313866981702144,"standard_error":0.010299749732968955}}