{"mean":{"confidence_interval":{"confidence_level":0.95,"lower_bound":0.22327583469443488,"upper_bound":0.22946003205457366},"point_estimate":0.22654334881510496,"standard_error":0.0015817462327902356},"median":{"confidence_interval":{"confidence_level":0.95,"lower_bound":0.22538460718244072,"upper_bound":0.23170415509480513},"point_estimate":0.22925234480161194,"standard_error":0.0016302685712063071}}