{"mean":{"confidence_interval":{"confidence_level":0.95,"lower_bound":0.2217986098274937,"upper_bound":0.22520527794857184},"point_estimate":0.2235173701826476,"standard_error":0.0008721881237627888},"median":{"confidence_interval":{"confidence_level":0.95,"lower_bound":0.22171743532320587,"upper_bound":0.22511469494961678},"point_estimate":0.2228134918886091,"standard_error":0.0009010694226404067}}