{"mean":{"confidence_interval":{"confidence_level":0.95,"lower_bound":0.2576549795599097,"upper_bound":0.26521678438232466},"point_estimate":0.26135632421831834,"standard_error":0.002009445732074619},"median":{"confidence_interval":{"confidence_level":0.95,"lower_bound":0.2565972654566657,"upper_bound":0.26047856194089714},"point_estimate":0.25815293043830856,"standard_error":0.0010321952543116432}}