{"mean":{"confidence_interval":{"confidence_level":0.95,"lower_bound":0.22916532587085778,"upper_bound":0.2773117557073261},"point_estimate":0.2472904818488697,"standard_error":0.013223079707401771},"median":{"confidence_interval":{"confidence_level":0.95,"lower_bound":0.22427700264701866,"upper_bound":0.23567462521917015},"point_estimate":0.22580645901965068,"standard_error":0.002654594117925825}}