{"mean":{"confidence_interval":{"confidence_level":0.95,"lower_bound":0.23994313985461302,"upper_bound":0.24856724482803572},"point_estimate":0.24335503712928874,"standard_error":0.0023185044343519553},"median":{"confidence_interval":{"confidence_level":0.95,"lower_bound":0.23679146889251834,"upper_bound":0.2448040022614657},"point_estimate":0.2386768695215029,"standard_error":0.0023208236425841925}}