{"mean":{"confidence_interval":{"confidence_level":0.95,"lower_bound":0.1977408179193753,"upper_bound":0.21158747529143077},"point_estimate":0.20405816493367346,"standard_error":0.0035568734827561388},"median":{"confidence_interval":{"confidence_level":0.95,"lower_bound":0.19481494544842537,"upper_bound":0.20164897622279732},"point_estimate":0.19589181336833583,"standard_error":0.001660115943476778}}