{"mean":{"confidence_interval":{"confidence_level":0.95,"lower_bound":0.22652652080974642,"upper_bound":0.2305446931101952},"point_estimate":0.22863371504991337,"standard_error":0.0010287994019497315},"median":{"confidence_interval":{"confidence_level":0.95,"lower_bound":0.22789202517399443,"upper_bound":0.23107840558868187},"point_estimate":0.22954174679990258,"standard_error":0.000783033459261868}}