{"mean":{"confidence_interval":{"confidence_level":0.95,"lower_bound":0.18929714094510572,"upper_bound":0.20391204335975088},"point_estimate":0.1961957677050905,"standard_error":0.0037784148553774402},"median":{"confidence_interval":{"confidence_level":0.95,"lower_bound":0.19616121406451237,"upper_bound":0.20075059744808366},"point_estimate":0.1993909262382716,"standard_error":0.001198392349799394}}