{"mean":{"confidence_interval":{"confidence_level":0.95,"lower_bound":0.20667825265960632,"upper_bound":0.21477160051075725},"point_estimate":0.2108284372341025,"standard_error":0.002068001945653467},"median":{"confidence_interval":{"confidence_level":0.95,"lower_bound":0.21481406361588928,"upper_bound":0.22011489123876427},"point_estimate":0.21708185133614744,"standard_error":0.0014690580418909305}}