{"mean":{"confidence_interval":{"confidence_level":0.95,"lower_bound":0.19162238156275047,"upper_bound":0.20166187376603906},"point_estimate":0.19680960679979975,"standard_error":0.00255999493857066},"median":{"confidence_interval":{"confidence_level":0.95,"lower_bound":0.20302872731907073,"upper_bound":0.20687128905624297},"point_estimate":0.20493817876266918,"standard_error":0.0009695905599486725}}