{"mean":{"confidence_interval":{"confidence_level":0.95,"lower_bound":0.19224522152624912,"upper_bound":0.20077548340363308},"point_estimate":0.19663869644103937,"standard_error":0.002173304426765958},"median":{"confidence_interval":{"confidence_level":0.95,"lower_bound":0.20210289373205126,"upper_bound":0.2054609060123498},"point_estimate":0.20401707180337203,"standard_error":0.0009187567748003265}}