{"mean":{"confidence_interval":{"confidence_level":0.95,"lower_bound":20090.23063120826,"upper_bound":20134.82137434144},"point_estimate":20109.67448949727,"standard_error":11.469829852112095},"median":{"confidence_interval":{"confidence_level":0.95,"lower_bound":20074.920596226417,"upper_bound":20124.321075268817},"point_estimate":20107.989061962136,"standard_error":14.431065247701424},"median_abs_dev":{"confidence_interval":{"confidence_level":0.95,"lower_bound":61.823389739491915,"upper_bound":94.75992804494597},"point_estimate":83.35124087127285,"standard_error":8.42885536230904},"slope":{"confidence_interval":{"confidence_level":0.95,"lower_bound":20099.09469016752,"upper_bound":20153.995173311567},"point_estimate":20120.699745825328,"standard_error":14.512477777919072},"std_dev":{"confidence_interval":{"confidence_level":0.95,"lower_bound":60.883469223676094,"upper_bound":174.33650139322026},"point_estimate":115.2838860745475,"standard_error":35.46184386042169}}