{"mean":{"confidence_interval":{"confidence_level":0.95,"lower_bound":0.3387346890354216,"upper_bound":0.34924261158902126},"point_estimate":0.3428949079706338,"standard_error":0.0029864056910896128},"median":{"confidence_interval":{"confidence_level":0.95,"lower_bound":0.33823313879278016,"upper_bound":0.34187324009636866},"point_estimate":0.339525256704841,"standard_error":0.0009956844437463853}}