{"mean":{"confidence_interval":{"confidence_level":0.95,"lower_bound":130022.38442486768,"upper_bound":131017.23647683971},"point_estimate":130388.82162448882,"standard_error":283.3753330077057},"median":{"confidence_interval":{"confidence_level":0.95,"lower_bound":129884.46590909091,"upper_bound":130164.41313559322},"point_estimate":129971.29169592696,"standard_error":84.12621108050614},"median_abs_dev":{"confidence_interval":{"confidence_level":0.95,"lower_bound":365.10522279440147,"upper_bound":595.3273871726955},"point_estimate":461.0735129799231,"standard_error":57.96432230050873},"slope":{"confidence_interval":{"confidence_level":0.95,"lower_bound":130063.35413154418,"upper_bound":132680.7664846574},"point_estimate":130948.4796992759,"standard_error":760.0091161729979},"std_dev":{"confidence_interval":{"confidence_level":0.95,"lower_bound":488.1319762296923,"upper_bound":4825.761272504497},"point_estimate":2852.5075686842447,"standard_error":1507.3870931995282}}