{"mean":{"confidence_interval":{"confidence_level":0.95,"lower_bound":0.33371250949633363,"upper_bound":0.33687918732392025},"point_estimate":0.3353820657660942,"standard_error":0.0008070745676301888},"median":{"confidence_interval":{"confidence_level":0.95,"lower_bound":0.33493410231190524,"upper_bound":0.3366756710390122},"point_estimate":0.3357636475923149,"standard_error":0.00044082123449144263}}