{"mean":{"confidence_interval":{"confidence_level":0.95,"lower_bound":848273.714677314,"upper_bound":850628.5722116124},"point_estimate":849325.0717281688,"standard_error":604.9345695956392},"median":{"confidence_interval":{"confidence_level":0.95,"lower_bound":847733.9732142857,"upper_bound":848597.0118055556},"point_estimate":848219.412628866,"standard_error":210.47655940638867},"median_abs_dev":{"confidence_interval":{"confidence_level":0.95,"lower_bound":1973.1060934407035,"upper_bound":3302.6966226154386},"point_estimate":2699.2452260496398,"standard_error":325.9713471546122},"slope":{"confidence_interval":{"confidence_level":0.95,"lower_bound":847981.4705453777,"upper_bound":849411.8208769074},"point_estimate":848639.3732023053,"standard_error":364.39606969760706},"std_dev":{"confidence_interval":{"confidence_level":0.95,"lower_bound":2670.37249865364,"upper_bound":8820.611786959325},"point_estimate":6106.949131034145,"standard_error":1549.428830802683}}