{"mean":{"confidence_interval":{"confidence_level":0.95,"lower_bound":0.3334317566366636,"upper_bound":0.3378910651870961},"point_estimate":0.33527104893586146,"standard_error":0.0011237674351170395},"median":{"confidence_interval":{"confidence_level":0.95,"lower_bound":0.33227682499204736,"upper_bound":0.3352396065552936},"point_estimate":0.3335998315663149,"standard_error":0.0008328299222721872}}