{"mean":{"confidence_interval":{"confidence_level":0.95,"lower_bound":207569.4481416683,"upper_bound":208367.55763177146},"point_estimate":207942.2611644807,"standard_error":203.65332935373505},"median":{"confidence_interval":{"confidence_level":0.95,"lower_bound":207512.9150287065,"upper_bound":207844.41333333333},"point_estimate":207627.82971281296,"standard_error":83.53069965347262},"median_abs_dev":{"confidence_interval":{"confidence_level":0.95,"lower_bound":650.0598842730847,"upper_bound":1219.3044453227242},"point_estimate":915.5833984545168,"standard_error":142.83805921040738},"slope":{"confidence_interval":{"confidence_level":0.95,"lower_bound":207594.9224089205,"upper_bound":208012.59077899993},"point_estimate":207801.29244451012,"standard_error":106.23966492379768},"std_dev":{"confidence_interval":{"confidence_level":0.95,"lower_bound":1238.3944260772628,"upper_bound":2744.7698861874237},"point_estimate":2048.4568544325875,"standard_error":384.13710413706207}}