{"mean":{"confidence_interval":{"confidence_level":0.95,"lower_bound":-0.0734198015372557,"upper_bound":-0.06460508147181969},"point_estimate":-0.06831369356404848,"standard_error":0.0022652691844988397},"median":{"confidence_interval":{"confidence_level":0.95,"lower_bound":-0.06960234656692443,"upper_bound":-0.06407643630190929},"point_estimate":-0.06629774044805514,"standard_error":0.0015071139010856575}}