{"mean":{"confidence_interval":{"confidence_level":0.95,"lower_bound":-0.06347193518211952,"upper_bound":-0.05632007941515035},"point_estimate":-0.059676896675378344,"standard_error":0.0018160580937763063},"median":{"confidence_interval":{"confidence_level":0.95,"lower_bound":-0.06018527828849507,"upper_bound":-0.05739940634437146},"point_estimate":-0.05857872721909951,"standard_error":0.000668330805234904}}