{"mean":{"confidence_interval":{"confidence_level":0.95,"lower_bound":-0.0732794760120931,"upper_bound":-0.06533662170781532},"point_estimate":-0.06952156635626316,"standard_error":0.00205763078640728},"median":{"confidence_interval":{"confidence_level":0.95,"lower_bound":-0.07506511273441208,"upper_bound":-0.07249627681470638},"point_estimate":-0.07386444265223902,"standard_error":0.0006918472290765916}}