{"mean":{"confidence_interval":{"confidence_level":0.95,"lower_bound":-0.0750114208389516,"upper_bound":-0.0703429090665809},"point_estimate":-0.0725968707710547,"standard_error":0.0011887380176612},"median":{"confidence_interval":{"confidence_level":0.95,"lower_bound":-0.07471980571691117,"upper_bound":-0.07120266198687486},"point_estimate":-0.07304221221922425,"standard_error":0.0009651145318010509}}