{"mean":{"confidence_interval":{"confidence_level":0.95,"lower_bound":-0.038007637674570625,"upper_bound":-0.03097944932131373},"point_estimate":-0.034147324903136766,"standard_error":0.0018105345376465873},"median":{"confidence_interval":{"confidence_level":0.95,"lower_bound":-0.03220574338682047,"upper_bound":-0.029402515031910603},"point_estimate":-0.030701502843304862,"standard_error":0.0007221063894263583}}