{"mean":{"confidence_interval":{"confidence_level":0.95,"lower_bound":-0.0470537144162197,"upper_bound":-0.04302922897775838},"point_estimate":-0.04495544798178863,"standard_error":0.0010220970172959251},"median":{"confidence_interval":{"confidence_level":0.95,"lower_bound":-0.04715248868123123,"upper_bound":-0.043415228171273745},"point_estimate":-0.0450085481250726,"standard_error":0.0010046394679002891}}