{"mean":{"confidence_interval":{"confidence_level":0.95,"lower_bound":-0.028251588787576755,"upper_bound":-0.025682014646865117},"point_estimate":-0.02690301510319959,"standard_error":0.0006603357221258813},"median":{"confidence_interval":{"confidence_level":0.95,"lower_bound":-0.0282214134929738,"upper_bound":-0.025522806932620212},"point_estimate":-0.026558590152518824,"standard_error":0.0007052684931939449}}