{"mean":{"confidence_interval":{"confidence_level":0.95,"lower_bound":-0.033654247618207525,"upper_bound":-0.030575360970213118},"point_estimate":-0.032093304780754894,"standard_error":0.0007845320216489261},"median":{"confidence_interval":{"confidence_level":0.95,"lower_bound":-0.03277371501797377,"upper_bound":-0.029983391206619192},"point_estimate":-0.03134622522915331,"standard_error":0.0006495739105553483}}