{"mean":{"confidence_interval":{"confidence_level":0.95,"lower_bound":-0.008057690794134788,"upper_bound":-0.005865129317714572},"point_estimate":-0.006982760280185074,"standard_error":0.0005576969769464792},"median":{"confidence_interval":{"confidence_level":0.95,"lower_bound":-0.008237594965706418,"upper_bound":-0.005861679307256315},"point_estimate":-0.006721305483316287,"standard_error":0.0006059288412367328}}