{"mean":{"confidence_interval":{"confidence_level":0.95,"lower_bound":0.002525451319266231,"upper_bound":0.0038036027971952435},"point_estimate":0.0031284549427863517,"standard_error":0.00032967976145566354},"median":{"confidence_interval":{"confidence_level":0.95,"lower_bound":0.002361754016999784,"upper_bound":0.004151586298059673},"point_estimate":0.003022478472798573,"standard_error":0.0005398227092882669}}