{"mean":{"confidence_interval":{"confidence_level":0.95,"lower_bound":-0.035760710881240734,"upper_bound":-0.0242075942365009},"point_estimate":-0.030094259666207157,"standard_error":0.0029563319294135027},"median":{"confidence_interval":{"confidence_level":0.95,"lower_bound":-0.03968005933479546,"upper_bound":-0.022998841792420954},"point_estimate":-0.029798298165772175,"standard_error":0.004336706304089639}}