{"mean":{"confidence_interval":{"confidence_level":0.95,"lower_bound":0.007182755052959409,"upper_bound":0.027634014975096488},"point_estimate":0.017039313557733138,"standard_error":0.005245138965091609},"median":{"confidence_interval":{"confidence_level":0.95,"lower_bound":-0.0005283105967512913,"upper_bound":0.03195529910498762},"point_estimate":0.014080051027785423,"standard_error":0.00811585217281257}}