{"mean":{"confidence_interval":{"confidence_level":0.95,"lower_bound":-0.009162722668339849,"upper_bound":-0.00039429659478813794},"point_estimate":-0.004421091725563708,"standard_error":0.0022597818160403956},"median":{"confidence_interval":{"confidence_level":0.95,"lower_bound":-0.006606226029129192,"upper_bound":0.0015066741277311503},"point_estimate":-0.0015671789478901577,"standard_error":0.002105351094037648}}