{"mean":{"confidence_interval":{"confidence_level":0.95,"lower_bound":-0.021805077980531065,"upper_bound":-0.01333680906601103},"point_estimate":-0.0166376839292679,"standard_error":0.0023346662123653423},"median":{"confidence_interval":{"confidence_level":0.95,"lower_bound":-0.016804538618895918,"upper_bound":-0.012492825268955121},"point_estimate":-0.013641600055018466,"standard_error":0.001301626997837611}}