{"mean":{"confidence_interval":{"confidence_level":0.95,"lower_bound":-0.022534568040337596,"upper_bound":-0.006270631693995524},"point_estimate":-0.014944094245938011,"standard_error":0.004157437909491759},"median":{"confidence_interval":{"confidence_level":0.95,"lower_bound":-0.025534510521207143,"upper_bound":-0.007053901174528532},"point_estimate":-0.013083243381702414,"standard_error":0.004497794606755804}}