{"mean":{"confidence_interval":{"confidence_level":0.95,"lower_bound":208588704.36666667,"upper_bound":210231315.81833333},"point_estimate":209377704.3,"standard_error":421019.88866858947},"median":{"confidence_interval":{"confidence_level":0.95,"lower_bound":208275339.66666666,"upper_bound":210313396.5},"point_estimate":209212851.0,"standard_error":578730.576685987},"median_abs_dev":{"confidence_interval":{"confidence_level":0.95,"lower_bound":312938.30684423447,"upper_bound":2399509.479600147},"point_estimate":1352994.296279557,"standard_error":528078.1532615426},"slope":null,"std_dev":{"confidence_interval":{"confidence_level":0.95,"lower_bound":736974.3419821447,"upper_bound":1814108.2153481068},"point_estimate":1401411.8063002955,"standard_error":284468.525801204}}