{"mean":{"confidence_interval":{"confidence_level":0.95,"lower_bound":-0.04601376331284417,"upper_bound":-0.028760623689333104},"point_estimate":-0.036342565817617634,"standard_error":0.004441921352733957},"median":{"confidence_interval":{"confidence_level":0.95,"lower_bound":-0.041185140624513505,"upper_bound":-0.028874886740447137},"point_estimate":-0.03666479000515088,"standard_error":0.0032405068414302998}}