{"mean":{"confidence_interval":{"confidence_level":0.95,"lower_bound":-0.011879666039434493,"upper_bound":0.009528474350192084},"point_estimate":-0.002443856080860729,"standard_error":0.005509924499329617},"median":{"confidence_interval":{"confidence_level":0.95,"lower_bound":-0.012687153638150095,"upper_bound":0.0007765305065898787},"point_estimate":-0.0076540194076266665,"standard_error":0.003226811089715048}}