{"mean":{"confidence_interval":{"confidence_level":0.95,"lower_bound":-0.016709716586473453,"upper_bound":-0.013395779452047694},"point_estimate":-0.015020996970367184,"standard_error":0.0008481599504896704},"median":{"confidence_interval":{"confidence_level":0.95,"lower_bound":-0.01773041013524046,"upper_bound":-0.012075967351481864},"point_estimate":-0.014806866923934958,"standard_error":0.0015509910066456897}}