{"mean":{"confidence_interval":{"confidence_level":0.95,"lower_bound":-0.006323743608115542,"upper_bound":-0.00523253682703638},"point_estimate":-0.005792100421037949,"standard_error":0.0002800343039281614},"median":{"confidence_interval":{"confidence_level":0.95,"lower_bound":-0.006623565036407264,"upper_bound":-0.00513617958679724},"point_estimate":-0.005608464849468642,"standard_error":0.0003867570745450085}}