{"mean":{"confidence_interval":{"confidence_level":0.95,"lower_bound":-0.0066952626556738715,"upper_bound":0.0024384853685221306},"point_estimate":-0.0031338623120047426,"standard_error":0.0022846964489362455},"median":{"confidence_interval":{"confidence_level":0.95,"lower_bound":-0.007106638296126455,"upper_bound":-0.0017586172349172147},"point_estimate":-0.006179152079122008,"standard_error":0.001301614140180147}}