{"mean":{"confidence_interval":{"confidence_level":0.95,"lower_bound":-0.007001708239709221,"upper_bound":-0.00009976265972819534},"point_estimate":-0.0034131298509244568,"standard_error":0.0017465198024125999},"median":{"confidence_interval":{"confidence_level":0.95,"lower_bound":-0.007289262416649467,"upper_bound":0.00021921007909608825},"point_estimate":-0.0030842183868068362,"standard_error":0.0020932666002425326}}