{"mean":{"confidence_interval":{"confidence_level":0.95,"lower_bound":-0.015364154620142246,"upper_bound":0.00496189614583667},"point_estimate":-0.005509765642066289,"standard_error":0.005231835507160105},"median":{"confidence_interval":{"confidence_level":0.95,"lower_bound":-0.0228070486976768,"upper_bound":0.006446461730151842},"point_estimate":-0.008041244716280094,"standard_error":0.007235648842829194}}