{"mean":{"confidence_interval":{"confidence_level":0.95,"lower_bound":-0.018519128306908387,"upper_bound":-0.016141282926705823},"point_estimate":-0.017371200736875814,"standard_error":0.0006039105037619859},"median":{"confidence_interval":{"confidence_level":0.95,"lower_bound":-0.018625879174092863,"upper_bound":-0.01661680277059341},"point_estimate":-0.017115737505039474,"standard_error":0.0005554070749236136}}