{"mean":{"confidence_interval":{"confidence_level":0.95,"lower_bound":-0.01012058064636431,"upper_bound":-0.0008948676634207455},"point_estimate":-0.0053999663029759,"standard_error":0.002354204102059662},"median":{"confidence_interval":{"confidence_level":0.95,"lower_bound":-0.0110016080865325,"upper_bound":0.0020592462966728675},"point_estimate":-0.004447012032478659,"standard_error":0.0036347437843646563}}