{"mean":{"confidence_interval":{"confidence_level":0.95,"lower_bound":-0.01563407396460105,"upper_bound":0.034076285059285685},"point_estimate":0.005845859359634664,"standard_error":0.012817656580561831},"median":{"confidence_interval":{"confidence_level":0.95,"lower_bound":-0.024194816674476982,"upper_bound":0.030064161148158464},"point_estimate":-0.005593465019801402,"standard_error":0.012924926519357158}}