{"mean":{"confidence_interval":{"confidence_level":0.95,"lower_bound":-0.014935620157509225,"upper_bound":-0.011787456255877788},"point_estimate":-0.013404881854400919,"standard_error":0.0008038483308782206},"median":{"confidence_interval":{"confidence_level":0.95,"lower_bound":-0.01595069635668811,"upper_bound":-0.011001081749300812},"point_estimate":-0.013210595502039402,"standard_error":0.0012542493016785383}}