{"mean":{"confidence_interval":{"confidence_level":0.95,"lower_bound":-0.03499805640633336,"upper_bound":-0.02924044419479948},"point_estimate":-0.03218507770006551,"standard_error":0.001466963385776387},"median":{"confidence_interval":{"confidence_level":0.95,"lower_bound":-0.03550888446143308,"upper_bound":-0.028565486538412954},"point_estimate":-0.030865324765378288,"standard_error":0.0018373727224201702}}