{"mean":{"confidence_interval":{"confidence_level":0.95,"lower_bound":-0.0017796857536167246,"upper_bound":0.006808835799314935},"point_estimate":0.002465676383644144,"standard_error":0.0022038799879735005},"median":{"confidence_interval":{"confidence_level":0.95,"lower_bound":-0.003985681227386961,"upper_bound":0.005489113136519563},"point_estimate":0.0034142420105682803,"standard_error":0.0027342292576013985}}