{"mean":{"confidence_interval":{"confidence_level":0.95,"lower_bound":-0.04950759142056765,"upper_bound":-0.036277580466240224},"point_estimate":-0.04289903083994728,"standard_error":0.0033847322368537737},"median":{"confidence_interval":{"confidence_level":0.95,"lower_bound":-0.052468887645489626,"upper_bound":-0.03434743349682279},"point_estimate":-0.04076696585134976,"standard_error":0.004746814875380672}}