{"mean":{"confidence_interval":{"confidence_level":0.95,"lower_bound":-0.020297383288770916,"upper_bound":-0.01551931009167422},"point_estimate":-0.017668487803633615,"standard_error":0.0012211189004266137},"median":{"confidence_interval":{"confidence_level":0.95,"lower_bound":-0.01820546207150453,"upper_bound":-0.01558311679544544},"point_estimate":-0.01711734204266724,"standard_error":0.0006282921207437909}}