{"mean":{"confidence_interval":{"confidence_level":0.95,"lower_bound":3894235.941448413,"upper_bound":3910433.952837302},"point_estimate":3902600.3535317457,"standard_error":4138.032042844006},"median":{"confidence_interval":{"confidence_level":0.95,"lower_bound":3897118.125,"upper_bound":3910470.506944444},"point_estimate":3903599.0773809524,"standard_error":3335.834444862798},"median_abs_dev":{"confidence_interval":{"confidence_level":0.95,"lower_bound":1717.3692382607655,"upper_bound":22397.524548197976},"point_estimate":8488.505099715543,"standard_error":5096.451206501612},"slope":{"confidence_interval":{"confidence_level":0.95,"lower_bound":3897780.196331522,"upper_bound":3914636.0327231213},"point_estimate":3903915.958225108,"standard_error":4545.285206761785},"std_dev":{"confidence_interval":{"confidence_level":0.95,"lower_bound":4648.144648254244,"upper_bound":19389.06284619528},"point_estimate":13733.31800666387,"standard_error":3671.7593078923337}}