{"mean":{"confidence_interval":{"confidence_level":0.95,"lower_bound":20411684.3481746,"upper_bound":20526832.69950357},"point_estimate":20466410.1745873,"standard_error":29618.882335434937},"median":{"confidence_interval":{"confidence_level":0.95,"lower_bound":20400409.240000002,"upper_bound":20525663.93888889},"point_estimate":20461671.752380952,"standard_error":25320.80906748129},"median_abs_dev":{"confidence_interval":{"confidence_level":0.95,"lower_bound":10481.454667248598,"upper_bound":167231.06599604973},"point_estimate":50996.08302563801,"standard_error":43340.50005119222},"slope":{"confidence_interval":{"confidence_level":0.95,"lower_bound":20388737.941449277,"upper_bound":20467895.047192845},"point_estimate":20427086.97974026,"standard_error":21114.395709207845},"std_dev":{"confidence_interval":{"confidence_level":0.95,"lower_bound":43756.4983329012,"upper_bound":132660.00566799633},"point_estimate":98666.46286127921,"standard_error":23480.911520386442}}