{"mean":{"confidence_interval":{"confidence_level":0.95,"lower_bound":0.0006206136315364493,"upper_bound":0.006853050853024927},"point_estimate":0.00400624997098431,"standard_error":0.0015741811872882806},"median":{"confidence_interval":{"confidence_level":0.95,"lower_bound":0.002872034795707634,"upper_bound":0.006128996937291076},"point_estimate":0.004750361930963232,"standard_error":0.0008497931975963184}}