{"mean":{"confidence_interval":{"confidence_level":0.95,"lower_bound":-0.01106611469761824,"upper_bound":-0.0072040322747678005},"point_estimate":-0.009168385378257482,"standard_error":0.0009834317284202919},"median":{"confidence_interval":{"confidence_level":0.95,"lower_bound":-0.010738353040541937,"upper_bound":-0.008067631434908296},"point_estimate":-0.009872647660975509,"standard_error":0.0006845409221388773}}