{"mean":{"confidence_interval":{"confidence_level":0.95,"lower_bound":2751932.327626263,"upper_bound":2758934.8881914383},"point_estimate":2755415.1601358824,"standard_error":1793.3018744985295},"median":{"confidence_interval":{"confidence_level":0.95,"lower_bound":2750523.293560606,"upper_bound":2760048.722943723},"point_estimate":2756196.9595959596,"standard_error":2414.497306053464},"median_abs_dev":{"confidence_interval":{"confidence_level":0.95,"lower_bound":1525.2322108004962,"upper_bound":10450.301669015676},"point_estimate":6795.098437014653,"standard_error":2386.0269877961878},"slope":{"confidence_interval":{"confidence_level":0.95,"lower_bound":2751032.929963975,"upper_bound":2761478.3033362525},"point_estimate":2755886.896103896,"standard_error":2724.0574869427996},"std_dev":{"confidence_interval":{"confidence_level":0.95,"lower_bound":3473.385359581343,"upper_bound":7477.898968678091},"point_estimate":5982.409912580313,"standard_error":1030.9930804659064}}