{"mean":{"confidence_interval":{"confidence_level":0.95,"lower_bound":-0.02986396364473009,"upper_bound":-0.026504852709837528},"point_estimate":-0.02814914901768084,"standard_error":0.0008546840919468651},"median":{"confidence_interval":{"confidence_level":0.95,"lower_bound":-0.030385612404123852,"upper_bound":-0.02405331785634479},"point_estimate":-0.028876140254613714,"standard_error":0.0014608059355250404}}