{"mean":{"confidence_interval":{"confidence_level":0.95,"lower_bound":-0.007256228737591566,"upper_bound":-0.005010697791315056},"point_estimate":-0.006122366372895649,"standard_error":0.0005727416005637952},"median":{"confidence_interval":{"confidence_level":0.95,"lower_bound":-0.006103008353349981,"upper_bound":-0.004247763790933723},"point_estimate":-0.00522851091120935,"standard_error":0.000485171089452887}}