{"mean":{"confidence_interval":{"confidence_level":0.95,"lower_bound":0.01904084137100217,"upper_bound":0.021894293745147175},"point_estimate":0.020379377092889728,"standard_error":0.0007267451919161545},"median":{"confidence_interval":{"confidence_level":0.95,"lower_bound":0.02015850225951632,"upper_bound":0.022469630684228026},"point_estimate":0.02121244509689979,"standard_error":0.0005673465260416932}}