{"mean":{"confidence_interval":{"confidence_level":0.95,"lower_bound":2621952.049887501,"upper_bound":2625307.906012501},"point_estimate":2623616.7210000004,"standard_error":858.801938086967},"median":{"confidence_interval":{"confidence_level":0.95,"lower_bound":2621913.0999999996,"upper_bound":2625181.75},"point_estimate":2623730.3,"standard_error":751.4602428067953},"median_abs_dev":{"confidence_interval":{"confidence_level":0.95,"lower_bound":6910.398477315903,"upper_bound":11301.822534352334},"point_estimate":9409.394862950263,"standard_error":1130.6602418375483},"slope":null,"std_dev":{"confidence_interval":{"confidence_level":0.95,"lower_bound":7357.474353644563,"upper_bound":9823.243701789777},"point_estimate":8624.105226505368,"standard_error":631.1511393573346}}