{"mean":{"confidence_interval":{"confidence_level":0.95,"lower_bound":0.013081672144800128,"upper_bound":0.016205547288894537},"point_estimate":0.014604455770377944,"standard_error":0.0008008356103359759},"median":{"confidence_interval":{"confidence_level":0.95,"lower_bound":0.009861004357380132,"upper_bound":0.02036539958084305},"point_estimate":0.012282124908720382,"standard_error":0.0023304154218691075}}