{"mean":{"confidence_interval":{"confidence_level":0.95,"lower_bound":-0.01278624715046848,"upper_bound":-0.00902142092851066},"point_estimate":-0.010950737831711632,"standard_error":0.0009649732504362037},"median":{"confidence_interval":{"confidence_level":0.95,"lower_bound":-0.01266939538508327,"upper_bound":-0.009789885153932087},"point_estimate":-0.01129069522790671,"standard_error":0.0007357065081120319}}