{"mean":{"confidence_interval":{"confidence_level":0.95,"lower_bound":-0.0022927008836222946,"upper_bound":-0.0003514107615790605},"point_estimate":-0.0013615251095754344,"standard_error":0.0004920503400675622},"median":{"confidence_interval":{"confidence_level":0.95,"lower_bound":-0.0020008896676200205,"upper_bound":0.00012287985534875645},"point_estimate":-0.0009885713337621782,"standard_error":0.000524285006804563}}