{"mean":{"confidence_interval":{"confidence_level":0.95,"lower_bound":0.009553356770395139,"upper_bound":0.013952546244465363},"point_estimate":0.011991657355369112,"standard_error":0.0011349536224475542},"median":{"confidence_interval":{"confidence_level":0.95,"lower_bound":0.012920548623390093,"upper_bound":0.016486817115467733},"point_estimate":0.014725135048306637,"standard_error":0.0009260696253405896}}