{"mean":{"confidence_interval":{"confidence_level":0.95,"lower_bound":-0.021339810129434696,"upper_bound":-0.018109685419467742},"point_estimate":-0.01977771421498531,"standard_error":0.0008186257453833139},"median":{"confidence_interval":{"confidence_level":0.95,"lower_bound":-0.020870236927598818,"upper_bound":-0.015235295292640005},"point_estimate":-0.019227211108145736,"standard_error":0.0017174691621397067}}