{"mean":{"confidence_interval":{"confidence_level":0.95,"lower_bound":-0.0025565513469733483,"upper_bound":0.00470055073175104},"point_estimate":0.0011874727633893745,"standard_error":0.0018514192807204033},"median":{"confidence_interval":{"confidence_level":0.95,"lower_bound":0.004406447567014249,"upper_bound":0.010438996705196768},"point_estimate":0.007674650292769591,"standard_error":0.0017343023431739737}}