{"mean":{"confidence_interval":{"confidence_level":0.95,"lower_bound":0.0001462270450785345,"upper_bound":0.006836280282866412},"point_estimate":0.0035661067317498407,"standard_error":0.0017017868451154848},"median":{"confidence_interval":{"confidence_level":0.95,"lower_bound":0.00800886449591287,"upper_bound":0.012315574034373044},"point_estimate":0.009753043973306008,"standard_error":0.0011906197831564169}}