{"mean":{"confidence_interval":{"confidence_level":0.95,"lower_bound":-0.014534385098504342,"upper_bound":-0.006259036559389878},"point_estimate":-0.010188610130126285,"standard_error":0.00211526051108165},"median":{"confidence_interval":{"confidence_level":0.95,"lower_bound":-0.004269834200828206,"upper_bound":-0.0007770297314168007},"point_estimate":-0.002258096190859704,"standard_error":0.0008909034166686168}}