{"mean":{"confidence_interval":{"confidence_level":0.95,"lower_bound":-0.012086296097415005,"upper_bound":-0.004982300279643405},"point_estimate":-0.00844209968187104,"standard_error":0.001813164612157582},"median":{"confidence_interval":{"confidence_level":0.95,"lower_bound":-0.0032831026083202097,"upper_bound":0.00004514957064083447},"point_estimate":-0.0009800804485926573,"standard_error":0.000910222586527139}}