{"mean":{"confidence_interval":{"confidence_level":0.95,"lower_bound":-0.0045844456463963535,"upper_bound":0.002579252158677048},"point_estimate":-0.0014661567330609415,"standard_error":0.0018554550212887475},"median":{"confidence_interval":{"confidence_level":0.95,"lower_bound":-0.0029572373762558612,"upper_bound":-0.001486836165144112},"point_estimate":-0.002234007273575256,"standard_error":0.0003660110160908442}}