{"mean":{"confidence_interval":{"confidence_level":0.95,"lower_bound":0.0032882013800352105,"upper_bound":0.006222942461761204},"point_estimate":0.004791858340041699,"standard_error":0.0007407306026489187},"median":{"confidence_interval":{"confidence_level":0.95,"lower_bound":0.0034758174011757514,"upper_bound":0.00546364402678301},"point_estimate":0.004601103592836386,"standard_error":0.0004999061935283767}}