{"mean":{"confidence_interval":{"confidence_level":0.95,"lower_bound":-0.008998086285291954,"upper_bound":-0.007168248180508614},"point_estimate":-0.008054509991307635,"standard_error":0.0004671371726413575},"median":{"confidence_interval":{"confidence_level":0.95,"lower_bound":-0.00927659038425166,"upper_bound":-0.006960679320337504},"point_estimate":-0.00829826310715398,"standard_error":0.00062944534840623}}