{"mean":{"confidence_interval":{"confidence_level":0.95,"lower_bound":-0.00207486401003763,"upper_bound":0.004332941706766307},"point_estimate":0.0006850870703054568,"standard_error":0.0017152509232796734},"median":{"confidence_interval":{"confidence_level":0.95,"lower_bound":-0.0021752922953316434,"upper_bound":-0.00019293603602732468},"point_estimate":-0.001304655281319178,"standard_error":0.0004735077805602184}}